CustomerId,CreditScore,Credit_Score_Rating,Geography,Gender,Age_Group,Tenure,Balance,Balance_Group,NumOfProducts,HasCrCard,IsActiveMember,EstimatedSalary,Salary_Group,Exited
15634602,619,Fair,France,Female,41-50,2,0,Zero Balance,1,1,1,101348.88,High Salary,1
15647311,608,Fair,Spain,Female,41-50,1,83807.86,Medium Balance,1,0,1,112542.58,High Salary,0
15619304,502,Poor,France,Female,41-50,8,159660.8,Very High Balance,3,1,0,113931.57,High Salary,1
15701354,699,Good,France,Female,31-40,1,0,Zero Balance,2,0,0,93826.63,Medium Salary,0
15737888,850,Excellent,Spain,Female,41-50,2,125510.82,High Balance,1,1,1,79084.1,Medium Salary,0
15574012,645,Fair,Spain,Male,41-50,8,113755.78,High Balance,2,1,0,149756.71,High Salary,1
15592531,822,Excellent,France,Male,41-50,7,0,Zero Balance,2,1,1,10062.8,Low Salary,0
15656148,376,Poor,Germany,Female,21-30,4,115046.74,High Balance,4,1,0,119346.88,High Salary,1
15792365,501,Poor,France,Male,41-50,4,142051.07,High Balance,2,0,1,74940.5,Medium Salary,0
15592389,684,Good,France,Male,21-30,2,134603.88,High Balance,1,1,1,71725.73,Medium Salary,0
15767821,528,Poor,France,Male,31-40,6,102016.72,High Balance,2,0,0,80181.12,Medium Salary,0
15737173,497,Poor,Spain,Male,21-30,3,0,Zero Balance,2,1,0,76390.01,Medium Salary,0
15632264,476,Poor,France,Female,31-40,10,0,Zero Balance,2,1,0,26260.98,Low Salary,0
15691483,549,Poor,France,Female,21-30,5,0,Zero Balance,2,0,0,190857.79,Very High salary,0
15600882,635,Fair,Spain,Female,31-40,7,0,Zero Balance,2,1,1,65951.65,Medium Salary,0
15643966,616,Fair,Germany,Male,41-50,3,143129.41,High Balance,2,0,1,64327.26,Medium Salary,0
15737452,653,Fair,Germany,Male,51-60,1,132602.88,High Balance,1,1,0,5097.67,Low Salary,1
15788218,549,Poor,Spain,Female,21-30,9,0,Zero Balance,2,1,1,14406.41,Low Salary,0
15661507,587,Fair,Spain,Male,41-50,6,0,Zero Balance,1,0,0,158684.81,Very High salary,0
15568982,726,Good,France,Female,21-30,6,0,Zero Balance,2,1,1,54724.03,Medium Salary,0
15577657,732,Good,France,Male,41-50,8,0,Zero Balance,2,1,1,170886.17,Very High salary,0
15597945,636,Fair,Spain,Female,31-40,8,0,Zero Balance,2,1,0,138555.46,High Salary,0
15699309,510,Poor,Spain,Female,31-40,4,0,Zero Balance,1,1,0,118913.53,High Salary,1
15725737,669,Fair,France,Male,41-50,3,0,Zero Balance,2,0,1,8487.75,Low Salary,0
15625047,846,Excellent,France,Female,31-40,5,0,Zero Balance,1,1,1,187616.16,Very High salary,0
15738191,577,Poor,France,Male,21-30,3,0,Zero Balance,2,0,1,124508.29,High Salary,0
15736816,756,Very Good,Germany,Male,31-40,2,136815.64,High Balance,1,1,1,170041.95,Very High salary,0
15700772,571,Poor,France,Male,41-50,9,0,Zero Balance,2,0,0,38433.35,Low Salary,0
15728693,574,Poor,Germany,Female,41-50,3,141349.43,High Balance,1,1,1,100187.43,High Salary,0
15656300,411,Poor,France,Male,21-30,0,59697.17,Medium Balance,2,1,1,53483.21,Medium Salary,0
15589475,591,Fair,Spain,Female,31-40,3,0,Zero Balance,3,1,0,140469.38,High Salary,1
15706552,533,Poor,France,Male,31-40,7,85311.7,Medium Balance,1,0,1,156731.91,Very High salary,0
15750181,553,Poor,Germany,Male,41-50,9,110112.54,High Balance,2,0,0,81898.81,Medium Salary,0
15659428,520,Poor,Spain,Female,41-50,6,0,Zero Balance,2,1,1,34410.55,Low Salary,0
15732963,722,Good,Spain,Female,21-30,9,0,Zero Balance,2,1,1,142033.07,High Salary,0
15794171,475,Poor,France,Female,41-50,0,134264.04,High Balance,1,1,0,27822.99,Low Salary,1
15788448,490,Poor,Spain,Male,31-40,3,145260.23,High Balance,1,0,1,114066.77,High Salary,0
15729599,804,Excellent,Spain,Male,31-40,7,76548.6,Medium Balance,1,0,1,98453.45,Medium Salary,0
15717426,850,Excellent,France,Male,31-40,7,0,Zero Balance,1,1,1,40812.9,Low Salary,0
15585768,582,Fair,Germany,Male,41-50,6,70349.48,Medium Balance,2,0,1,178074.04,Very High salary,0
15619360,472,Poor,Spain,Male,31-40,4,0,Zero Balance,1,1,0,70154.22,Medium Salary,0
15738148,465,Poor,France,Female,51-60,8,122522.32,High Balance,1,0,0,181297.65,Very High salary,1
15687946,556,Poor,France,Female,60+,2,117419.35,High Balance,1,1,1,94153.83,Medium Salary,0
15755196,834,Excellent,France,Female,41-50,2,131394.56,High Balance,1,0,0,194365.76,Very High salary,1
15684171,660,Fair,Spain,Female,60+,5,155931.11,Very High Balance,1,1,1,158338.39,Very High salary,0
15754849,776,Very Good,Germany,Female,31-40,4,109421.13,High Balance,2,1,1,126517.46,High Salary,0
15602280,829,Excellent,Germany,Female,21-30,9,112045.67,High Balance,1,1,1,119708.21,High Salary,1
15771573,637,Fair,Germany,Female,31-40,9,137843.8,High Balance,1,1,1,117622.8,High Salary,1
15766205,550,Poor,Germany,Male,31-40,2,103391.38,High Balance,1,0,1,90878.13,Medium Salary,0
15771873,776,Very Good,Germany,Female,31-40,2,103769.22,High Balance,2,1,0,194099.12,Very High salary,0
15616550,698,Good,Germany,Male,41-50,10,116363.37,High Balance,2,1,0,198059.16,Very High salary,0
15768193,585,Fair,Germany,Male,31-40,5,146050.97,High Balance,2,0,0,86424.57,Medium Salary,0
15683553,788,Very Good,France,Female,31-40,5,0,Zero Balance,2,0,0,116978.19,High Salary,0
15702298,655,Fair,Germany,Male,41-50,8,125561.97,High Balance,1,0,0,164040.94,Very High salary,1
15569590,601,Fair,Germany,Male,41-50,1,98495.72,Medium Balance,1,1,0,40014.76,Low Salary,1
15760861,619,Fair,France,Male,41-50,1,125211.92,High Balance,1,1,1,113410.49,High Salary,0
15630053,656,Fair,France,Male,41-50,5,127864.4,High Balance,1,1,0,87107.57,Medium Salary,0
15647091,725,Good,Germany,Male,0-20,0,75888.2,Medium Balance,1,0,0,45613.75,Low Salary,0
15623944,511,Poor,Spain,Female,60+,4,0,Zero Balance,1,1,0,1643.11,Low Salary,1
15804771,614,Fair,France,Male,51-60,4,40685.92,Low Balance,1,1,1,46775.28,Low Salary,0
15651280,742,Very Good,Germany,Male,31-40,5,136857,High Balance,1,0,0,84509.57,Medium Salary,0
15773469,687,Good,Germany,Female,21-30,9,152328.88,Very High Balance,2,0,0,126494.82,High Salary,0
15702014,555,Poor,Spain,Male,31-40,1,56084.69,Medium Balance,2,0,0,178798.13,Very High salary,0
15751208,684,Good,Spain,Male,51-60,8,78707.16,Medium Balance,1,1,1,99398.36,Medium Salary,0
15592461,603,Fair,Germany,Male,21-30,4,109166.37,High Balance,1,1,1,92840.67,Medium Salary,0
15789484,751,Very Good,Germany,Female,31-40,6,169831.46,Very High Balance,2,1,1,27758.36,Low Salary,0
15696061,581,Fair,Germany,Female,31-40,1,101633.04,High Balance,1,1,0,110431.51,High Salary,0
15641582,735,Good,Germany,Male,41-50,10,123180.01,High Balance,2,1,1,196673.28,Very High salary,0
15638424,661,Fair,Germany,Female,31-40,5,150725.53,Very High Balance,2,0,1,113656.85,High Salary,0
15755648,675,Good,France,Female,21-30,8,98373.26,Medium Balance,1,1,0,18203,Low Salary,0
15703793,738,Good,Germany,Male,51-60,2,133745.44,High Balance,4,1,0,28373.86,Low Salary,1
15620344,813,Excellent,France,Male,21-30,6,0,Zero Balance,1,1,0,33953.87,Low Salary,0
15812518,657,Fair,Spain,Female,31-40,0,163607.18,Very High Balance,1,0,1,44203.55,Low Salary,0
15779052,604,Fair,Germany,Female,21-30,5,157780.84,Very High Balance,2,1,1,58426.81,Medium Salary,0
15770811,519,Poor,France,Male,31-40,9,0,Zero Balance,2,0,1,145562.4,High Salary,0
15780961,735,Good,France,Female,21-30,1,178718.19,Very High Balance,2,1,0,22388,Low Salary,0
15614049,664,Fair,France,Male,51-60,8,0,Zero Balance,2,1,1,139161.64,High Salary,0
15662085,678,Good,France,Female,31-40,9,0,Zero Balance,1,1,1,148210.64,High Salary,0
15575185,757,Very Good,Spain,Male,31-40,5,77253.22,Medium Balance,1,0,1,194239.63,Very High salary,0
15803136,416,Poor,Germany,Female,41-50,10,122189.66,High Balance,2,1,0,98301.61,Medium Salary,0
15706021,665,Fair,France,Female,31-40,1,96645.54,Medium Balance,2,0,0,171413.66,Very High salary,0
15663706,777,Very Good,France,Female,31-40,2,0,Zero Balance,1,1,0,136458.19,High Salary,1
15641732,543,Poor,France,Female,31-40,3,0,Zero Balance,2,0,0,26019.59,Low Salary,0
15701164,506,Poor,France,Female,31-40,4,90307.62,Medium Balance,1,1,1,159235.29,Very High salary,0
15738751,493,Poor,France,Female,41-50,4,0,Zero Balance,2,1,0,1907.66,Low Salary,0
15805254,652,Fair,Spain,Female,60+,10,0,Zero Balance,2,1,1,114675.75,High Salary,0
15762418,750,Very Good,Spain,Male,21-30,3,121681.82,High Balance,1,1,0,128643.35,High Salary,1
15625759,729,Good,France,Male,21-30,9,0,Zero Balance,2,1,0,151869.35,Very High salary,0
15622897,646,Fair,France,Female,41-50,4,0,Zero Balance,3,1,0,93251.42,Medium Salary,1
15767954,635,Fair,Germany,Female,21-30,3,81623.67,Medium Balance,2,1,1,156791.36,Very High salary,0
15757535,647,Fair,Spain,Female,41-50,5,0,Zero Balance,3,1,1,174205.22,Very High salary,1
15731511,808,Excellent,France,Male,41-50,7,118626.55,High Balance,2,1,0,147132.46,High Salary,0
15809248,524,Poor,France,Female,31-40,10,0,Zero Balance,2,1,0,109614.57,High Salary,0
15640635,769,Very Good,France,Male,21-30,8,0,Zero Balance,2,1,1,172290.61,Very High salary,0
15676966,730,Good,Spain,Male,41-50,4,0,Zero Balance,2,0,1,85982.47,Medium Salary,0
15699461,515,Poor,Spain,Male,31-40,10,176273.95,Very High Balance,1,0,1,121277.78,High Salary,0
15738721,773,Very Good,Spain,Male,41-50,9,102827.44,High Balance,1,0,1,64595.25,Medium Salary,0
15693683,814,Excellent,Germany,Male,21-30,8,97086.4,Medium Balance,2,1,1,197276.13,Very High salary,0
15604348,710,Good,Spain,Male,21-30,8,0,Zero Balance,2,0,0,99645.04,Medium Salary,0
15633059,413,Poor,France,Male,31-40,9,0,Zero Balance,2,0,0,6534.18,Low Salary,0
15808582,665,Fair,France,Female,31-40,6,0,Zero Balance,1,1,1,161848.03,Very High salary,0
15743192,623,Fair,France,Female,41-50,6,0,Zero Balance,2,0,0,167162.43,Very High salary,0
15580146,738,Good,France,Male,31-40,9,82674.15,Medium Balance,1,1,0,41970.72,Low Salary,0
15776605,528,Poor,Spain,Male,31-40,7,0,Zero Balance,2,1,0,60536.56,Medium Salary,0
15804919,670,Good,Spain,Female,60+,1,0,Zero Balance,1,1,1,177655.68,Very High salary,1
15613854,622,Fair,Spain,Female,41-50,4,107073.27,High Balance,2,1,1,30984.59,Low Salary,1
15599195,582,Fair,Germany,Male,31-40,1,88938.62,Medium Balance,1,1,1,10054.53,Low Salary,0
15812878,785,Very Good,Germany,Female,31-40,2,99806.85,Medium Balance,1,0,1,36976.52,Low Salary,0
15602312,605,Fair,Spain,Male,31-40,5,150092.8,Very High Balance,1,0,0,71862.79,Medium Salary,0
15744689,479,Poor,Germany,Male,31-40,9,92833.89,Medium Balance,1,1,0,99449.86,Medium Salary,1
15803526,685,Good,Germany,Male,21-30,3,90536.81,Medium Balance,1,0,1,63082.88,Medium Salary,0
15665790,538,Poor,Germany,Male,31-40,7,108055.1,High Balance,2,1,0,27231.26,Low Salary,0
15715951,562,Poor,France,Male,41-50,2,100238.35,High Balance,1,0,0,86797.41,Medium Salary,0
15591100,675,Good,Spain,Male,31-40,9,106190.55,High Balance,1,0,1,22994.32,Low Salary,0
15609618,721,Good,Germany,Male,21-30,9,154475.54,Very High Balance,2,0,1,101300.94,High Salary,1
15675522,628,Fair,Germany,Female,21-30,9,132351.29,High Balance,2,1,1,74169.13,Medium Salary,0
15705512,668,Fair,Germany,Female,31-40,6,167864.4,Very High Balance,1,1,0,115638.29,High Salary,0
15698028,506,Poor,France,Female,41-50,1,0,Zero Balance,2,1,0,31766.3,Low Salary,0
15661670,524,Poor,Germany,Female,31-40,8,107818.63,High Balance,1,1,0,199725.39,Very High salary,1
15600781,699,Good,Germany,Male,31-40,4,185173.81,Very High Balance,2,1,0,120834.48,High Salary,0
15682472,828,Excellent,France,Male,31-40,8,129433.34,High Balance,2,0,0,38131.77,Low Salary,0
15580203,674,Good,Spain,Male,31-40,6,120193.42,High Balance,1,0,0,100130.95,High Salary,0
15690673,656,Fair,France,Female,31-40,6,0,Zero Balance,2,1,0,141069.88,High Salary,0
15760085,684,Good,Germany,Female,41-50,10,126384.42,High Balance,1,1,1,198129.36,Very High salary,0
15779659,625,Fair,France,Female,21-30,3,0,Zero Balance,1,0,0,183646.41,Very High salary,0
15627360,432,Poor,France,Male,41-50,9,152603.45,Very High Balance,1,1,0,110265.24,High Salary,1
15671137,549,Poor,France,Female,51-60,1,0,Zero Balance,1,0,1,8636.05,Low Salary,1
15782688,625,Fair,Germany,Male,51-60,0,148507.24,High Balance,1,1,0,46824.08,Low Salary,1
15575492,828,Excellent,France,Female,41-50,7,0,Zero Balance,2,1,0,171378.77,Very High salary,0
15591607,770,Very Good,France,Male,21-30,9,101827.07,High Balance,1,1,0,167256.35,Very High salary,0
15740404,758,Very Good,France,Female,31-40,3,0,Zero Balance,2,1,1,124226.16,High Salary,0
15718369,795,Very Good,Germany,Female,31-40,9,130862.43,High Balance,1,1,1,114935.21,High Salary,0
15677871,687,Good,France,Male,31-40,9,122570.87,High Balance,1,1,1,35608.88,Low Salary,0
15642004,686,Good,France,Male,21-30,1,0,Zero Balance,2,0,1,16459.37,Low Salary,0
15712543,789,Very Good,Germany,Male,31-40,7,124828.46,High Balance,2,1,1,124411.08,High Salary,0
15584518,589,Fair,Germany,Female,41-50,5,144895.05,High Balance,2,1,1,34941.23,Low Salary,0
15802381,461,Poor,Germany,Female,31-40,5,63663.93,Medium Balance,1,0,1,167784.28,Very High salary,0
15610156,637,Fair,France,Male,31-40,2,133463.1,High Balance,1,0,1,93165.34,Medium Salary,0
15594408,584,Fair,Spain,Female,41-50,2,213146.2,Very High Balance,1,1,0,75161.25,Medium Salary,1
15640905,579,Poor,Spain,Female,31-40,1,129490.36,High Balance,2,0,1,8590.83,Low Salary,1
15698932,756,Very Good,Germany,Male,41-50,10,137452.09,High Balance,1,1,0,189543.9,Very High salary,0
15724944,663,Fair,France,Male,31-40,7,0,Zero Balance,2,1,1,180427.24,Very High salary,0
15628145,682,Good,France,Female,41-50,5,125851.93,High Balance,1,1,1,193318.33,Very High salary,0
15713483,793,Very Good,Spain,Male,51-60,2,0,Zero Balance,1,1,0,159123.82,Very High salary,1
15612350,691,Good,France,Female,31-40,5,40915.55,Low Balance,1,1,0,126213.84,High Salary,1
15800703,485,Poor,Spain,Female,21-30,5,113157.22,High Balance,1,1,1,54141.5,Medium Salary,0
15705707,635,Fair,Spain,Female,21-30,8,138296.94,High Balance,2,1,0,141075.51,High Salary,0
15754105,650,Fair,France,Male,31-40,5,106967.18,High Balance,1,0,0,24495.03,Low Salary,0
15703264,735,Good,France,Male,41-50,9,120681.63,High Balance,1,1,0,74836.34,Medium Salary,0
15794413,416,Poor,France,Male,31-40,0,0,Zero Balance,2,0,1,878.87,Low Salary,0
15650237,754,Very Good,Spain,Female,31-40,7,0,Zero Balance,2,1,0,89520.75,Medium Salary,0
15759618,535,Poor,France,Female,41-50,9,0,Zero Balance,1,1,0,149892.79,High Salary,1
15811589,716,Good,Spain,Male,41-50,8,0,Zero Balance,2,1,0,180800.42,Very High salary,0
15689044,539,Poor,France,Male,31-40,2,127609.59,High Balance,1,1,0,98646.22,Medium Salary,0
15709368,614,Fair,France,Female,41-50,6,0,Zero Balance,2,1,1,109041.53,High Salary,0
15679145,706,Good,Spain,Male,51-60,7,0,Zero Balance,1,1,0,17941.16,Low Salary,1
15655007,758,Very Good,France,Female,31-40,7,0,Zero Balance,2,0,0,82996.47,Medium Salary,0
15623595,586,Fair,Spain,Female,21-30,2,0,Zero Balance,2,1,1,92067.35,Medium Salary,0
15589975,646,Fair,France,Female,60+,6,97259.25,Medium Balance,1,0,1,104719.66,High Salary,0
15804017,631,Fair,Germany,Female,31-40,4,123246.7,High Balance,1,0,0,112687.57,High Salary,0
15692132,717,Good,Spain,Female,21-30,6,101060.25,High Balance,1,0,1,84699.56,Medium Salary,0
15641122,684,Good,France,Male,21-30,2,0,Zero Balance,2,1,0,83473.82,Medium Salary,0
15630910,800,Excellent,France,Female,41-50,7,108007.36,High Balance,1,0,0,47125.11,Low Salary,0
15680772,721,Good,Spain,Female,31-40,2,0,Zero Balance,2,1,1,106977.8,High Salary,0
15658929,683,Good,Spain,Male,21-30,0,133702.89,High Balance,1,1,0,55582.54,Medium Salary,1
15585388,660,Fair,Germany,Male,31-40,9,125189.75,High Balance,2,1,1,139874.43,High Salary,0
15724623,704,Good,Germany,Female,21-30,7,113034.22,High Balance,1,1,0,162503.48,Very High salary,1
15588537,615,Fair,Spain,Female,41-50,9,109013.23,High Balance,1,1,0,196499.96,Very High salary,0
15574692,667,Fair,Spain,Female,31-40,2,0,Zero Balance,2,1,0,40721.24,Low Salary,1
15611325,682,Good,Germany,Male,21-30,9,57929.81,Medium Balance,2,0,0,53134.3,Medium Salary,0
15587562,484,Poor,France,Female,21-30,4,130114.39,High Balance,1,1,0,164017.89,Very High salary,0
15613172,628,Fair,Germany,Male,21-30,5,95826.49,Medium Balance,2,1,0,155996.96,Very High salary,0
15651022,480,Poor,Germany,Male,41-50,10,129608.57,High Balance,1,1,0,5472.7,Low Salary,1
15586310,578,Poor,France,Male,21-30,4,169462.09,Very High Balance,1,1,0,112187.11,High Salary,0
15625524,512,Poor,France,Male,31-40,5,0,Zero Balance,2,1,1,146457.83,High Salary,0
15755209,484,Poor,Spain,Female,31-40,7,133868.21,High Balance,1,1,1,27286.1,Low Salary,0
15645248,510,Poor,France,Female,21-30,0,0,Zero Balance,2,1,1,130553.47,High Salary,0
15790355,606,Fair,Germany,Male,31-40,5,190479.48,Very High Balance,2,0,0,179351.89,Very High salary,0
15762615,597,Fair,Spain,Female,31-40,8,101993.12,High Balance,1,0,1,94774.12,Medium Salary,0
15625426,754,Very Good,Germany,Female,51-60,3,161608.81,Very High Balance,1,1,0,8080.85,Low Salary,1
15716334,850,Excellent,Spain,Female,41-50,2,122311.21,High Balance,1,1,1,19482.5,Low Salary,0
15789669,510,Poor,France,Male,60+,2,0,Zero Balance,2,1,1,48071.61,Low Salary,0
15621075,778,Very Good,Germany,Female,41-50,1,162150.42,Very High Balance,2,1,0,174531.27,Very High salary,0
15810845,636,Fair,France,Male,41-50,2,0,Zero Balance,2,1,1,55470.78,Medium Salary,0
15719377,804,Excellent,France,Female,41-50,4,0,Zero Balance,1,1,1,8546.87,Low Salary,1
15654506,514,Poor,France,Male,31-40,8,0,Zero Balance,2,1,0,95857.18,Medium Salary,0
15771977,730,Good,France,Female,31-40,1,99010.67,Medium Balance,1,1,0,194945.8,Very High salary,0
15708710,525,Poor,Spain,Female,31-40,0,0,Zero Balance,1,0,1,131521.72,High Salary,0
15726676,616,Fair,Spain,Male,21-30,5,0,Zero Balance,2,0,1,196108.51,Very High salary,0
15587421,687,Good,Germany,Female,31-40,7,111388.18,High Balance,2,1,0,148564.76,High Salary,0
15726931,715,Good,France,Female,41-50,8,56214.85,Medium Balance,2,0,0,92982.61,Medium Salary,1
15771086,512,Poor,France,Female,31-40,3,84327.77,Medium Balance,2,1,0,17675.36,Low Salary,0
15756850,479,Poor,France,Male,31-40,1,0,Zero Balance,2,0,0,114996.43,High Salary,0
15702741,601,Fair,France,Male,31-40,8,93012.89,Medium Balance,1,1,0,86957.42,Medium Salary,0
15679200,580,Fair,Spain,Male,21-30,9,61710.44,Medium Balance,2,1,0,128077.8,High Salary,0
15594815,807,Excellent,France,Male,31-40,3,174790.15,Very High Balance,1,1,1,600.36,Low Salary,0
15635905,616,Fair,Spain,Female,31-40,6,0,Zero Balance,2,1,1,43001.46,Low Salary,0
15777892,721,Good,Germany,Male,31-40,3,107720.64,High Balance,1,1,1,158591.12,Very High salary,0
15656176,501,Poor,France,Male,51-60,10,0,Zero Balance,2,1,1,47847.19,Low Salary,0
15811127,521,Poor,France,Male,31-40,6,96423.84,Medium Balance,1,1,0,10488.44,Low Salary,0
15604482,850,Excellent,Spain,Male,21-30,2,141040.01,High Balance,1,1,1,5978.2,Low Salary,0
15622911,759,Very Good,France,Male,41-50,4,105420.18,High Balance,1,0,1,121409.06,High Salary,0
15600974,516,Poor,Spain,Male,41-50,5,0,Zero Balance,1,0,1,146145.93,High Salary,1
15727868,711,Good,France,Female,31-40,2,129022.06,High Balance,2,1,1,14374.86,Low Salary,1
15627801,512,Poor,Spain,Male,31-40,3,176666.62,Very High Balance,1,1,0,94670.77,Medium Salary,0
15773039,550,Poor,France,Male,31-40,3,0,Zero Balance,1,1,1,179670.31,Very High salary,0
15755262,608,Fair,Spain,Female,41-50,3,89763.84,Medium Balance,1,0,0,199304.74,Very High salary,1
15679531,618,Fair,France,Male,31-40,5,134954.53,High Balance,1,1,1,151954.39,Very High salary,0
15684181,643,Fair,France,Male,41-50,5,0,Zero Balance,1,1,0,142513.5,High Salary,1
15612087,671,Good,France,Male,41-50,2,106376.85,High Balance,1,0,1,158264.62,Very High salary,0
15752047,689,Good,Germany,Male,31-40,2,161814.64,Very High Balance,2,1,0,169381.9,Very High salary,0
15624592,603,Fair,France,Male,31-40,8,0,Zero Balance,2,1,1,169915.02,Very High salary,0
15573152,620,Fair,France,Female,41-50,9,0,Zero Balance,2,0,0,88852.47,Medium Salary,0
15594917,676,Good,France,Female,31-40,1,63095.01,Medium Balance,1,1,1,40645.81,Low Salary,0
15785542,572,Poor,Germany,Male,21-30,4,118287.01,High Balance,2,0,0,60427.3,Medium Salary,0
15723488,668,Fair,Germany,Male,41-50,7,106854.21,High Balance,1,0,1,157959.02,Very High salary,1
15680920,695,Good,France,Male,41-50,7,49512.55,Low Balance,1,1,0,133007.34,High Salary,0
15786308,730,Good,Spain,Female,31-40,9,0,Zero Balance,2,0,0,176576.62,Very High salary,0
15659366,807,Excellent,France,Male,41-50,1,105799.32,High Balance,2,1,0,34888.04,Low Salary,1
15774854,592,Fair,France,Male,51-60,8,0,Zero Balance,1,1,1,28737.71,Low Salary,1
15725311,726,Good,France,Female,31-40,9,114722.05,High Balance,2,1,1,98178.57,Medium Salary,0
15787155,514,Poor,Spain,Male,21-30,7,0,Zero Balance,1,0,1,125010.24,High Salary,0
15727829,567,Poor,France,Male,41-50,2,0,Zero Balance,2,1,1,167984.61,Very High salary,0
15733247,850,Excellent,France,Male,31-40,10,0,Zero Balance,1,1,0,4861.72,Low Salary,1
15568748,671,Good,Germany,Male,41-50,6,99564.22,Medium Balance,1,1,1,108872.45,High Salary,1
15699029,670,Good,France,Male,31-40,4,170557.91,Very High Balance,2,1,0,198252.88,Very High salary,0
15774393,694,Good,France,Female,21-30,9,0,Zero Balance,2,1,1,26960.31,Low Salary,0
15676895,547,Poor,Germany,Female,31-40,6,74596.15,Medium Balance,3,1,1,85746.52,Medium Salary,1
15637753,751,Very Good,Germany,Male,41-50,2,96888.39,Medium Balance,1,1,0,77206.25,Medium Salary,1
15605461,594,Fair,Germany,Female,21-30,3,130830.22,High Balance,1,1,0,61048.53,Medium Salary,0
15808473,673,Good,France,Male,60+,1,0,Zero Balance,2,0,1,111981.19,High Salary,0
15627000,610,Fair,France,Male,31-40,0,0,Zero Balance,2,1,0,62232.6,Medium Salary,0
15787174,512,Poor,France,Female,31-40,1,0,Zero Balance,2,0,1,156105.03,Very High salary,0
15723886,767,Very Good,Germany,Male,0-20,3,119714.25,High Balance,2,0,1,150135.38,Very High salary,0
15704769,585,Fair,France,Female,60+,5,113978.97,High Balance,2,0,1,93146.11,Medium Salary,0
15772896,763,Very Good,Germany,Male,41-50,6,100160.75,High Balance,1,1,0,33462.94,Low Salary,1
15711540,712,Good,France,Female,21-30,2,0,Zero Balance,1,1,1,144375,High Salary,0
15764866,539,Poor,Germany,Female,41-50,3,116220.5,High Balance,3,1,0,55803.96,Medium Salary,1
15794056,668,Fair,France,Female,41-50,2,0,Zero Balance,3,1,0,89048.46,Medium Salary,1
15795149,703,Good,France,Male,21-30,2,81173.83,Medium Balance,2,0,1,162812.16,Very High salary,0
15812009,662,Fair,Spain,Male,31-40,4,0,Zero Balance,2,1,0,136259.65,High Salary,0
15651001,725,Good,Germany,Female,31-40,5,116803.8,High Balance,1,1,0,124052.97,High Salary,0
15813844,703,Good,France,Male,31-40,8,105961.68,High Balance,2,0,1,74158.8,Medium Salary,0
15596175,659,Fair,Germany,Male,60+,6,117411.6,High Balance,1,1,1,45071.09,Low Salary,1
15576269,523,Poor,Spain,Male,31-40,7,0,Zero Balance,2,1,0,62030.06,Medium Salary,0
15797219,635,Fair,France,Female,31-40,10,123497.58,High Balance,1,1,0,131953.23,High Salary,1
15685500,772,Very Good,Germany,Male,21-30,7,152400.51,Very High Balance,2,1,0,79414,Medium Salary,0
15599792,545,Poor,France,Female,21-30,1,0,Zero Balance,2,1,1,199638.56,Very High salary,0
15657566,634,Fair,Germany,Male,21-30,8,103097.85,High Balance,1,1,1,157577.29,Very High salary,0
15772423,739,Good,Germany,Male,51-60,8,126418.14,High Balance,1,1,0,134420.75,High Salary,1
15628112,771,Very Good,Germany,Female,31-40,5,77846.9,Medium Balance,1,0,0,99805.99,Medium Salary,0
15753754,587,Fair,Spain,Female,31-40,1,0,Zero Balance,2,1,1,97932.68,Medium Salary,0
15793726,681,Good,France,Female,60+,0,0,Zero Balance,2,0,1,170968.99,Very High salary,0
15694717,544,Poor,Germany,Male,31-40,2,79731.91,Medium Balance,1,1,1,57558.95,Medium Salary,0
15665834,696,Good,Spain,Male,21-30,8,0,Zero Balance,1,0,0,176713.47,Very High salary,0
15765297,766,Very Good,Spain,Male,41-50,0,0,Zero Balance,2,0,1,34283.23,Low Salary,0
15636684,727,Good,France,Male,31-40,10,0,Zero Balance,2,1,1,198637.34,Very High salary,0
15592979,671,Good,Germany,Female,31-40,6,37266.67,Low Balance,2,0,0,156917.12,Very High salary,0
15750803,693,Good,France,Female,21-30,6,127992.25,High Balance,1,1,1,50457.2,Medium Salary,0
15607178,850,Excellent,Germany,Male,31-40,3,54901.01,Medium Balance,1,1,1,140075.55,High Salary,0
15713853,732,Good,Germany,Male,41-50,9,108748.08,High Balance,2,1,1,65323.11,Medium Salary,0
15673481,726,Good,Spain,Female,41-50,6,99906.19,Medium Balance,1,1,0,64323.24,Medium Salary,0
15686776,557,Poor,France,Female,31-40,6,184686.41,Very High Balance,2,1,0,14956.44,Low Salary,0
15673693,682,Good,France,Female,21-30,0,110654.02,High Balance,1,0,1,111879.21,High Salary,0
15700696,738,Good,Spain,Male,31-40,9,79019.8,Medium Balance,1,1,1,18606.23,Low Salary,0
15813163,531,Poor,Spain,Female,31-40,9,99240.51,Medium Balance,1,1,0,123137.01,High Salary,0
15653857,498,Poor,France,Male,31-40,2,0,Zero Balance,2,1,1,148528.24,High Salary,0
15777076,651,Fair,France,Male,31-40,7,0,Zero Balance,2,1,0,13898.31,Low Salary,0
15717398,549,Poor,Spain,Female,31-40,7,0,Zero Balance,1,0,0,81259.25,Medium Salary,1
15799217,791,Very Good,Germany,Female,31-40,7,52436.2,Medium Balance,1,1,0,161051.75,Very High salary,0
15787071,650,Fair,Spain,Male,41-50,9,0,Zero Balance,2,0,1,191599.67,Very High salary,0
15619955,733,Good,Germany,Male,31-40,3,100337.96,High Balance,3,1,0,48559.19,Low Salary,1
15796505,811,Excellent,Germany,Female,31-40,1,149297.19,High Balance,2,1,1,186339.74,Very High salary,0
15725166,707,Good,France,Male,21-30,8,0,Zero Balance,2,1,0,33159.37,Low Salary,0
15800116,712,Good,Germany,Male,21-30,4,145605.44,High Balance,1,0,1,93883.53,Medium Salary,0
15758685,706,Good,Spain,Female,31-40,7,0,Zero Balance,2,1,1,110899.3,High Salary,0
15694456,756,Very Good,France,Male,60+,3,0,Zero Balance,1,1,1,11199.04,Low Salary,1
15767339,777,Very Good,France,Female,51-60,10,0,Zero Balance,2,1,0,189992.97,Very High salary,0
15683562,646,Fair,France,Male,31-40,6,84026.86,Medium Balance,1,0,1,164255.69,Very High salary,0
15782210,714,Good,France,Male,41-50,1,0,Zero Balance,1,1,0,152167.79,Very High salary,1
15668893,782,Very Good,France,Male,31-40,8,0,Zero Balance,2,1,1,33949.67,Low Salary,0
15669169,775,Very Good,Spain,Male,21-30,10,0,Zero Balance,2,1,1,68143.93,Medium Salary,0
15643024,479,Poor,Germany,Male,31-40,4,138718.92,High Balance,1,1,1,47251.79,Low Salary,1
15699389,807,Excellent,France,Male,41-50,7,118274.71,High Balance,1,1,1,25885.72,Low Salary,0
15708608,799,Very Good,France,Female,21-30,8,174185.98,Very High Balance,2,0,1,192633.85,Very High salary,0
15626144,675,Good,France,Male,31-40,7,113208.86,High Balance,2,1,0,34577.36,Low Salary,0
15573112,602,Fair,Spain,Male,21-30,5,103907.28,High Balance,1,1,0,161229.84,Very High salary,0
15790678,475,Poor,France,Female,31-40,8,119023.28,High Balance,1,1,0,100816.29,High Salary,0
15727556,744,Very Good,Spain,Female,21-30,5,166297.89,Very High Balance,1,1,1,181694.44,Very High salary,0
15697307,588,Fair,Spain,Male,31-40,10,0,Zero Balance,2,1,0,79078.91,Medium Salary,0
15652266,703,Good,Germany,Male,41-50,9,63227,Medium Balance,1,0,1,137316.32,High Salary,0
15607098,747,Very Good,Spain,Female,41-50,5,94521.17,Medium Balance,2,1,0,194926.86,Very High salary,0
15655774,583,Fair,France,Male,21-30,7,0,Zero Balance,2,1,0,51285.49,Medium Salary,0
15590241,750,Very Good,Spain,Female,31-40,9,112822.26,High Balance,1,0,0,150401.53,Very High salary,1
15785819,681,Good,France,Male,31-40,3,0,Zero Balance,2,1,1,112491.96,High Salary,0
15723654,773,Very Good,France,Male,21-30,2,135903.33,High Balance,1,1,0,73656.38,Medium Salary,0
15774510,714,Good,France,Female,31-40,4,125169.26,High Balance,1,1,1,106636.89,High Salary,0
15684173,687,Good,Spain,Female,41-50,7,0,Zero Balance,3,1,0,155853.52,Very High salary,1
15650068,511,Poor,France,Male,51-60,0,149117.31,High Balance,1,1,1,162599.51,Very High salary,0
15811490,627,Fair,France,Male,31-40,5,0,Zero Balance,2,1,1,103737.82,High Salary,0
15803976,694,Good,France,Female,31-40,10,0,Zero Balance,2,1,0,160990.27,Very High salary,0
15682541,616,Fair,Spain,Female,31-40,6,132311.71,High Balance,1,0,0,15462.84,Low Salary,0
15695699,687,Good,France,Male,31-40,8,0,Zero Balance,2,1,0,10334.05,Low Salary,0
15624188,712,Good,France,Female,31-40,6,0,Zero Balance,2,1,1,190686.16,Very High salary,0
15812191,553,Poor,France,Male,31-40,4,118082.89,High Balance,1,0,0,94440.45,Medium Salary,0
15636673,667,Fair,France,Male,31-40,1,119266.69,High Balance,1,1,1,28257.63,Low Salary,0
15594898,731,Good,France,Male,41-50,2,0,Zero Balance,1,1,1,170034.95,Very High salary,1
15660211,629,Fair,Germany,Male,31-40,7,156847.29,Very High Balance,2,1,0,31824.29,Low Salary,0
15773972,614,Fair,France,Male,41-50,4,137104.47,High Balance,1,1,0,127166.49,High Salary,1
15746726,438,Poor,Germany,Male,31-40,8,78398.69,Medium Balance,1,1,0,44937.01,Low Salary,0
15712287,652,Fair,France,Female,60+,4,0,Zero Balance,2,1,1,188603.07,Very High salary,0
15702919,729,Good,Germany,Male,21-30,6,63669.42,Medium Balance,1,1,0,145111.37,High Salary,0
15674398,642,Fair,France,Male,31-40,3,0,Zero Balance,2,0,0,171463.83,Very High salary,0
15797960,806,Excellent,Germany,Female,51-60,0,135296.33,High Balance,1,1,0,182822.5,Very High salary,0
15631868,744,Very Good,Spain,Male,31-40,2,153804.44,Very High Balance,1,1,1,87213.33,Medium Salary,0
15581539,474,Poor,Spain,Male,31-40,3,0,Zero Balance,2,0,0,57175.32,Medium Salary,0
15662736,559,Poor,France,Male,41-50,2,147069.78,High Balance,1,1,0,120540.83,High Salary,1
15666252,706,Good,Spain,Male,41-50,9,0,Zero Balance,2,1,1,28714.34,Low Salary,0
15677512,628,Fair,Spain,Female,21-30,3,0,Zero Balance,1,1,0,85426.28,Medium Salary,0
15626114,429,Poor,France,Male,21-30,4,95741.75,Medium Balance,1,1,0,46170.75,Low Salary,0
15810834,525,Poor,Spain,Female,51-60,2,145965.33,High Balance,1,1,1,64448.36,Medium Salary,0
15678910,680,Good,France,Female,21-30,8,141441.75,High Balance,1,1,1,16278.97,Low Salary,0
15694408,749,Very Good,France,Male,31-40,1,139290.41,High Balance,1,1,0,182855.42,Very High salary,1
15585215,763,Very Good,France,Female,31-40,4,0,Zero Balance,2,0,0,50404.72,Medium Salary,0
15682757,734,Good,France,Male,21-30,3,0,Zero Balance,2,1,0,107640.25,High Salary,0
15736601,716,Good,France,Male,31-40,4,144428.87,High Balance,1,1,0,134132.65,High Salary,0
15601848,594,Fair,France,Male,31-40,2,0,Zero Balance,2,1,0,103480.69,High Salary,0
15736008,644,Fair,France,Female,41-50,9,95441.27,Medium Balance,1,1,0,108761.05,High Salary,1
15669064,671,Good,Germany,Male,31-40,1,144848.74,High Balance,1,1,1,179012.3,Very High salary,0
15624528,664,Fair,Germany,Male,21-30,7,116244.14,High Balance,2,1,1,95145.14,Medium Salary,0
15598493,656,Fair,France,Male,41-50,7,0,Zero Balance,2,0,1,72143.44,Medium Salary,0
15601274,667,Fair,Spain,Female,31-40,1,146502.07,High Balance,1,1,0,19162.89,Low Salary,0
15702669,663,Fair,Germany,Male,41-50,2,117028.6,High Balance,2,0,1,144680.18,High Salary,0
15728669,584,Fair,Germany,Female,21-30,8,112013.81,High Balance,1,1,0,177772.03,Very High salary,1
15742668,626,Fair,Spain,Female,31-40,6,108269.37,High Balance,1,1,0,5597.94,Low Salary,0
15697441,485,Poor,France,Male,21-30,7,182123.79,Very High Balance,1,1,0,116828.51,High Salary,1
15740476,659,Fair,Germany,Female,31-40,3,150923.74,Very High Balance,2,0,1,174652.51,Very High salary,0
15648064,649,Fair,France,Male,31-40,2,0,Zero Balance,2,1,0,2010.98,Low Salary,0
15636624,805,Excellent,Spain,Female,31-40,5,165272.13,Very High Balance,1,1,0,14109.85,Low Salary,1
15807923,716,Good,Germany,Female,31-40,10,115301.31,High Balance,1,1,0,43527.4,Low Salary,1
15745844,642,Fair,Germany,Female,31-40,6,129502.49,High Balance,2,0,1,86099.23,Medium Salary,1
15786170,659,Fair,France,Male,31-40,4,118342.26,High Balance,1,0,0,161574.19,Very High salary,0
15681081,545,Poor,Spain,Female,41-50,5,0,Zero Balance,2,1,1,38970.14,Low Salary,0
15684484,543,Poor,France,Male,21-30,8,0,Zero Balance,2,0,0,127587.22,High Salary,0
15785869,718,Good,France,Female,21-30,7,0,Zero Balance,2,1,0,30380.12,Low Salary,0
15763859,840,Excellent,France,Female,41-50,7,0,Zero Balance,2,1,0,90908.95,Medium Salary,0
15658935,630,Fair,Germany,Female,31-40,9,106937.05,High Balance,2,1,0,138275.01,High Salary,0
15747358,643,Fair,Germany,Male,51-60,3,170331.37,Very High Balance,1,1,1,32171.79,Low Salary,0
15735203,654,Fair,Germany,Female,31-40,1,114510.85,High Balance,1,1,1,126143.23,High Salary,0
15576256,582,Fair,France,Male,31-40,5,0,Zero Balance,2,1,1,129892.93,High Salary,0
15659420,659,Fair,Spain,Male,31-40,3,107594.11,High Balance,2,1,1,102416.84,High Salary,0
15593365,762,Very Good,Spain,Male,31-40,2,81273.13,Medium Balance,1,1,1,18719.67,Low Salary,0
15777352,568,Poor,Spain,Female,31-40,7,169399.6,Very High Balance,1,1,0,61936.22,Medium Salary,0
15812007,670,Good,Spain,Male,21-30,6,0,Zero Balance,2,1,1,78358.94,Medium Salary,0
15625461,613,Fair,France,Female,41-50,1,187841.99,Very High Balance,2,1,1,147224.27,High Salary,0
15739438,539,Poor,France,Male,21-30,0,0,Zero Balance,2,1,0,160979.66,Very High salary,0
15611759,850,Excellent,Spain,Female,51-60,8,126776.3,High Balance,2,1,1,132298.49,High Salary,0
15661629,522,Poor,Spain,Male,31-40,9,126436.29,High Balance,1,1,0,174248.52,Very High salary,1
15633950,737,Good,France,Male,41-50,1,101960.74,High Balance,1,1,1,123547.28,High Salary,0
15592386,520,Poor,France,Male,51-60,3,0,Zero Balance,2,0,1,32790.02,Low Salary,0
15803716,706,Good,Spain,Male,21-30,3,0,Zero Balance,2,0,1,181543.67,Very High salary,0
15696674,643,Fair,Germany,Female,41-50,2,150842.93,Very High Balance,1,0,1,2319.96,Low Salary,1
15706365,648,Fair,France,Female,41-50,9,102535.57,High Balance,1,1,1,189543.19,Very High salary,0
15745088,443,Poor,Germany,Female,21-30,9,99027.61,Medium Balance,2,1,0,10940.4,Low Salary,0
15676715,640,Fair,France,Male,60+,9,0,Zero Balance,2,1,1,199493.38,Very High salary,0
15613085,628,Fair,Spain,Female,31-40,3,0,Zero Balance,1,1,1,188193.25,Very High salary,0
15633537,540,Poor,Germany,Female,41-50,9,87271.41,Medium Balance,2,1,0,172572.64,Very High salary,0
15594720,460,Poor,Germany,Female,31-40,8,102742.91,High Balance,2,1,1,189339.6,Very High salary,0
15684042,636,Fair,Germany,Male,31-40,2,40105.51,Low Balance,2,0,1,53512.16,Medium Salary,0
15583303,593,Fair,France,Female,21-30,2,152265.43,Very High Balance,1,1,0,34004.44,Low Salary,0
15611579,801,Excellent,Spain,Male,41-50,4,141947.67,High Balance,1,1,1,10598.29,Low Salary,0
15774696,640,Fair,Germany,Female,60+,1,106307.91,High Balance,2,0,1,113428.77,High Salary,0
15694506,611,Fair,Germany,Male,31-40,0,107884.81,High Balance,2,1,1,183487.98,Very High salary,0
15688074,802,Excellent,Germany,Male,31-40,1,125013.72,High Balance,1,1,1,187658.09,Very High salary,0
15759537,717,Good,Germany,Male,31-40,7,58469.37,Medium Balance,2,1,1,172459.39,Very High salary,0
15758449,769,Very Good,France,Female,31-40,8,0,Zero Balance,1,0,1,21016,Low Salary,0
15583456,745,Very Good,Germany,Male,41-50,10,117231.63,High Balance,3,1,1,122381.02,High Salary,1
15667871,572,Poor,Spain,Male,31-40,4,152390.26,Very High Balance,1,1,0,128123.66,High Salary,0
15677371,629,Fair,Spain,Female,21-30,2,34013.63,Low Balance,1,1,0,19570.63,Low Salary,0
15629677,687,Good,Spain,Female,31-40,2,0,Zero Balance,3,0,0,188150.6,Very High salary,1
15713578,483,Poor,France,Female,41-50,9,0,Zero Balance,2,1,1,111020.24,High Salary,0
15591509,690,Good,France,Male,31-40,7,101583.11,High Balance,2,1,0,123775.15,High Salary,0
15568240,492,Poor,Germany,Female,21-30,10,77168.87,Medium Balance,2,0,1,146700.22,High Salary,0
15622993,709,Good,Germany,Male,21-30,8,124695.72,High Balance,2,1,0,145251.35,High Salary,0
15689294,705,Good,Germany,Male,41-50,3,105934.96,High Balance,1,1,0,82463.69,Medium Salary,0
15720910,560,Poor,France,Female,60+,9,0,Zero Balance,1,1,1,15928.49,Low Salary,0
15721181,611,Fair,Spain,Male,41-50,6,0,Zero Balance,2,1,0,45886.33,Low Salary,0
15776433,730,Good,Spain,Male,60+,2,0,Zero Balance,2,1,1,186489.95,Very High salary,0
15748936,709,Good,Spain,Female,41-50,2,0,Zero Balance,2,0,1,162922.65,Very High salary,0
15717225,544,Poor,France,Female,21-30,10,161525.96,Very High Balance,2,1,0,9262.77,Low Salary,0
15685226,712,Good,Germany,Female,21-30,7,147199.07,High Balance,1,1,1,84932.4,Medium Salary,0
15785611,752,Very Good,Germany,Male,31-40,3,183102.29,Very High Balance,1,1,1,71557.12,Medium Salary,0
15573456,648,Fair,Spain,Male,41-50,9,127209,High Balance,2,1,0,77405.95,Medium Salary,1
15684548,556,Poor,Spain,Male,31-40,8,0,Zero Balance,2,0,0,417.41,Low Salary,1
15620505,594,Fair,Spain,Female,21-30,0,97378.54,Medium Balance,1,1,1,71405.17,Medium Salary,0
15807432,645,Fair,Germany,Female,31-40,2,136925.09,High Balance,2,0,1,153400.24,Very High salary,0
15584766,557,Poor,France,Male,31-40,3,54503.55,Medium Balance,1,1,1,371.05,Low Salary,0
15612187,547,Poor,Germany,Male,31-40,8,155726.85,Very High Balance,1,1,0,67789.99,Medium Salary,0
15762218,701,Good,France,Female,31-40,9,0,Zero Balance,2,0,1,145894.9,High Salary,0
15646372,616,Fair,France,Female,60+,1,135842.41,High Balance,1,1,0,183840.51,Very High salary,1
15690452,605,Fair,France,Male,51-60,1,63349.75,Medium Balance,1,1,0,108887.44,High Salary,0
15747795,593,Fair,Germany,Female,31-40,4,129499.42,High Balance,1,1,1,154071.27,Very High salary,0
15781589,751,Very Good,Spain,Male,51-60,8,0,Zero Balance,2,0,1,179291.85,Very High salary,0
15732674,443,Poor,Spain,Male,31-40,6,70438.01,Medium Balance,2,0,1,56937.43,Medium Salary,0
15642291,685,Good,France,Male,21-30,8,0,Zero Balance,2,1,1,112239.03,High Salary,0
15692761,718,Good,France,Male,31-40,9,0,Zero Balance,1,1,0,45909.87,Low Salary,0
15578045,538,Poor,Spain,Female,41-50,9,141434.04,High Balance,1,0,0,173779.25,Very High salary,1
15745354,611,Fair,Spain,Female,31-40,4,0,Zero Balance,2,1,0,125696.26,High Salary,0
15701376,668,Fair,Germany,Male,31-40,10,152958.29,Very High Balance,2,1,1,159585.61,Very High salary,0
15691625,537,Poor,Germany,Female,41-50,3,138306.34,High Balance,1,1,0,106761.47,High Salary,0
15566594,709,Good,Spain,Male,21-30,10,0,Zero Balance,2,0,0,129590.18,High Salary,0
15760431,850,Excellent,France,Male,31-40,1,0,Zero Balance,2,1,1,80006.65,Medium Salary,0
15686302,745,Very Good,Spain,Female,31-40,3,124328.84,High Balance,1,1,1,140451.52,High Salary,0
15801559,693,Good,Germany,Female,41-50,9,181461.48,Very High Balance,3,1,1,187929.43,Very High salary,1
15810432,795,Very Good,Spain,Male,31-40,8,0,Zero Balance,2,1,0,167155.36,Very High salary,0
15809616,626,Fair,Spain,Male,21-30,8,0,Zero Balance,2,0,0,191420.71,Very High salary,0
15720559,487,Poor,Germany,Female,60+,5,110368.03,High Balance,1,0,0,11384.45,Low Salary,1
15695632,556,Poor,France,Female,31-40,9,89588.35,Medium Balance,1,1,1,94898.1,Medium Salary,0
15659843,643,Fair,France,Female,41-50,6,0,Zero Balance,2,0,0,106781.59,High Salary,0
15615624,605,Fair,France,Female,21-30,6,0,Zero Balance,2,0,0,159508.52,Very High salary,0
15810418,756,Very Good,Germany,Female,51-60,3,115924.89,High Balance,1,1,0,93524.19,Medium Salary,1
15716186,586,Fair,France,Female,31-40,2,0,Zero Balance,2,1,0,87168.46,Medium Salary,0
15674551,535,Poor,Germany,Male,31-40,7,111756.5,High Balance,1,1,0,8128.32,Low Salary,1
15622834,678,Good,France,Female,31-40,4,0,Zero Balance,1,1,0,125518.32,High Salary,0
15566111,596,Fair,France,Male,31-40,9,0,Zero Balance,1,1,0,48963.59,Low Salary,0
15784597,648,Fair,France,Male,21-30,9,162923.85,Very High Balance,1,1,0,98368.24,Medium Salary,0
15652883,492,Poor,Germany,Male,31-40,10,124576.65,High Balance,2,1,0,148584.61,High Salary,0
15806964,702,Good,France,Male,41-50,0,80793.58,Medium Balance,1,1,1,27474.81,Low Salary,0
15576313,486,Poor,Germany,Female,31-40,9,71340.09,Medium Balance,1,1,0,76192.21,Medium Salary,0
15806467,568,Poor,Germany,Male,31-40,1,99282.63,Medium Balance,1,0,0,134600.94,High Salary,1
15597602,619,Fair,Germany,Male,51-60,3,137946.39,High Balance,1,1,1,72467.99,Medium Salary,1
15743040,724,Good,Germany,Male,41-50,2,127892.57,High Balance,2,0,1,199645.45,Very High salary,0
15705521,548,Poor,Germany,Female,31-40,0,101084.36,High Balance,1,1,0,42749.85,Low Salary,0
15595039,545,Poor,Germany,Female,31-40,8,114754.08,High Balance,1,1,0,136050.44,High Salary,1
15799384,683,Good,France,Male,31-40,8,0,Zero Balance,1,0,0,73564.44,Medium Salary,0
15581197,762,Very Good,France,Female,51-60,3,99286.98,Medium Balance,1,0,1,85578.63,Medium Salary,0
15693737,627,Fair,Germany,Female,21-30,4,79871.02,Medium Balance,2,1,0,129826.89,High Salary,0
15624623,516,Poor,France,Male,31-40,10,104088.59,High Balance,2,0,0,119666,High Salary,0
15783501,800,Excellent,France,Female,31-40,2,168190.33,Very High Balance,2,1,0,68052.08,Medium Salary,0
15690134,464,Poor,Germany,Female,41-50,3,85679.25,Medium Balance,1,1,1,164104.74,Very High salary,0
15782735,626,Fair,France,Female,31-40,3,0,Zero Balance,1,0,0,80190.36,Medium Salary,0
15611088,790,Very Good,France,Female,31-40,9,0,Zero Balance,2,1,0,84126.75,Medium Salary,0
15672145,534,Poor,France,Female,31-40,7,121551.58,High Balance,2,1,1,70179,Medium Salary,0
15732628,745,Very Good,France,Male,41-50,2,122220.19,High Balance,1,1,1,118024.1,High Salary,0
15787470,553,Poor,Spain,Male,41-50,3,116528.15,High Balance,1,0,0,145704.19,High Salary,1
15803406,748,Very Good,France,Female,21-30,1,77780.29,Medium Balance,1,0,1,183049.41,Very High salary,0
15730460,722,Good,France,Male,31-40,2,0,Zero Balance,1,0,0,120906.83,High Salary,0
15644572,501,Poor,France,Male,31-40,4,125832.2,High Balance,1,1,1,100433.83,High Salary,0
15694860,675,Good,France,Female,31-40,6,68065.8,Medium Balance,1,0,0,138777,High Salary,1
15658169,778,Very Good,Spain,Female,41-50,6,127299.34,High Balance,2,1,0,124694.99,High Salary,0
15794396,494,Poor,Germany,Female,31-40,7,174937.64,Very High Balance,1,1,0,40084.32,Low Salary,0
15785798,850,Excellent,France,Male,31-40,9,0,Zero Balance,2,0,1,119232.33,High Salary,0
15710825,592,Fair,Spain,Male,31-40,7,110071.1,High Balance,1,0,0,43921.36,Low Salary,0
15668444,590,Fair,Spain,Female,41-50,3,139432.37,High Balance,1,1,0,62222.81,Medium Salary,0
15726631,758,Very Good,France,Female,31-40,6,127357.76,High Balance,1,0,1,56577,Medium Salary,0
15733797,506,Poor,France,Male,31-40,5,0,Zero Balance,2,1,0,164253.35,Very High salary,0
15747960,733,Good,France,Male,31-40,3,0,Zero Balance,1,1,1,7666.73,Low Salary,0
15634632,711,Good,France,Male,31-40,3,0,Zero Balance,2,1,0,68487.51,Medium Salary,0
15707362,514,Poor,Germany,Male,41-50,1,95556.31,Medium Balance,1,0,1,199273.98,Very High salary,1
15662976,637,Fair,Spain,Male,31-40,8,0,Zero Balance,1,1,1,186062.36,Very High salary,0
15732778,468,Poor,Germany,Male,21-30,1,111681.98,High Balance,2,1,1,195711.16,Very High salary,0
15718443,539,Poor,France,Male,31-40,3,0,Zero Balance,2,1,0,36692.17,Low Salary,0
15670039,509,Poor,Spain,Female,21-30,3,108738.71,High Balance,2,1,0,106920.57,High Salary,0
15773792,662,Fair,France,Female,31-40,4,133950.37,High Balance,1,1,1,48725.68,Low Salary,1
15613786,818,Excellent,Spain,Male,21-30,4,0,Zero Balance,2,1,1,167036.94,Very High salary,0
15726032,608,Fair,France,Male,31-40,9,89968.69,Medium Balance,1,1,0,68777.26,Medium Salary,0
15663252,850,Excellent,Spain,Female,31-40,9,0,Zero Balance,2,1,1,18924.92,Low Salary,0
15593782,816,Excellent,Germany,Female,31-40,5,130878.75,High Balance,3,1,0,71905.77,Medium Salary,1
15633283,536,Poor,France,Male,31-40,8,0,Zero Balance,2,1,0,64833.28,Medium Salary,0
15749167,753,Very Good,France,Male,31-40,3,0,Zero Balance,2,1,1,184843.77,Very High salary,0
15759298,631,Fair,Spain,Male,21-30,10,134169.62,High Balance,1,1,1,176730.02,Very High salary,0
15683625,703,Good,France,Male,31-40,1,149762.08,High Balance,1,1,0,20629.4,Low Salary,1
15635367,774,Very Good,France,Male,21-30,2,93844.69,Medium Balance,1,1,0,28415.36,Low Salary,0
15681705,785,Very Good,France,Male,21-30,8,0,Zero Balance,2,1,0,77231.27,Medium Salary,0
15603156,571,Poor,France,Female,31-40,1,0,Zero Balance,2,1,0,102750.7,High Salary,0
15591986,621,Fair,Germany,Male,41-50,6,141078.37,High Balance,1,0,0,34580.8,Low Salary,1
15798888,605,Fair,Germany,Female,31-40,1,117992.59,High Balance,1,1,1,183598.77,Very High salary,0
15809722,611,Fair,France,Female,31-40,8,100812.33,High Balance,2,1,0,147358.27,High Salary,0
15677538,569,Poor,France,Male,31-40,7,0,Zero Balance,1,1,1,108469.2,High Salary,0
15797736,658,Fair,France,Male,21-30,4,80262.6,Medium Balance,1,1,1,20612.82,Low Salary,0
15695585,788,Very Good,Spain,Male,31-40,6,156478.62,Very High Balance,1,0,1,181196.76,Very High salary,0
15744398,525,Poor,France,Female,21-30,5,0,Zero Balance,2,1,0,160249.1,Very High salary,0
15750658,798,Very Good,France,Male,31-40,8,0,Zero Balance,3,0,0,110783.28,High Salary,0
15578186,486,Poor,Germany,Male,31-40,9,115217.99,High Balance,2,1,0,144995.33,High Salary,0
15676519,615,Fair,Spain,Male,60+,9,0,Zero Balance,2,1,0,150227.85,Very High salary,1
15637954,730,Good,France,Female,31-40,0,155470.55,Very High Balance,1,1,1,53718.28,Medium Salary,0
15758639,641,Fair,France,Male,31-40,7,0,Zero Balance,2,1,0,75248.3,Medium Salary,0
15613772,542,Poor,France,Male,31-40,3,135096.77,High Balance,1,1,1,14353.43,Low Salary,1
15731744,692,Good,France,Male,21-30,2,0,Zero Balance,2,0,1,130486.57,High Salary,0
15807709,714,Good,Germany,Female,51-60,9,180075.22,Very High Balance,1,1,1,100127.71,High Salary,0
15714689,591,Fair,Spain,Male,21-30,1,97541.24,Medium Balance,1,1,1,196356.17,Very High salary,0
15699005,710,Good,France,Female,41-50,2,156067.05,Very High Balance,1,1,1,9983.88,Low Salary,0
15624170,639,Fair,France,Female,31-40,4,81550.94,Medium Balance,2,0,1,118974.77,High Salary,0
15725679,531,Poor,France,Female,41-50,6,0,Zero Balance,1,0,0,194998.34,Very High salary,1
15585865,673,Good,France,Female,31-40,2,170061.92,Very High Balance,2,0,0,134901.34,High Salary,1
15804256,765,Very Good,Germany,Male,31-40,8,92310.54,Medium Balance,2,1,1,72924.56,Medium Salary,0
15662403,622,Fair,France,Female,31-40,6,169089.38,Very High Balance,2,1,0,101057.95,High Salary,0
15733616,806,Excellent,France,Male,31-40,5,80613.93,Medium Balance,1,1,1,142838.64,High Salary,0
15591995,757,Very Good,Germany,Male,21-30,8,121581.56,High Balance,2,1,1,127059.04,High Salary,0
15677020,570,Poor,France,Female,51-60,8,0,Zero Balance,1,0,1,116503.92,High Salary,1
15727688,555,Poor,Spain,Male,31-40,4,0,Zero Balance,2,1,1,54405.79,Medium Salary,0
15715941,692,Good,France,Male,51-60,5,0,Zero Balance,2,1,1,88721.84,Medium Salary,0
15714485,774,Very Good,France,Male,51-60,5,85891.55,Medium Balance,1,1,0,74135.48,Medium Salary,1
15730059,638,Fair,Spain,Male,41-50,9,77637.35,Medium Balance,2,1,1,111346.22,High Salary,0
15715527,543,Poor,Spain,Female,41-50,4,0,Zero Balance,1,0,0,194902.16,Very High salary,0
15576623,584,Fair,France,Male,31-40,5,0,Zero Balance,2,1,0,31474.27,Low Salary,0
15805565,691,Good,Germany,Male,21-30,7,116927.89,High Balance,1,1,0,21198.39,Low Salary,0
15677307,684,Good,Germany,Female,31-40,6,137326.65,High Balance,1,1,0,186976.6,Very High salary,0
15773890,733,Good,France,Male,21-30,5,0,Zero Balance,2,1,1,117202.19,High Salary,0
15598883,599,Fair,Spain,Female,31-40,2,0,Zero Balance,2,1,1,143739.29,High Salary,0
15568506,524,Poor,Germany,Female,31-40,10,67238.98,Medium Balance,2,1,1,161811.23,Very High salary,0
15761043,632,Fair,Germany,Female,31-40,6,86569.76,Medium Balance,2,1,0,98090.91,Medium Salary,0
15782236,735,Good,Spain,Male,31-40,5,0,Zero Balance,2,0,0,71095.41,Medium Salary,0
15593601,734,Good,France,Male,31-40,6,133598.4,High Balance,1,1,1,13107.24,Low Salary,0
15682048,605,Fair,France,Female,51-60,3,136188.78,High Balance,1,1,1,67110.59,Medium Salary,1
15746902,793,Very Good,Spain,Male,31-40,9,0,Zero Balance,2,1,0,88225.02,Medium Salary,0
15752081,468,Poor,France,Female,51-60,10,0,Zero Balance,3,0,1,62256.87,Medium Salary,1
15781307,779,Very Good,Germany,Male,31-40,7,120092.52,High Balance,2,1,0,135925.72,High Salary,0
15775912,698,Good,France,Male,41-50,4,101238.24,High Balance,2,0,1,177815.87,Very High salary,1
15745417,707,Good,France,Male,51-60,6,89685.92,Medium Balance,1,0,1,126471.13,High Salary,0
15671256,850,Excellent,France,Female,31-40,1,211774.31,Very High Balance,1,1,0,188574.12,Very High salary,1
15653547,850,Excellent,France,Male,51-60,7,131317.48,High Balance,1,1,1,119175.45,High Salary,0
15595766,527,Poor,Spain,Male,31-40,5,93722.73,Medium Balance,2,1,1,139093.73,High Salary,0
15742358,696,Good,Germany,Male,31-40,8,101160.99,High Balance,1,1,1,115916.55,High Salary,0
15763274,661,Fair,France,Male,41-50,3,120320.54,High Balance,1,0,0,96463.25,Medium Salary,0
15786063,776,Very Good,France,Female,31-40,2,0,Zero Balance,2,1,1,112349.51,High Salary,0
15600258,701,Good,France,Male,41-50,2,0,Zero Balance,2,1,1,165303.79,Very High salary,0
15573318,610,Fair,France,Male,21-30,8,0,Zero Balance,2,1,0,166031.08,Very High salary,0
15653849,572,Poor,Germany,Female,41-50,3,152827.99,Very High Balance,1,1,0,38411.79,Low Salary,1
15694272,673,Good,France,Male,21-30,1,64097.75,Medium Balance,1,1,1,77783.35,Medium Salary,0
15736112,519,Poor,Spain,Female,51-60,2,119035.35,High Balance,2,1,1,29871.79,Low Salary,0
15749851,702,Good,Spain,Female,21-30,4,135219.57,High Balance,1,0,1,59747.63,Medium Salary,0
15663478,729,Good,France,Male,31-40,6,93694.42,Medium Balance,1,1,1,79919.13,Medium Salary,0
15592300,543,Poor,Spain,Male,31-40,10,59408.63,Medium Balance,1,1,0,76773.53,Medium Salary,0
15567832,550,Poor,France,Female,31-40,7,114354.95,High Balance,1,1,0,54018.93,Medium Salary,0
15776780,608,Fair,France,Male,51-60,1,0,Zero Balance,1,1,0,70649.64,Medium Salary,1
15592846,639,Fair,Germany,Male,31-40,10,128173.9,High Balance,2,1,0,59093.39,Medium Salary,0
15739803,686,Good,Spain,Male,31-40,9,0,Zero Balance,2,1,0,127569.8,High Salary,0
15794142,564,Poor,Germany,Female,60+,5,114931.35,High Balance,3,0,1,18260.98,Low Salary,1
15762729,745,Very Good,Germany,Female,21-30,1,111071.36,High Balance,1,1,0,73275.96,Medium Salary,1
15667896,833,Excellent,France,Male,31-40,8,151226.18,Very High Balance,2,1,1,136129.49,High Salary,0
15626578,622,Fair,France,Male,21-30,9,0,Zero Balance,2,1,1,153237.59,Very High salary,0
15776223,597,Fair,France,Female,41-50,4,64740.12,Medium Balance,1,1,1,106841.12,High Salary,0
15705953,721,Good,Spain,Male,51-60,0,169312.13,Very High Balance,1,1,0,109078.35,High Salary,1
15802593,504,Poor,France,Female,41-50,7,0,Zero Balance,3,0,1,87822.14,Medium Salary,1
15615457,842,Excellent,Spain,Female,41-50,2,112652.08,High Balance,2,1,0,126644.98,High Salary,0
15708916,587,Fair,France,Male,31-40,0,0,Zero Balance,2,1,0,47414.15,Low Salary,0
15720187,479,Poor,Germany,Female,21-30,7,143964.36,High Balance,2,1,0,41879.99,Low Salary,0
15595440,508,Poor,France,Male,41-50,7,122451.46,High Balance,2,1,1,75808.1,Medium Salary,0
15600651,749,Very Good,France,Male,21-30,1,0,Zero Balance,3,1,1,47911.03,Low Salary,0
15750141,721,Good,Germany,Female,31-40,3,65253.07,Medium Balance,2,1,0,28737.78,Low Salary,0
15657284,674,Good,Germany,Male,41-50,6,106901.94,High Balance,1,1,1,2079.2,Low Salary,1
15763063,685,Good,Spain,Female,21-30,10,128509.63,High Balance,1,1,0,121562.33,High Salary,0
15709324,417,Poor,France,Male,31-40,7,0,Zero Balance,2,1,0,55003.79,Medium Salary,0
15711309,574,Poor,Germany,Male,31-40,3,129834.67,High Balance,1,1,0,193131.42,Very High salary,0
15775318,590,Fair,Spain,Female,51-60,3,154962.99,Very High Balance,3,0,1,191932.27,Very High salary,1
15705515,587,Fair,Germany,Male,31-40,5,138241.9,High Balance,2,1,0,159418.1,Very High salary,0
15634844,598,Fair,Germany,Male,41-50,3,91536.93,Medium Balance,1,1,0,191468.78,Very High salary,1
15717046,741,Very Good,Spain,Male,51-60,3,0,Zero Balance,2,1,1,38913.68,Low Salary,0
15571816,850,Excellent,Spain,Female,60+,5,0,Zero Balance,1,1,1,705.18,Low Salary,0
15670080,584,Fair,Germany,Female,21-30,7,105204.01,High Balance,1,0,1,138490.03,High Salary,0
15800440,650,Fair,Spain,Male,60+,1,152968.73,Very High Balance,1,0,1,82970.69,Medium Salary,0
15665678,607,Fair,Spain,Male,31-40,8,158261.68,Very High Balance,1,1,1,76744.72,Medium Salary,0
15665956,509,Poor,France,Female,41-50,1,0,Zero Balance,1,1,0,71244.59,Medium Salary,1
15788126,689,Good,Spain,Female,31-40,6,121021.05,High Balance,1,1,1,12182.15,Low Salary,0
15811773,543,Poor,France,Male,31-40,4,0,Zero Balance,2,1,1,141210.5,High Salary,0
15651674,438,Poor,Spain,Female,51-60,2,0,Zero Balance,1,0,0,191763.07,Very High salary,1
15689614,687,Good,Spain,Female,60+,1,137715.66,High Balance,1,1,1,37938.74,Low Salary,0
15795564,737,Good,Germany,Male,31-40,5,121192.22,High Balance,2,1,1,74890.58,Medium Salary,0
15706647,761,Very Good,France,Male,31-40,7,0,Zero Balance,3,1,1,166698.18,Very High salary,0
15728505,601,Fair,France,Male,41-50,1,100486.18,High Balance,2,1,1,62678.53,Medium Salary,0
15730076,651,Fair,France,Male,41-50,1,0,Zero Balance,1,1,0,67740.08,Medium Salary,1
15622003,745,Very Good,France,Male,31-40,9,92566.53,Medium Balance,2,1,0,161519.77,Very High salary,0
15607312,648,Fair,Spain,Female,41-50,10,0,Zero Balance,2,1,1,159835.78,Very High salary,1
15644753,848,Excellent,Spain,Male,31-40,3,110929.96,High Balance,1,1,1,30876.84,Low Salary,0
15653620,546,Poor,France,Female,21-30,8,0,Zero Balance,2,1,1,14858.1,Low Salary,0
15761986,439,Poor,Spain,Female,31-40,3,138901.61,High Balance,1,1,0,75685.97,Medium Salary,0
15633922,755,Very Good,France,Male,21-30,4,123217.66,High Balance,2,0,1,144183.1,High Salary,0
15734674,593,Fair,France,Female,41-50,6,0,Zero Balance,1,1,0,65170.66,Medium Salary,0
15658032,701,Good,France,Male,31-40,2,0,Zero Balance,2,1,1,82526.92,Medium Salary,0
15692671,701,Good,Spain,Male,31-40,8,0,Zero Balance,2,1,0,169161.46,Very High salary,0
15737741,607,Fair,Spain,Female,31-40,2,108431.87,High Balance,2,0,1,109291.39,High Salary,1
15576352,586,Fair,Spain,Female,51-60,3,0,Zero Balance,2,0,1,6057.81,Low Salary,0
15753719,547,Poor,Germany,Female,21-30,9,72392.41,Medium Balance,1,1,0,77077.14,Medium Salary,0
15803689,647,Fair,Germany,Female,51-60,1,119741.77,High Balance,2,0,0,54954.51,Medium Salary,1
15718057,760,Very Good,France,Female,51-60,2,100946.71,High Balance,1,0,0,179614.8,Very High salary,1
15722010,621,Fair,Spain,Male,51-60,9,170491.84,Very High Balance,1,1,0,35588.07,Low Salary,1
15680998,725,Good,France,Male,41-50,5,0,Zero Balance,1,1,1,117356.14,High Salary,0
15614782,526,Poor,France,Male,31-40,1,0,Zero Balance,1,1,0,160696.72,Very High salary,0
15591047,519,Poor,Spain,Female,41-50,6,157296.02,Very High Balance,2,0,0,147278.43,High Salary,1
15788291,713,Good,Germany,Female,31-40,7,144606.22,High Balance,1,1,1,56594.36,Medium Salary,1
15604044,700,Good,France,Male,31-40,8,134811.3,High Balance,1,1,0,1299.75,Low Salary,0
15679587,666,Fair,France,Female,31-40,9,115897.12,High Balance,1,1,1,25095.03,Low Salary,0
15775153,630,Fair,Spain,Male,31-40,4,82034,Medium Balance,1,0,0,146326.45,High Salary,0
15603925,779,Very Good,Spain,Female,21-30,4,174318.13,Very High Balance,2,0,1,38296.21,Low Salary,0
15680970,611,Fair,Germany,Female,41-50,2,114206.84,High Balance,1,1,0,164061.6,Very High salary,0
15697183,685,Good,Spain,Male,41-50,9,0,Zero Balance,2,1,0,107811.28,High Salary,0
15567446,646,Fair,Germany,Male,31-40,9,111574.41,High Balance,1,1,1,30838.51,Low Salary,0
15637476,683,Good,Germany,Female,51-60,5,162448.69,Very High Balance,1,0,0,9221.78,Low Salary,1
15714939,484,Poor,Germany,Female,31-40,4,148249.54,High Balance,1,0,1,33738.27,Low Salary,0
15683503,601,Fair,France,Female,41-50,8,0,Zero Balance,3,0,1,110916.15,High Salary,1
15645569,762,Very Good,Spain,Female,21-30,7,123709.46,High Balance,2,1,1,169654.57,Very High salary,0
15782569,687,Good,France,Female,60+,9,0,Zero Balance,1,0,1,69829.4,Medium Salary,0
15592387,566,Poor,France,Male,21-30,5,0,Zero Balance,1,1,0,54926.51,Medium Salary,1
15609286,702,Good,France,Male,31-40,10,150525.8,Very High Balance,1,1,1,94728.49,Medium Salary,0
15814035,601,Fair,France,Male,21-30,9,0,Zero Balance,1,1,1,80393.27,Medium Salary,0
15661249,699,Good,France,Male,51-60,4,0,Zero Balance,2,0,1,111307.98,High Salary,0
15629117,584,Fair,France,Male,21-30,10,0,Zero Balance,2,1,0,19834.32,Low Salary,0
15607170,699,Good,France,Male,31-40,5,0,Zero Balance,2,1,1,78397.24,Medium Salary,0
15586585,698,Good,Germany,Female,51-60,2,111018.98,High Balance,1,1,0,86410.28,Medium Salary,0
15686611,495,Poor,France,Male,21-30,10,129755.99,High Balance,1,0,0,172749.65,Very High salary,0
15603203,650,Fair,France,Female,21-30,6,0,Zero Balance,2,1,0,1002.39,Low Salary,0
15619857,605,Fair,France,Female,60+,2,129555.7,High Balance,1,1,1,13601.79,Low Salary,0
15805062,667,Fair,Spain,Male,31-40,1,87202.38,Medium Balance,1,1,1,77866.91,Medium Salary,0
15660271,688,Good,Germany,Male,21-30,8,146133.39,High Balance,1,1,1,175296.76,Very High salary,0
15745295,727,Good,Spain,Female,31-40,0,0,Zero Balance,1,1,0,121751.04,High Salary,1
15719352,754,Very Good,Spain,Male,31-40,6,170184.99,Very High Balance,2,1,0,89593.26,Medium Salary,0
15766575,612,Fair,Germany,Female,60+,8,140745.33,High Balance,1,1,0,193437.89,Very High salary,1
15594594,546,Poor,Spain,Male,41-50,7,139070.51,High Balance,1,1,1,86945,Medium Salary,0
15646161,673,Good,Spain,Female,31-40,8,0,Zero Balance,2,1,1,183318.79,Very High salary,0
15682585,593,Fair,France,Male,31-40,9,114193.24,High Balance,1,1,0,71154.1,Medium Salary,0
15603134,656,Fair,Spain,Female,31-40,10,167878.5,Very High Balance,1,0,1,151887.16,Very High salary,0
15636444,535,Poor,Germany,Female,51-60,5,141616.55,High Balance,2,1,1,75888.65,Medium Salary,0
15773456,678,Good,Germany,Male,31-40,3,145747.67,High Balance,2,0,1,89566.74,Medium Salary,0
15745307,477,Poor,Spain,Female,41-50,2,129120.64,High Balance,1,0,1,26475.79,Low Salary,0
15604119,850,Excellent,Spain,Male,31-40,7,110349.82,High Balance,1,0,0,126355.8,High Salary,0
15626900,427,Poor,France,Male,21-30,1,141325.56,High Balance,1,1,1,93839.3,Medium Salary,0
15605447,752,Very Good,France,Male,41-50,2,78653.84,Medium Balance,1,1,0,7698.6,Low Salary,0
15589030,649,Fair,France,Male,41-50,1,0,Zero Balance,2,1,1,145593.85,High Salary,0
15692463,799,Very Good,Spain,Female,21-30,3,142253.65,High Balance,1,1,0,45042.56,Low Salary,0
15712403,589,Fair,France,Female,60+,1,0,Zero Balance,1,1,0,61108.56,Medium Salary,1
15811762,583,Fair,Germany,Female,51-60,6,115988.86,High Balance,1,1,0,57553.98,Medium Salary,1
15718673,839,Excellent,Spain,Female,31-40,10,75592.43,Medium Balance,1,1,0,62674.42,Medium Salary,0
15724282,540,Poor,Germany,Male,41-50,3,164113.04,Very High Balance,2,1,1,12120.79,Low Salary,0
15738181,850,Excellent,France,Male,31-40,6,67996.23,Medium Balance,2,0,0,50129.87,Medium Salary,1
15633648,696,Good,Spain,Female,51-60,5,0,Zero Balance,2,1,0,55022.43,Medium Salary,0
15603323,660,Fair,Spain,Female,31-40,1,0,Zero Balance,2,0,0,117834.91,High Salary,0
15583725,682,Good,France,Male,41-50,1,138778.15,High Balance,1,0,1,168840.23,Very High salary,0
15588350,744,Very Good,France,Female,41-50,10,147832.15,High Balance,1,0,1,24234.11,Low Salary,0
15798398,785,Very Good,France,Female,31-40,4,135438.4,High Balance,1,0,0,190627.01,Very High salary,0
15784844,752,Very Good,Spain,Male,41-50,5,116060.08,High Balance,1,1,0,156618.38,Very High salary,1
15580684,706,Good,France,Female,21-30,5,112564.62,High Balance,1,1,0,42334.38,Low Salary,0
15809663,583,Fair,France,Female,21-30,1,125406.58,High Balance,1,1,1,110784.42,High Salary,0
15640078,660,Fair,Germany,Female,31-40,5,135134.99,High Balance,1,1,0,173683,Very High salary,1
15698786,819,Excellent,France,Female,31-40,9,133102.92,High Balance,1,1,0,27046.46,Low Salary,1
15569807,673,Good,France,Female,31-40,8,42157.08,Low Balance,1,1,0,20598.59,Low Salary,1
15730830,752,Very Good,France,Female,21-30,3,0,Zero Balance,2,1,1,104991.28,High Salary,0
15805112,578,Poor,France,Male,31-40,7,82259.29,Medium Balance,1,1,0,8996.97,Low Salary,0
15633064,438,Poor,France,Female,31-40,4,0,Zero Balance,2,1,0,64420.5,Medium Salary,0
15703119,652,Fair,France,Male,31-40,6,0,Zero Balance,2,1,1,145700.22,High Salary,0
15730447,629,Fair,France,Female,41-50,4,0,Zero Balance,2,1,1,196335.48,Very High salary,0
15813850,720,Good,France,Male,51-60,7,0,Zero Balance,1,1,1,14781.12,Low Salary,0
15711889,668,Fair,France,Male,41-50,3,150461.07,Very High Balance,1,1,0,108139.23,High Salary,0
15664610,459,Poor,Germany,Male,41-50,4,133994.52,High Balance,1,1,1,19287.06,Low Salary,1
15751710,729,Good,Spain,Male,31-40,8,164870.81,Very High Balance,2,1,1,9567.39,Low Salary,0
15692926,498,Poor,Germany,Male,21-30,8,121702.73,High Balance,1,1,1,132210.49,High Salary,0
15813741,549,Poor,Spain,Male,21-30,6,193858.2,Very High Balance,1,0,1,21600.11,Low Salary,0
15698474,601,Fair,Germany,Female,51-60,1,131039.97,High Balance,2,1,1,199661.5,Very High salary,0
15568595,544,Poor,France,Male,60+,9,113829.45,High Balance,1,1,1,124341.49,High Salary,0
15603065,751,Very Good,France,Female,21-30,6,0,Zero Balance,2,1,0,15766.1,Low Salary,0
15592937,632,Fair,Germany,Female,41-50,3,81877.38,Medium Balance,1,1,1,33642.21,Low Salary,0
15699637,694,Good,Spain,Male,51-60,8,116326.07,High Balance,1,1,1,117704.65,High Salary,0
15667215,678,Good,France,Male,31-40,2,0,Zero Balance,2,1,1,58803.28,Medium Salary,0
15788659,695,Good,France,Male,41-50,4,0,Zero Balance,2,1,1,137537.22,High Salary,0
15763218,661,Fair,France,Female,41-50,1,0,Zero Balance,2,0,1,131300.68,High Salary,0
15645772,661,Fair,France,Male,31-40,9,0,Zero Balance,2,1,1,84174.81,Medium Salary,0
15725511,559,Poor,France,Female,31-40,3,127070.73,High Balance,1,0,1,160941.78,Very High salary,0
15575024,503,Poor,France,Male,21-30,3,0,Zero Balance,2,1,1,143954.99,High Salary,0
15640825,695,Good,Spain,Male,41-50,3,122549.64,High Balance,1,1,1,56297.85,Medium Salary,0
15662397,640,Fair,France,Female,41-50,5,176099.13,Very High Balance,1,1,1,8404.73,Low Salary,0
15576368,624,Fair,Germany,Female,41-50,3,122388.38,High Balance,2,0,0,30020.09,Low Salary,0
15674991,667,Fair,France,Male,41-50,9,0,Zero Balance,2,0,1,58137.42,Medium Salary,0
15721024,642,Fair,France,Male,21-30,0,0,Zero Balance,1,0,0,47472.68,Low Salary,0
15745621,640,Fair,Spain,Female,31-40,6,118879.35,High Balance,2,1,1,19131.71,Low Salary,0
15642394,529,Poor,Spain,Male,31-40,5,0,Zero Balance,2,1,1,187288.5,Very High salary,0
15754605,563,Poor,France,Female,31-40,5,0,Zero Balance,2,1,1,17603.81,Low Salary,0
15607040,593,Fair,Spain,Female,31-40,4,88736.44,Medium Balance,2,1,0,67020.03,Medium Salary,0
15715142,739,Good,Germany,Male,41-50,7,102703.62,High Balance,1,0,1,147802.94,High Salary,1
15810978,788,Very Good,Spain,Female,60+,1,0,Zero Balance,2,1,1,41610.62,Low Salary,0
15668886,684,Good,Spain,Female,31-40,3,0,Zero Balance,2,1,0,44255.65,Low Salary,0
15780804,482,Poor,France,Male,51-60,5,97318.25,Medium Balance,1,0,1,78416.14,Medium Salary,0
15613880,591,Fair,Spain,Male,51-60,5,128468.69,High Balance,1,0,1,137254.55,High Salary,0
15775238,651,Fair,Germany,Female,41-50,4,133432.59,High Balance,1,0,1,151303.48,Very High salary,0
15786905,749,Very Good,Germany,Female,31-40,8,141782.57,High Balance,2,0,0,86333.63,Medium Salary,0
15747867,583,Fair,France,Male,21-30,9,135125.28,High Balance,1,0,0,89801.9,Medium Salary,0
15600337,661,Fair,Spain,Male,41-50,2,178820.91,Very High Balance,1,0,0,29358.57,Low Salary,1
15801277,715,Good,France,Female,31-40,2,112212.14,High Balance,2,1,1,181600.72,Very High salary,0
15579334,769,Very Good,Germany,Female,41-50,5,126674.81,High Balance,1,1,0,124118.71,High Salary,1
15802741,625,Fair,France,Female,51-60,7,136294.97,High Balance,1,1,0,38867.46,Low Salary,1
15720649,641,Fair,France,Female,31-40,5,66392.64,Medium Balance,1,1,0,31106.67,Low Salary,0
15589493,716,Good,Germany,Male,21-30,1,122552.34,High Balance,2,1,0,67611.36,Medium Salary,0
15688251,767,Very Good,France,Male,41-50,1,76408.85,Medium Balance,2,1,0,77837.63,Medium Salary,0
15665238,745,Very Good,Germany,Male,31-40,8,145071.24,High Balance,1,0,0,6078.46,Low Salary,0
15740900,589,Fair,France,Male,31-40,6,0,Zero Balance,2,1,1,177896.92,Very High salary,0
15681068,796,Very Good,France,Female,41-50,2,109730.22,High Balance,1,1,1,123882.73,High Salary,0
15748625,664,Fair,France,Male,51-60,6,0,Zero Balance,2,1,1,15304.08,Low Salary,0
15727299,445,Poor,Spain,Male,60+,1,64119.38,Medium Balance,1,1,1,76569.64,Medium Salary,1
15620204,543,Poor,Germany,Female,51-60,1,106138.33,High Balance,2,1,1,120657.32,High Salary,1
15669516,746,Very Good,Spain,Male,31-40,2,0,Zero Balance,2,1,1,16436.56,Low Salary,0
15736534,742,Very Good,Germany,Male,31-40,0,181656.51,Very High Balance,1,1,1,107667.91,High Salary,0
15803457,750,Very Good,France,Female,31-40,5,0,Zero Balance,2,1,0,95611.47,Medium Salary,0
15659098,669,Fair,France,Male,21-30,7,95128.86,Medium Balance,1,0,0,19799.26,Low Salary,0
15603436,594,Fair,Spain,Female,41-50,2,126615.94,High Balance,2,0,1,123214.74,High Salary,0
15566292,574,Poor,Spain,Male,31-40,1,0,Zero Balance,2,0,1,71709.12,Medium Salary,0
15808621,659,Fair,Germany,Male,31-40,2,76190.48,Medium Balance,2,1,1,149066.14,High Salary,0
15580148,750,Very Good,Germany,Male,31-40,5,168286.81,Very High Balance,3,1,0,20451.99,Low Salary,1
15776231,626,Fair,Germany,Male,31-40,4,88109.81,Medium Balance,1,1,1,32825.5,Low Salary,0
15773809,620,Fair,France,Male,41-50,4,0,Zero Balance,2,1,0,6232.31,Low Salary,0
15649423,580,Fair,France,Female,31-40,8,0,Zero Balance,2,0,1,10357.03,Low Salary,0
15734886,686,Good,France,Female,31-40,3,123971.51,High Balance,2,1,0,147794.63,High Salary,0
15722548,540,Poor,France,Male,41-50,0,148116.48,High Balance,1,0,0,116973.48,High Salary,0
15650288,634,Fair,Germany,Male,31-40,6,116269.01,High Balance,1,1,0,129964.94,High Salary,0
15629448,632,Fair,Spain,Male,31-40,1,120599.21,High Balance,1,1,0,92816.86,Medium Salary,0
15716164,501,Poor,France,Female,41-50,3,144260.5,High Balance,1,1,0,172114.67,Very High salary,0
15807609,650,Fair,Spain,Female,21-30,3,86605.5,Medium Balance,3,1,0,16649.31,Low Salary,1
15578977,786,Very Good,France,Male,31-40,9,0,Zero Balance,2,1,0,144517.19,High Salary,0
15677369,554,Poor,Germany,Female,31-40,4,58629.97,Medium Balance,1,0,0,182038.6,Very High salary,0
15804072,701,Good,Spain,Female,41-50,5,0,Zero Balance,2,0,0,24210.56,Low Salary,0
15696859,474,Poor,France,Male,41-50,10,0,Zero Balance,2,0,0,172175.9,Very High salary,0
15653780,621,Fair,France,Female,41-50,5,0,Zero Balance,1,1,1,47578.45,Low Salary,0
15721658,672,Good,Spain,Female,51-60,2,209767.31,Very High Balance,2,1,1,150694.42,Very High salary,1
15578761,459,Poor,Spain,Female,41-50,6,129634.25,High Balance,2,1,1,177683.02,Very High salary,1
15736879,669,Fair,France,Male,21-30,1,0,Zero Balance,2,0,0,66088.83,Medium Salary,0
15571973,776,Very Good,France,Female,31-40,2,169824.46,Very High Balance,1,1,0,169291.7,Very High salary,0
15626742,694,Good,France,Male,31-40,3,97530.25,Medium Balance,1,1,1,117140.41,High Salary,0
15672692,787,Very Good,France,Female,41-50,10,145988.65,High Balance,2,1,1,79510.37,Medium Salary,0
15673570,580,Fair,France,Male,31-40,9,0,Zero Balance,2,0,1,77108.66,Medium Salary,0
15767432,711,Good,France,Female,21-30,7,0,Zero Balance,3,1,1,9679.28,Low Salary,0
15654238,673,Good,France,Female,31-40,5,137494.28,High Balance,1,1,0,81753.92,Medium Salary,0
15612525,499,Poor,France,Female,51-60,1,0,Zero Balance,1,0,0,131372.38,High Salary,1
15812750,591,Fair,France,Male,21-30,6,147360,High Balance,1,1,1,25310.82,Low Salary,0
15790757,769,Very Good,France,Female,21-30,10,0,Zero Balance,2,0,0,187925.75,Very High salary,0
15723873,657,Fair,Spain,Male,31-40,3,125167.02,High Balance,1,0,0,98820.39,Medium Salary,0
15744607,738,Good,Germany,Male,41-50,9,121152.05,High Balance,2,1,0,64166.7,Medium Salary,1
15612966,545,Poor,Germany,Female,51-60,7,128981.07,High Balance,1,0,1,176924.21,Very High salary,1
15784209,497,Poor,France,Male,41-50,6,0,Zero Balance,1,1,1,90055.08,Medium Salary,0
15794278,816,Excellent,Spain,Male,60+,6,151858.98,Very High Balance,1,1,1,72814.31,Medium Salary,0
15766741,525,Poor,France,Male,31-40,2,114628.4,High Balance,1,0,1,168290.06,Very High salary,0
15661036,725,Good,France,Male,41-50,6,0,Zero Balance,2,1,0,161767.38,Very High salary,0
15705639,692,Good,France,Female,21-30,8,95059.02,Medium Balance,2,1,0,44420.18,Low Salary,0
15637414,618,Fair,France,Female,21-30,7,128736.39,High Balance,1,0,1,37147.61,Low Salary,0
15716835,546,Poor,France,Male,21-30,8,156325.38,Very High Balance,1,1,1,125381.02,High Salary,0
15696231,635,Fair,France,Male,21-30,7,105405.97,High Balance,1,1,1,149853.89,High Salary,0
15641675,611,Fair,France,Female,41-50,2,88915.37,Medium Balance,3,0,0,161435.02,Very High salary,1
15670755,650,Fair,France,Male,51-60,8,0,Zero Balance,2,1,1,102925.76,High Salary,0
15640059,606,Fair,France,Male,31-40,5,0,Zero Balance,2,1,1,70899.27,Medium Salary,0
15787619,844,Excellent,France,Male,0-20,2,160980.03,Very High Balance,1,0,0,145936.28,High Salary,0
15587535,450,Poor,Spain,Female,41-50,5,177619.71,Very High Balance,1,1,0,54227.06,Medium Salary,0
15813034,727,Good,Spain,Male,31-40,2,62276.99,Medium Balance,1,1,1,59280.79,Medium Salary,0
15698839,460,Poor,Germany,Male,41-50,4,127559.97,High Balance,2,1,1,126952.5,High Salary,0
15790314,649,Fair,France,Male,41-50,0,0,Zero Balance,2,0,1,130567.02,High Salary,0
15634245,758,Very Good,Germany,Female,41-50,9,95523.16,Medium Balance,1,1,0,73294.48,Medium Salary,0
15677305,490,Poor,France,Female,31-40,7,107749.03,High Balance,1,1,1,3937.37,Low Salary,0
15661526,815,Excellent,Germany,Male,31-40,2,110777.26,High Balance,2,1,0,2383.59,Low Salary,0
15685997,838,Excellent,Spain,Female,31-40,5,166733.92,Very High Balance,2,1,0,14279.44,Low Salary,0
15660101,803,Excellent,France,Male,31-40,9,157120.86,Very High Balance,2,1,0,141300.53,High Salary,0
15637979,664,Fair,Germany,Female,31-40,2,127160.78,High Balance,2,1,0,78140.75,Medium Salary,0
15815364,736,Good,Spain,Female,21-30,2,0,Zero Balance,2,1,1,117431.1,High Salary,0
15647099,633,Fair,France,Female,31-40,9,156091.97,Very High Balance,1,1,0,72008.61,Medium Salary,0
15625944,664,Fair,France,Male,51-60,5,98668.18,Medium Balance,1,1,1,60887.58,Medium Salary,0
15583212,600,Fair,France,Female,41-50,5,134022.06,High Balance,1,1,0,194764.83,Very High salary,0
15582741,693,Good,France,Female,31-40,5,124151.09,High Balance,1,1,0,88705.14,Medium Salary,1
15637876,663,Fair,Germany,Female,31-40,6,77253.5,Medium Balance,1,0,0,35817.97,Low Salary,1
15622750,742,Very Good,Germany,Female,21-30,1,114292.48,High Balance,1,1,0,31520.4,Low Salary,0
15672056,710,Good,Germany,Male,41-50,2,140080.32,High Balance,3,1,1,157908.19,Very High salary,1
15812351,710,Good,Spain,Female,21-30,2,135277.96,High Balance,1,1,0,142200.15,High Salary,0
15810864,700,Good,France,Female,60+,2,0,Zero Balance,2,0,1,182055.36,Very High salary,0
15677921,720,Good,Germany,Male,51-60,9,115920.62,High Balance,2,0,0,157552.08,Very High salary,1
15724296,684,Good,Spain,Male,41-50,2,119782.72,High Balance,2,0,0,120284.67,High Salary,0
15685329,531,Poor,France,Female,60+,1,114715.71,High Balance,1,0,1,24506.95,Low Salary,1
15584091,742,Very Good,Germany,Female,31-40,2,129748.54,High Balance,2,0,0,47271.61,Low Salary,1
15640442,717,Good,France,Male,31-40,4,129722.57,High Balance,1,0,0,41176.6,Low Salary,0
15639314,589,Fair,France,Male,31-40,2,0,Zero Balance,2,0,1,9468.64,Low Salary,0
15685320,767,Very Good,France,Male,31-40,3,139180.2,High Balance,1,0,0,123880.19,High Salary,0
15789158,636,Fair,Germany,Male,41-50,6,113599.74,High Balance,2,1,0,158887.09,Very High salary,1
15752137,648,Fair,France,Male,31-40,7,134944,High Balance,1,1,1,117036.38,High Salary,0
15712551,622,Fair,Germany,Female,51-60,7,116922.25,High Balance,1,1,0,120415.61,High Salary,1
15628936,692,Good,Spain,Male,21-30,9,118945.09,High Balance,1,0,0,16064.25,Low Salary,1
15797227,754,Very Good,France,Male,21-30,8,0,Zero Balance,2,1,1,52615.62,Medium Salary,0
15769974,679,Good,Spain,Female,31-40,8,119182.73,High Balance,1,0,0,121210.09,High Salary,0
15737051,639,Fair,France,Male,21-30,8,0,Zero Balance,2,1,0,192247.35,Very High salary,0
15585595,774,Very Good,France,Female,21-30,1,71264.02,Medium Balance,2,0,1,68759.57,Medium Salary,0
15654060,517,Poor,France,Male,41-50,2,0,Zero Balance,2,0,1,75937.47,Medium Salary,0
15745196,571,Poor,France,Female,31-40,8,0,Zero Balance,2,0,0,84569.13,Medium Salary,0
15571221,747,Very Good,Germany,Male,51-60,7,116313.57,High Balance,1,1,1,190696.35,Very High salary,1
15660155,792,Very Good,Spain,Male,31-40,5,92140.15,Medium Balance,1,0,1,67468.67,Medium Salary,0
15605284,688,Good,France,Male,21-30,1,0,Zero Balance,2,1,1,104435.94,High Salary,0
15694366,714,Good,Germany,Male,41-50,2,177640.09,Very High Balance,1,0,1,47166.55,Low Salary,0
15600739,562,Poor,Spain,Female,31-40,0,0,Zero Balance,2,1,0,119899.52,High Salary,0
15653253,704,Good,Spain,Male,41-50,8,167997.6,Very High Balance,1,1,1,173498.45,Very High salary,0
15763431,698,Good,France,Male,31-40,2,82275.35,Medium Balance,2,1,1,93249.26,Medium Salary,0
15643696,611,Fair,France,Male,41-50,3,0,Zero Balance,2,1,1,142917.54,High Salary,0
15707473,850,Excellent,Germany,Female,41-50,6,111962.99,High Balance,1,1,0,111755.8,High Salary,0
15769504,743,Very Good,Germany,Female,31-40,1,131736.88,High Balance,1,1,1,108543.21,High Salary,0
15776807,654,Fair,France,Male,21-30,1,0,Zero Balance,1,1,0,180345.44,Very High salary,0
15686870,761,Very Good,Germany,Male,31-40,8,108239.11,High Balance,2,0,0,99444.02,Medium Salary,0
15668747,702,Good,France,Female,41-50,9,98444.19,Medium Balance,1,0,1,109563.28,High Salary,0
15766908,488,Poor,Germany,Male,31-40,3,114540.38,High Balance,1,1,0,92568.07,Medium Salary,0
15570134,683,Good,France,Female,31-40,6,187530.66,Very High Balance,2,1,1,37976.36,Low Salary,0
15567367,601,Fair,Germany,Female,41-50,9,133636.16,High Balance,1,0,1,103315.74,High Salary,0
15747542,605,Fair,France,Male,51-60,7,0,Zero Balance,2,1,1,173952.5,Very High salary,0
15762238,671,Good,Germany,Female,41-50,0,84745.03,Medium Balance,2,0,1,34673.98,Low Salary,0
15681554,614,Fair,Germany,Female,31-40,7,120599.38,High Balance,2,1,1,46163.44,Low Salary,0
15712825,511,Poor,Spain,Female,21-30,9,0,Zero Balance,2,0,1,140676.98,High Salary,0
15640280,850,Excellent,France,Male,31-40,4,127771.35,High Balance,2,0,1,151738.54,Very High salary,0
15756026,790,Very Good,Spain,Female,41-50,9,0,Zero Balance,1,0,0,14679.81,Low Salary,1
15613319,793,Very Good,France,Female,31-40,0,0,Zero Balance,1,0,0,175544.02,Very High salary,0
15798906,628,Fair,France,Male,60+,5,0,Zero Balance,2,1,1,181964.6,Very High salary,0
15708917,598,Fair,Germany,Male,51-60,10,167772.96,Very High Balance,1,1,1,136886.86,High Salary,0
15778463,657,Fair,France,Female,31-40,6,95845.6,Medium Balance,1,1,0,122218.23,High Salary,0
15699430,618,Fair,France,Female,31-40,10,0,Zero Balance,2,1,0,180439.75,Very High salary,0
15649992,681,Good,Spain,Male,60+,7,134714.7,High Balance,2,0,1,190419.81,Very High salary,0
15578980,516,Poor,Spain,Female,31-40,3,0,Zero Balance,2,1,1,58685.59,Medium Salary,0
15775306,421,Poor,Germany,Male,21-30,8,122384.22,High Balance,3,1,1,89017.38,Medium Salary,1
15641655,700,Good,France,Female,21-30,2,0,Zero Balance,2,0,0,50051.42,Medium Salary,0
15619708,745,Very Good,France,Male,21-30,5,157993.15,Very High Balance,2,1,0,146041.45,High Salary,0
15734565,696,Good,France,Male,21-30,8,0,Zero Balance,2,1,0,191166.09,Very High salary,0
15806438,580,Fair,Germany,Female,41-50,2,123331.36,High Balance,1,0,0,103516.08,High Salary,1
15591969,497,Poor,Spain,Male,21-30,9,75263.16,Medium Balance,1,1,1,164825.04,Very High salary,0
15747807,720,Good,France,Female,41-50,6,137824.03,High Balance,2,1,0,172557.77,Very High salary,0
15596939,659,Fair,Germany,Male,31-40,4,132578.92,High Balance,2,1,0,84320.94,Medium Salary,0
15716155,841,Excellent,France,Female,31-40,5,156021.31,Very High Balance,1,0,0,122662.98,High Salary,0
15765311,642,Fair,Spain,Male,31-40,8,0,Zero Balance,1,1,0,72085.1,Medium Salary,0
15757811,732,Good,Spain,Female,60+,9,137453.43,High Balance,1,0,1,110932.24,High Salary,1
15603830,600,Fair,Spain,Male,31-40,4,0,Zero Balance,2,1,0,143635.36,High Salary,0
15660602,464,Poor,Germany,Male,31-40,8,164284.72,Very High Balance,2,1,1,3710.34,Low Salary,0
15660535,680,Good,France,Female,41-50,5,0,Zero Balance,2,1,1,179843.33,Very High salary,0
15666633,758,Very Good,Spain,Male,51-60,1,0,Zero Balance,2,1,1,10643.38,Low Salary,0
15596914,630,Fair,Germany,Female,31-40,2,112373.49,High Balance,2,1,1,131167.98,High Salary,0
15639788,577,Poor,France,Female,31-40,10,0,Zero Balance,2,1,0,10553.31,Low Salary,0
15695846,684,Good,France,Female,31-40,6,0,Zero Balance,2,1,1,130928.22,High Salary,0
15726234,708,Good,Spain,Female,41-50,5,0,Zero Balance,1,0,1,157003.99,Very High salary,0
15797964,732,Good,Germany,Female,21-30,1,154333.82,Very High Balance,1,1,1,138527.56,High Salary,0
15625881,634,Fair,Germany,Male,31-40,3,111432.77,High Balance,2,1,1,167032.49,Very High salary,0
15780628,633,Fair,France,Female,21-30,6,0,Zero Balance,2,0,0,41642.29,Low Salary,0
15575883,559,Poor,France,Male,31-40,2,137390.11,High Balance,2,1,0,9677,Low Salary,0
15585036,694,Good,Spain,Female,31-40,3,0,Zero Balance,2,1,1,147012.22,High Salary,0
15589488,686,Good,Germany,Female,51-60,5,111642.08,High Balance,1,1,1,80553.87,Medium Salary,0
15585888,553,Poor,Spain,Female,41-50,3,0,Zero Balance,1,0,1,30730.95,Low Salary,1
15727915,507,Poor,France,Male,31-40,4,83543.37,Medium Balance,1,0,0,140134.43,High Salary,0
15707567,732,Good,Germany,Male,41-50,6,145338.76,High Balance,1,0,0,91936.1,Medium Salary,1
15737792,818,Excellent,France,Female,31-40,1,186796.37,Very High Balance,1,0,0,178252.63,Very High salary,0
15599433,660,Fair,Germany,Male,31-40,8,58641.43,Medium Balance,1,0,1,198674.08,Very High salary,0
15672012,773,Very Good,Spain,Female,41-50,5,0,Zero Balance,1,1,0,28266.9,Low Salary,1
15806983,640,Fair,France,Male,41-50,3,137148.68,High Balance,1,1,0,92381.01,Medium Salary,0
15592222,505,Poor,France,Male,41-50,7,80001.23,Medium Balance,1,0,0,135180.11,High Salary,0
15608968,714,Good,Germany,Male,21-30,6,86402.52,Medium Balance,2,0,0,27330.59,Low Salary,0
15586959,468,Poor,France,Female,41-50,5,0,Zero Balance,2,1,0,125305.34,High Salary,0
15646558,611,Fair,Spain,Male,51-60,1,122874.74,High Balance,1,1,1,149648.45,High Salary,0
15725811,705,Good,France,Male,21-30,0,97544.29,Medium Balance,1,0,1,59887.15,Medium Salary,0
15572265,646,Fair,Germany,Male,41-50,1,170826.55,Very High Balance,2,1,0,45041.32,Low Salary,0
15794048,667,Fair,Germany,Female,41-50,1,97133.92,Medium Balance,2,0,0,113316.77,High Salary,1
15677610,511,Poor,Germany,Female,41-50,8,153895.65,Very High Balance,1,1,1,39087.42,Low Salary,0
15745012,653,Fair,France,Female,41-50,6,0,Zero Balance,2,1,1,7330.59,Low Salary,0
15601589,675,Good,France,Female,51-60,8,0,Zero Balance,2,0,1,95463.29,Medium Salary,0
15686436,523,Poor,Spain,Male,31-40,4,0,Zero Balance,2,1,0,167848.02,Very High salary,0
15693864,567,Poor,Germany,Female,41-50,5,134956.02,High Balance,1,1,0,93953.84,Medium Salary,1
15760550,741,Very Good,Spain,Male,31-40,7,143637.58,High Balance,2,0,1,174227.66,Very High salary,0
15686137,456,Poor,Spain,Male,31-40,9,147506.25,High Balance,1,1,1,135399.21,High Salary,0
15809087,598,Fair,France,Male,60+,1,0,Zero Balance,2,1,0,195635.3,Very High salary,1
15807663,667,Fair,France,Male,41-50,8,190227.46,Very High Balance,1,1,0,97508.04,Medium Salary,1
15809100,548,Poor,France,Female,31-40,2,172448.77,Very High Balance,1,1,0,188083.77,Very High salary,1
15794916,725,Good,France,Male,41-50,7,113980.21,High Balance,1,1,1,116704.25,High Salary,0
15614215,717,Good,France,Male,51-60,6,0,Zero Balance,2,0,1,97614.87,Medium Salary,0
15805449,594,Fair,France,Male,31-40,4,0,Zero Balance,2,0,0,186884.04,Very High salary,0
15686983,678,Good,Germany,Female,21-30,10,76968.12,Medium Balance,2,0,1,131501.72,High Salary,0
15808017,545,Poor,France,Male,31-40,1,88293.13,Medium Balance,2,1,1,24302.95,Low Salary,0
15756804,636,Fair,France,Female,41-50,1,170833.46,Very High Balance,1,1,0,110510.28,High Salary,1
15646810,603,Fair,Germany,Male,41-50,6,108122.39,High Balance,2,1,0,108488.33,High Salary,1
15710424,435,Poor,France,Male,31-40,4,0,Zero Balance,1,1,1,197015.2,Very High salary,0
15799422,535,Poor,France,Female,31-40,8,0,Zero Balance,1,1,1,27689.77,Low Salary,0
15692750,629,Fair,Germany,Female,41-50,7,129818.39,High Balance,3,1,0,9217.55,Low Salary,1
15794549,722,Good,France,Female,31-40,2,163943.89,Very High Balance,2,1,1,15068.18,Low Salary,0
15803764,561,Poor,France,Male,21-30,7,0,Zero Balance,2,1,0,7797.01,Low Salary,0
15674840,645,Fair,France,Female,31-40,5,101430.3,High Balance,2,0,1,4400.32,Low Salary,0
15653762,501,Poor,France,Female,31-40,9,117301.66,High Balance,1,0,0,182025.95,Very High salary,0
15581229,502,Poor,Germany,Female,31-40,1,173340.83,Very High Balance,1,0,1,122763.95,High Salary,0
15800228,652,Fair,Spain,Female,41-50,4,0,Zero Balance,2,1,1,38152.01,Low Salary,0
15656333,574,Poor,France,Female,31-40,3,134348.57,High Balance,1,1,0,63163.99,Medium Salary,0
15697497,518,Poor,France,Female,41-50,9,105525.65,High Balance,2,1,1,73418.29,Medium Salary,0
15585362,749,Very Good,France,Female,51-60,6,0,Zero Balance,1,1,0,17978.68,Low Salary,1
15571928,679,Good,France,Female,41-50,4,0,Zero Balance,3,1,0,115136.51,High Salary,1
15785519,565,Poor,France,Male,31-40,6,106192.1,High Balance,1,1,0,149575.59,High Salary,0
15743007,643,Fair,France,Female,41-50,4,45144.43,Low Balance,1,1,0,60917.24,Medium Salary,1
15777211,515,Poor,France,Male,60+,7,92113.61,Medium Balance,1,1,1,142548.33,High Salary,0
15721935,521,Poor,France,Male,21-30,7,0,Zero Balance,2,1,1,157878.67,Very High salary,0
15591711,739,Good,Spain,Male,31-40,0,128366.44,High Balance,1,1,0,12796.43,Low Salary,0
15625021,585,Fair,France,Male,41-50,2,0,Zero Balance,2,1,1,18657.77,Low Salary,0
15702968,733,Good,Germany,Male,60+,3,106545.53,High Balance,1,1,1,134589.58,High Salary,0
15600462,542,Poor,France,Female,41-50,8,145618.37,High Balance,1,0,1,10350.74,Low Salary,0
15768104,788,Very Good,Spain,Male,31-40,8,141541.25,High Balance,1,0,0,66013.27,Medium Salary,0
15780140,435,Poor,Germany,Male,31-40,2,57017.06,Medium Balance,2,1,1,5907.11,Low Salary,0
15585255,577,Poor,France,Male,41-50,9,0,Zero Balance,1,1,0,74077.91,Medium Salary,0
15772781,703,Good,France,Female,51-60,3,0,Zero Balance,3,1,1,77294.56,Medium Salary,1
15669987,728,Good,Germany,Female,31-40,8,125884.95,High Balance,2,1,0,54359.02,Medium Salary,1
15697000,728,Good,Germany,Male,31-40,5,61825.5,Medium Balance,1,1,1,156124.93,Very High salary,0
15733119,718,Good,France,Male,31-40,8,0,Zero Balance,2,1,0,94820.85,Medium Salary,0
15782390,621,Fair,France,Female,31-40,6,0,Zero Balance,1,1,0,155155.25,Very High salary,0
15654700,523,Poor,France,Female,31-40,2,102967.41,High Balance,1,1,0,128702.1,High Salary,1
15632210,657,Fair,Germany,Male,21-30,2,171770.55,Very High Balance,1,1,0,22745.5,Low Salary,0
15642041,727,Good,Germany,Male,31-40,1,93051.64,Medium Balance,2,1,0,71865.31,Medium Salary,1
15709737,643,Fair,France,Male,31-40,7,161064.64,Very High Balance,2,0,1,84294.82,Medium Salary,0
15792388,645,Fair,France,Female,41-50,7,90612.34,Medium Balance,1,1,1,149139.13,High Salary,0
15786014,568,Poor,France,Male,21-30,5,145105.64,High Balance,2,1,0,185489.11,Very High salary,0
15794580,599,Fair,France,Male,51-60,4,0,Zero Balance,1,0,0,176407.15,Very High salary,1
15675964,672,Good,France,Female,41-50,9,0,Zero Balance,1,1,1,92027.69,Medium Salary,1
15814275,685,Good,France,Male,31-40,6,174912.72,Very High Balance,1,1,1,43932.54,Low Salary,0
15724848,516,Poor,France,Female,41-50,1,104947.72,High Balance,1,1,0,115789.25,High Salary,1
15754713,685,Good,Spain,Male,31-40,10,135213.71,High Balance,1,1,1,125777.28,High Salary,0
15693814,806,Excellent,Spain,Male,21-30,7,0,Zero Balance,2,1,0,18461.9,Low Salary,0
15599660,604,Fair,France,Male,31-40,6,116229.85,High Balance,2,1,1,79633.38,Medium Salary,0
15746490,648,Fair,Spain,Female,51-60,6,111201.41,High Balance,1,1,1,121542.29,High Salary,0
15566091,545,Poor,Spain,Female,31-40,4,0,Zero Balance,1,1,0,94739.2,Medium Salary,0
15655961,756,Very Good,Germany,Male,21-30,1,131899,High Balance,1,1,0,93302.29,Medium Salary,0
15710404,569,Poor,France,Male,31-40,10,124525.52,High Balance,1,1,1,193793.78,Very High salary,0
15775625,596,Fair,France,Male,41-50,6,0,Zero Balance,1,1,0,74835.65,Medium Salary,0
15792328,475,Poor,France,Male,31-40,6,0,Zero Balance,1,1,1,56999.9,Medium Salary,1
15719856,646,Fair,France,Female,41-50,3,47134.75,Low Balance,1,1,1,57236.44,Medium Salary,0
15593773,784,Very Good,Spain,Male,31-40,3,0,Zero Balance,2,0,0,81483.64,Medium Salary,0
15733114,552,Poor,Spain,Male,41-50,9,0,Zero Balance,2,1,0,26752.56,Low Salary,0
15797748,729,Good,France,Male,41-50,5,0,Zero Balance,2,0,1,9200.54,Low Salary,0
15743411,609,Fair,Spain,Male,60+,1,0,Zero Balance,1,1,0,22447.85,Low Salary,1
15753337,555,Poor,France,Male,51-60,5,0,Zero Balance,3,1,0,189122.89,Very High salary,1
15601026,572,Poor,Germany,Female,0-20,1,138657.08,High Balance,1,1,1,16161.82,Low Salary,0
15658485,785,Very Good,France,Female,31-40,9,70302.48,Medium Balance,1,1,1,68600.36,Medium Salary,0
15636731,714,Good,Germany,Female,31-40,1,101609.01,High Balance,2,1,1,447.73,Low Salary,0
15628303,738,Good,Spain,Male,31-40,3,0,Zero Balance,1,1,1,15650.73,Low Salary,0
15633461,639,Fair,Germany,Male,31-40,5,130170.82,High Balance,1,1,1,149599.62,High Salary,0
15677135,520,Poor,Germany,Male,60+,8,133802.29,High Balance,2,1,1,90304.01,Medium Salary,0
15590876,764,Very Good,France,Female,21-30,7,106234.02,High Balance,1,0,0,115676.38,High Salary,0
15790782,661,Fair,Spain,Male,31-40,6,132628.98,High Balance,1,0,0,38812.67,Low Salary,0
15700476,564,Poor,Germany,Male,41-50,9,103522.75,High Balance,2,1,1,34338.21,Low Salary,0
15634141,708,Good,Germany,Female,41-50,8,192390.52,Very High Balance,2,1,0,823.36,Low Salary,0
15737795,512,Poor,Spain,Male,31-40,1,0,Zero Balance,1,0,1,135482.26,High Salary,1
15790299,592,Fair,Spain,Male,31-40,9,0,Zero Balance,3,1,1,10656.89,Low Salary,0
15675316,619,Fair,France,Female,31-40,3,0,Zero Balance,2,0,1,116467.35,High Salary,0
15613630,775,Very Good,France,Male,51-60,8,109922.61,High Balance,1,1,1,96823.32,Medium Salary,1
15662100,850,Excellent,Germany,Female,41-50,5,128605.32,High Balance,1,0,1,171096.2,Very High salary,0
15668032,577,Poor,France,Female,31-40,4,0,Zero Balance,1,1,1,79881.39,Medium Salary,0
15599289,724,Good,France,Female,31-40,10,68598.56,Medium Balance,1,1,0,157862.82,Very High salary,0
15754084,710,Good,Spain,Male,31-40,1,106518.52,High Balance,1,1,1,127951.81,High Salary,0
15676521,696,Good,France,Female,31-40,8,0,Zero Balance,2,0,0,191074.11,Very High salary,0
15804586,376,Poor,France,Female,41-50,6,0,Zero Balance,1,1,0,157333.69,Very High salary,1
15781465,675,Good,Germany,Female,21-30,8,121326.42,High Balance,1,1,0,133457.52,High Salary,0
15729362,745,Very Good,France,Male,31-40,8,67226.37,Medium Balance,1,1,0,130789.6,High Salary,0
15709295,697,Good,Spain,Female,21-30,5,82931.85,Medium Balance,2,1,1,128373.88,High Salary,0
15745324,599,Fair,Spain,Female,31-40,4,0,Zero Balance,1,1,0,194273.2,Very High salary,1
15741336,715,Good,France,Female,31-40,5,118590.41,High Balance,1,1,1,5684.17,Low Salary,1
15783659,659,Fair,France,Male,60+,4,145981.87,High Balance,1,1,1,131043.2,High Salary,0
15620981,684,Good,France,Female,41-50,3,73309.38,Medium Balance,1,0,0,21228.34,Low Salary,1
15630328,635,Fair,France,Female,41-50,8,130796.33,High Balance,2,1,1,43250.3,Low Salary,0
15785899,789,Very Good,Germany,Male,31-40,8,151607.56,Very High Balance,1,1,0,4389.4,Low Salary,0
15606149,571,Poor,Germany,Female,60+,9,111577.01,High Balance,1,0,1,189271.9,Very High salary,0
15671139,694,Good,Spain,Male,31-40,0,107042.74,High Balance,1,1,1,102284.2,High Salary,0
15660429,665,Fair,Spain,Female,41-50,2,156371.61,Very High Balance,2,0,1,156774.94,Very High salary,1
15571002,706,Good,France,Female,41-50,4,129605.99,High Balance,1,0,0,69865.49,Medium Salary,0
15631681,807,Excellent,Spain,Female,41-50,0,0,Zero Balance,2,0,1,85523.24,Medium Salary,0
15731522,771,Very Good,Spain,Female,60+,8,0,Zero Balance,2,1,1,51219.8,Medium Salary,0
15619529,531,Poor,Spain,Male,21-30,8,132576.25,High Balance,1,0,0,7222.92,Low Salary,0
15628034,629,Fair,France,Female,31-40,6,129101.3,High Balance,1,1,1,23971.33,Low Salary,0
15686164,850,Excellent,Germany,Female,31-40,1,108822.4,High Balance,1,1,1,132173.31,High Salary,0
15582797,685,Good,Spain,Male,31-40,4,137948.51,High Balance,1,1,0,113639.64,High Salary,0
15753831,642,Fair,Spain,Male,31-40,7,100433.8,High Balance,1,1,1,39768.59,Low Salary,0
15731815,529,Poor,Spain,Male,60+,4,96134.11,Medium Balance,3,1,0,108732.96,High Salary,1
15580956,683,Good,Germany,Female,41-50,4,115888.04,High Balance,1,1,1,117349.19,High Salary,1
15602084,663,Fair,France,Female,41-50,5,124626.07,High Balance,1,1,1,78004.5,Medium Salary,0
15589805,563,Poor,France,Female,31-40,6,139810.34,High Balance,1,1,1,152417.79,Very High salary,0
15720893,637,Fair,Spain,Female,31-40,9,0,Zero Balance,2,0,0,26057.08,Low Salary,0
15641009,544,Poor,France,Male,31-40,3,84496.71,Medium Balance,1,0,0,79972.09,Medium Salary,0
15605926,649,Fair,Germany,Male,60+,9,116854.71,High Balance,2,0,1,107125.79,High Salary,0
15805955,638,Fair,France,Female,41-50,10,138333.03,High Balance,1,1,1,47679.14,Low Salary,0
15801488,723,Good,France,Male,21-30,3,0,Zero Balance,2,1,1,134509.47,High Salary,0
15605918,635,Fair,Germany,Male,41-50,5,78992.75,Medium Balance,2,0,0,153265.31,Very High salary,0
15779711,750,Very Good,Spain,Female,31-40,7,97257.41,Medium Balance,2,0,1,179883.04,Very High salary,0
15705620,730,Good,France,Male,31-40,5,122453.37,High Balance,2,1,0,138882.98,High Salary,0
15685357,750,Very Good,Spain,Female,31-40,8,112940.07,High Balance,1,0,1,9855.81,Low Salary,0
15570060,586,Fair,France,Female,41-50,8,132558.26,High Balance,1,1,0,67046.83,Medium Salary,1
15582616,520,Poor,France,Female,31-40,4,0,Zero Balance,2,1,0,56388.63,Medium Salary,0
15799515,652,Fair,France,Female,41-50,8,133297.24,High Balance,1,1,0,77764.37,Medium Salary,0
15642937,550,Poor,France,Female,41-50,7,0,Zero Balance,2,1,0,130590.35,High Salary,0
15624729,594,Fair,France,Male,21-30,0,197041.8,Very High Balance,1,0,0,151912.49,Very High salary,0
15566156,749,Very Good,Germany,Female,41-50,0,71497.79,Medium Balance,2,0,0,151083.8,Very High salary,0
15792360,668,Fair,France,Male,31-40,7,0,Zero Balance,2,1,1,777.37,Low Salary,0
15807008,614,Fair,Germany,Female,31-40,6,128100.28,High Balance,1,0,0,69454.24,Medium Salary,1
15704770,773,Very Good,France,Male,21-30,1,124532.78,High Balance,2,0,1,11723.57,Low Salary,0
15756475,551,Poor,Germany,Male,31-40,9,82293.82,Medium Balance,2,1,1,91565.25,Medium Salary,0
15655339,566,Poor,France,Male,31-40,1,142120.91,High Balance,1,1,0,79616.37,Medium Salary,0
15613749,569,Poor,Spain,Male,31-40,0,151839.26,Very High Balance,1,1,0,102299.81,High Salary,1
15664521,659,Fair,Spain,Male,31-40,7,149620.88,High Balance,2,1,1,104533.51,High Salary,0
15681206,722,Good,France,Female,41-50,3,168197.66,Very High Balance,1,1,0,140765.57,High Salary,1
15745527,655,Fair,France,Male,31-40,5,93147,Medium Balance,2,1,0,66214.13,Medium Salary,0
15806926,615,Fair,France,Female,31-40,2,97440.02,Medium Balance,2,1,1,139816.1,High Salary,0
15724563,752,Very Good,Germany,Female,41-50,3,65046.08,Medium Balance,2,0,1,140139.28,High Salary,0
15782899,661,Fair,Spain,Female,21-30,7,95357.49,Medium Balance,1,0,0,102297.15,High Salary,0
15623521,838,Excellent,Spain,Male,41-50,9,123105.88,High Balance,2,1,0,145765.83,High Salary,0
15810218,610,Fair,Spain,Male,21-30,9,0,Zero Balance,3,0,1,83912.24,Medium Salary,0
15645621,811,Excellent,Spain,Male,41-50,3,0,Zero Balance,2,0,1,78439.73,Medium Salary,0
15608114,587,Fair,Spain,Male,60+,7,121286.27,High Balance,1,0,1,6776.92,Low Salary,0
15659557,811,Excellent,Germany,Female,21-30,4,167738.82,Very High Balance,2,1,1,9903.42,Low Salary,0
15787772,759,Very Good,France,Female,31-40,1,104091.29,High Balance,1,0,0,91561.91,Medium Salary,0
15691111,648,Fair,Germany,Female,41-50,8,121980.56,High Balance,2,1,0,4027.02,Low Salary,0
15592089,788,Very Good,France,Female,41-50,10,0,Zero Balance,2,1,1,116111.51,High Salary,0
15633897,725,Good,Germany,Male,31-40,1,50880.98,Medium Balance,2,1,1,184023.54,Very High salary,0
15701301,646,Fair,France,Female,41-50,3,175159.9,Very High Balance,2,0,0,67124.48,Medium Salary,1
15723685,601,Fair,Germany,Female,21-30,7,105514.69,High Balance,2,1,0,50070.59,Medium Salary,0
15701602,521,Poor,Germany,Male,51-60,5,116497.31,High Balance,3,0,0,53793.1,Medium Salary,1
15739189,561,Poor,Spain,Female,31-40,6,0,Zero Balance,2,1,0,45261.47,Low Salary,0
15573086,564,Poor,France,Male,41-50,7,99824.45,Medium Balance,1,1,1,36721.4,Low Salary,0
15569050,444,Poor,France,Male,41-50,6,0,Zero Balance,1,1,0,130009.85,High Salary,1
15750765,650,Fair,Spain,Male,60+,0,0,Zero Balance,1,1,1,175380.77,Very High salary,0
15799811,724,Good,France,Male,31-40,10,0,Zero Balance,1,1,0,127847.25,High Salary,1
15698442,719,Good,Spain,Male,31-40,3,122964.88,High Balance,1,1,1,138231.7,High Salary,0
15655274,548,Poor,France,Female,21-30,4,0,Zero Balance,2,0,1,48673.18,Low Salary,0
15603594,635,Fair,Spain,Male,21-30,4,0,Zero Balance,2,1,1,70668.77,Medium Salary,0
15585961,496,Poor,Spain,Female,41-50,3,0,Zero Balance,2,0,1,199505.53,Very High salary,0
15686936,676,Good,France,Female,31-40,5,89634.69,Medium Balance,1,1,1,169583.18,Very High salary,1
15770424,541,Poor,Germany,Male,31-40,7,95710.11,Medium Balance,2,1,0,49063.42,Low Salary,0
15587451,778,Very Good,Germany,Male,41-50,7,139706.31,High Balance,1,1,0,63337.19,Medium Salary,0
15602010,850,Excellent,Germany,Female,41-50,5,103909.86,High Balance,1,1,0,60083.11,Medium Salary,1
15600583,633,Fair,France,Male,31-40,1,0,Zero Balance,1,1,0,48606.71,Low Salary,0
15654673,625,Fair,France,Male,41-50,6,173434.9,Very High Balance,1,1,0,165580.93,Very High salary,1
15717164,485,Poor,Spain,Male,31-40,6,102238.01,High Balance,2,1,1,194010.12,Very High salary,0
15765014,547,Poor,France,Female,41-50,1,179380.74,Very High Balance,2,0,1,69263.1,Medium Salary,0
15682639,642,Fair,France,Male,31-40,3,0,Zero Balance,2,1,1,88698.83,Medium Salary,0
15729279,718,Good,France,Female,21-30,4,108691.95,High Balance,1,1,0,63030.97,Medium Salary,0
15759805,582,Fair,France,Female,31-40,4,0,Zero Balance,2,1,0,59668.81,Medium Salary,0
15767864,628,Fair,France,Male,31-40,6,0,Zero Balance,2,0,0,184230.23,Very High salary,0
15769948,737,Good,Germany,Male,31-40,0,133377.8,High Balance,1,0,1,64050.19,Medium Salary,0
15686345,828,Excellent,Spain,Male,31-40,9,0,Zero Balance,2,1,1,81853.98,Medium Salary,0
15688071,609,Fair,Spain,Male,51-60,10,0,Zero Balance,1,1,1,154642.91,Very High salary,0
15681174,730,Good,France,Male,31-40,1,116537.6,High Balance,1,0,0,145679.6,High Salary,0
15667521,631,Fair,France,Female,21-30,3,0,Zero Balance,2,0,0,30781.77,Low Salary,0
15750243,830,Excellent,Spain,Male,31-40,4,0,Zero Balance,2,0,1,81622.52,Medium Salary,0
15695475,645,Fair,France,Male,21-30,1,130131.08,High Balance,2,0,1,196474.35,Very High salary,0
15689176,663,Fair,France,Male,41-50,3,0,Zero Balance,2,0,1,176276.1,Very High salary,0
15652955,678,Good,Spain,Male,21-30,0,0,Zero Balance,1,1,0,35113.08,Low Salary,0
15668958,521,Poor,France,Male,21-30,2,107316.09,High Balance,1,1,0,64299.82,Medium Salary,0
15631054,625,Fair,France,Female,21-30,1,0,Zero Balance,2,1,1,180969.55,Very High salary,0
15581479,523,Poor,France,Male,21-30,1,83181.29,Medium Balance,1,1,1,138176.78,High Salary,0
15577478,714,Good,France,Female,60+,3,0,Zero Balance,1,1,1,86733.61,Medium Salary,0
15780870,580,Fair,Spain,Male,60+,3,153946.14,Very High Balance,1,1,1,7418.92,Low Salary,0
15692317,722,Good,France,Male,21-30,5,0,Zero Balance,2,1,0,166376.54,Very High salary,0
15593969,630,Fair,Spain,Female,31-40,7,135483.17,High Balance,1,1,0,140881.2,High Salary,1
15570417,579,Poor,France,Male,31-40,1,0,Zero Balance,2,1,0,4460.2,Low Salary,0
15779059,670,Good,France,Female,31-40,4,119624.54,High Balance,2,1,1,110472.12,High Salary,0
15785980,588,Fair,Spain,Male,31-40,6,121132.26,High Balance,2,1,0,86460.28,Medium Salary,0
15644200,807,Excellent,Spain,Female,41-50,1,0,Zero Balance,1,1,0,16500.66,Low Salary,1
15793949,726,Good,France,Female,41-50,4,0,Zero Balance,1,1,0,114020.06,High Salary,1
15645103,812,Excellent,Germany,Male,21-30,5,54817.55,Medium Balance,1,1,0,131660.31,High Salary,0
15705860,631,Fair,Germany,Male,31-40,3,107949.45,High Balance,1,1,0,52449.62,Medium Salary,1
15623828,682,Good,France,Male,21-30,4,0,Zero Balance,1,0,1,161465.31,Very High salary,0
15715003,625,Fair,Spain,Female,41-50,2,80816.45,Medium Balance,1,1,1,20018.79,Low Salary,0
15623471,607,Fair,Germany,Male,31-40,3,98205.77,Medium Balance,1,1,0,176318.27,Very High salary,0
15798348,600,Fair,Spain,Female,41-50,6,94684.27,Medium Balance,1,1,1,50488.91,Medium Salary,0
15743016,602,Fair,Spain,Female,21-30,7,141604.76,High Balance,1,1,0,30379.6,Low Salary,0
15769499,545,Poor,Spain,Female,60+,3,0,Zero Balance,2,1,1,161326.73,Very High salary,0
15798521,675,Good,Spain,Male,31-40,3,0,Zero Balance,2,1,0,45348.08,Low Salary,0
15706534,581,Fair,France,Female,41-50,1,122949.14,High Balance,1,0,0,180251.68,Very High salary,1
15706186,640,Fair,Germany,Male,31-40,8,81677.22,Medium Balance,2,0,0,34925.56,Low Salary,0
15812197,850,Excellent,France,Male,31-40,7,80293.98,Medium Balance,1,0,0,126555.74,High Salary,0
15650933,490,Poor,Spain,Female,41-50,8,155413.06,Very High Balance,1,1,0,187921.3,Very High salary,0
15692991,710,Good,Spain,Female,31-40,4,0,Zero Balance,2,1,1,136390.88,High Salary,0
15631189,613,Fair,Germany,Male,31-40,9,67111.65,Medium Balance,1,1,0,78566.64,Medium Salary,1
15762198,812,Excellent,France,Male,31-40,5,103818.43,High Balance,1,1,1,166038.27,Very High salary,0
15699598,723,Good,France,Female,0-20,4,0,Zero Balance,2,1,1,140385.33,High Salary,0
15692744,512,Poor,France,Male,31-40,4,152169.12,Very High Balance,2,0,0,38629.3,Low Salary,1
15688963,731,Good,France,Female,51-60,10,0,Zero Balance,1,1,1,24998.75,Low Salary,1
15599131,650,Fair,Germany,Male,21-30,4,214346.96,Very High Balance,2,1,0,128815.33,High Salary,0
15680303,594,Fair,France,Male,51-60,6,0,Zero Balance,1,1,0,19376.56,Low Salary,1
15628674,844,Excellent,France,Male,31-40,7,113348.14,High Balance,1,1,0,31904.31,Low Salary,1
15648075,686,Good,Germany,Female,41-50,5,170935.94,Very High Balance,1,1,0,173179.79,Very High salary,1
15586970,695,Good,Germany,Male,51-60,8,103023.26,High Balance,1,1,1,22485.64,Low Salary,0
15625698,624,Fair,Spain,Female,21-30,6,0,Zero Balance,2,0,1,196668.51,Very High salary,0
15790497,503,Poor,Spain,Male,31-40,6,0,Zero Balance,2,0,0,136506.86,High Salary,0
15682618,535,Poor,France,Female,31-40,7,111855.04,High Balance,2,1,1,36278.89,Low Salary,0
15762937,743,Very Good,Germany,Female,31-40,6,140348.56,High Balance,2,1,1,163254.39,Very High salary,0
15750929,702,Good,Spain,Male,31-40,8,0,Zero Balance,2,1,0,99654.13,Medium Salary,0
15729832,658,Fair,France,Male,21-30,3,145512.84,High Balance,1,1,0,20207.02,Low Salary,0
15633650,677,Good,Germany,Female,41-50,8,146720.98,High Balance,2,1,1,4195.84,Low Salary,0
15748856,664,Fair,France,Male,31-40,10,107209.73,High Balance,1,1,1,112340.2,High Salary,0
15589195,766,Very Good,Germany,Female,31-40,7,130933.74,High Balance,1,0,1,2035.94,Low Salary,0
15699911,461,Poor,Spain,Female,31-40,8,0,Zero Balance,1,1,0,132295.95,High Salary,0
15663438,688,Good,Spain,Male,31-40,0,89772.3,Medium Balance,1,1,0,177383.68,Very High salary,1
15692583,678,Good,France,Female,31-40,5,0,Zero Balance,2,1,0,90284.47,Medium Salary,0
15591257,796,Very Good,France,Male,21-30,8,0,Zero Balance,2,1,0,61349.37,Medium Salary,0
15646513,803,Excellent,France,Male,41-50,5,0,Zero Balance,1,1,0,196466.83,Very High salary,1
15708063,712,Good,France,Male,31-40,2,100749.5,High Balance,3,0,0,70758.37,Medium Salary,1
15696098,498,Poor,France,Female,31-40,10,0,Zero Balance,2,1,0,13892.57,Low Salary,0
15645517,850,Excellent,Spain,Male,21-30,2,0,Zero Balance,2,1,1,9684.52,Low Salary,0
15649744,628,Fair,France,Female,51-60,3,123981.31,High Balance,2,1,1,40546.15,Low Salary,0
15604304,539,Poor,Germany,Female,31-40,4,91622.42,Medium Balance,1,1,1,136603.42,High Salary,0
15784092,732,Good,France,Male,31-40,7,126195.81,High Balance,1,1,1,133172.48,High Salary,0
15585198,715,Good,France,Male,41-50,4,94267.9,Medium Balance,1,0,1,152821.12,Very High salary,1
15624347,651,Fair,France,Male,31-40,4,0,Zero Balance,2,1,1,147715.83,High Salary,0
15621687,813,Excellent,France,Male,31-40,0,0,Zero Balance,2,1,0,43169.15,Low Salary,0
15689081,692,Good,France,Male,21-30,4,0,Zero Balance,1,1,0,76755.99,Medium Salary,1
15813168,756,Very Good,Germany,Female,31-40,3,100717.85,High Balance,3,1,1,73406.04,Medium Salary,1
15604295,543,Poor,France,Male,31-40,6,0,Zero Balance,2,1,0,176728.28,Very High salary,0
15724127,790,Very Good,France,Female,21-30,4,141581.71,High Balance,2,0,0,98309.27,Medium Salary,0
15673055,494,Poor,Spain,Male,31-40,7,0,Zero Balance,2,1,1,6203.66,Low Salary,0
15768201,850,Excellent,France,Female,31-40,2,148586.64,High Balance,1,1,1,176791.27,Very High salary,0
15782219,703,Good,Spain,Male,21-30,9,0,Zero Balance,2,1,0,50679.48,Medium Salary,0
15746410,432,Poor,Spain,Male,31-40,7,0,Zero Balance,2,1,0,150580.88,Very High salary,0
15780144,512,Poor,Germany,Female,31-40,2,123403.85,High Balance,2,1,0,80120.19,Medium Salary,0
15590476,589,Fair,France,Male,21-30,7,0,Zero Balance,2,1,0,151645.96,Very High salary,0
15624293,514,Poor,France,Female,41-50,3,106511.85,High Balance,1,1,0,55072.32,Medium Salary,0
15618182,678,Good,France,Female,31-40,2,0,Zero Balance,2,0,0,115068.99,High Salary,0
15660316,420,Poor,Germany,Female,31-40,1,135549.9,High Balance,1,0,0,149471.13,High Salary,1
15678886,679,Good,Germany,Male,31-40,7,110555.37,High Balance,2,1,0,46522.68,Low Salary,0
15616330,595,Fair,France,Male,31-40,4,0,Zero Balance,2,1,0,189995.86,Very High salary,0
15592229,713,Good,France,Female,51-60,0,185891.54,Very High Balance,1,1,1,46369.57,Low Salary,1
15798424,833,Excellent,Germany,Male,51-60,1,130854.59,High Balance,1,1,1,30722.52,Low Salary,1
15714750,690,Good,France,Female,41-50,3,92578.14,Medium Balance,2,0,0,70810.6,Medium Salary,0
15648800,731,Good,Germany,Female,21-30,8,132312.06,High Balance,1,1,0,106663.46,High Salary,1
15626147,608,Fair,France,Female,60+,8,144976.5,High Balance,1,0,0,175836.03,Very High salary,1
15626608,479,Poor,Spain,Male,41-50,5,87070.23,Medium Balance,1,0,1,85646.41,Medium Salary,0
15723250,519,Poor,France,Male,41-50,8,0,Zero Balance,2,1,1,101485.72,High Salary,0
15592583,731,Good,France,Female,41-50,1,115414.19,High Balance,3,0,0,191734.67,Very High salary,1
15759381,617,Fair,Spain,Male,60+,7,91070.43,Medium Balance,1,1,1,101839.77,High Salary,0
15585241,756,Very Good,Spain,Male,21-30,2,117412.19,High Balance,2,1,0,4888.91,Low Salary,0
15589358,848,Excellent,Germany,Male,31-40,4,90018.45,Medium Balance,2,1,0,193132.98,Very High salary,0
15672704,809,Excellent,France,Female,21-30,4,0,Zero Balance,2,1,0,193518.76,Very High salary,0
15789955,698,Good,Germany,Male,51-60,1,112414.81,High Balance,2,0,0,93982.02,Medium Salary,1
15596800,779,Very Good,Germany,Male,31-40,1,158456.76,Very High Balance,1,1,1,197000.92,Very High salary,1
15627305,606,Fair,Spain,Male,31-40,7,0,Zero Balance,1,1,0,106837.06,High Salary,1
15645316,612,Fair,Germany,Female,51-60,1,149641.53,High Balance,1,1,1,115161.28,High Salary,0
15593973,663,Fair,Spain,Female,31-40,8,122528.18,High Balance,1,1,0,196260.3,Very High salary,0
15647301,549,Poor,Germany,Female,41-50,3,143734.01,High Balance,2,1,1,96404.38,Medium Salary,0
15750258,675,Good,France,Female,31-40,2,155663.31,Very High Balance,1,1,0,97658.66,Medium Salary,0
15685309,669,Fair,France,Female,31-40,7,0,Zero Balance,1,1,1,49108.23,Low Salary,1
15628205,571,Poor,Germany,Female,31-40,1,101736.66,High Balance,1,0,1,195651.66,Very High salary,0
15733974,500,Poor,Spain,Male,31-40,9,125822.21,High Balance,1,1,0,111698,High Salary,0
15762110,628,Fair,France,Male,31-40,0,0,Zero Balance,2,1,1,171707.93,Very High salary,0
15706899,559,Poor,France,Male,31-40,4,0,Zero Balance,2,1,1,66721.98,Medium Salary,0
15732660,769,Very Good,France,Female,21-30,2,0,Zero Balance,1,1,1,57876.05,Medium Salary,0
15656121,733,Good,Germany,Male,31-40,6,157791.07,Very High Balance,2,0,0,177994.81,Very High salary,0
15614220,750,Very Good,France,Male,21-30,5,0,Zero Balance,2,0,1,105125.65,High Salary,0
15645269,583,Fair,France,Female,41-50,4,0,Zero Balance,2,1,0,17439.66,Low Salary,0
15698510,468,Poor,Germany,Male,41-50,9,181627.14,Very High Balance,2,1,0,172668.39,Very High salary,0
15569247,727,Good,Spain,Female,51-60,1,109679.72,High Balance,1,0,1,753.37,Low Salary,0
15566251,618,Fair,France,Female,31-40,5,96652.86,Medium Balance,1,1,0,98686.4,Medium Salary,1
15716134,617,Fair,France,Male,31-40,5,190008.32,Very High Balance,2,1,1,107047.92,High Salary,0
15763625,793,Very Good,Spain,Male,41-50,9,0,Zero Balance,2,1,0,152153.74,Very High salary,0
15605965,630,Fair,France,Male,41-50,9,0,Zero Balance,2,1,1,34338.04,Low Salary,0
15694821,765,Very Good,Germany,Male,41-50,4,148962.76,High Balance,1,0,1,173878.87,Very High salary,1
15601688,546,Poor,France,Male,21-30,8,0,Zero Balance,1,1,0,159254.29,Very High salary,0
15575581,614,Fair,Germany,Female,21-30,3,131344.52,High Balance,2,1,0,54776.64,Medium Salary,0
15671209,593,Fair,Germany,Female,21-30,5,101713.84,High Balance,3,1,0,134594.99,High Salary,0
15616529,613,Fair,Spain,Male,31-40,3,0,Zero Balance,1,1,1,41724.72,Low Salary,0
15773906,655,Fair,France,Male,31-40,4,0,Zero Balance,2,0,0,110527.71,High Salary,0
15722993,700,Good,France,Female,21-30,6,137963.07,High Balance,1,0,0,8996.79,Low Salary,0
15752463,826,Excellent,Spain,Female,21-30,4,129938.07,High Balance,1,0,1,190200.53,Very High salary,0
15589754,652,Fair,Germany,Male,41-50,2,151421.44,Very High Balance,1,0,1,115333.43,High Salary,0
15669899,755,Very Good,Germany,Female,41-50,7,135643,High Balance,1,0,0,143619.52,High Salary,1
15766887,538,Poor,Spain,Male,31-40,2,122773.5,High Balance,2,1,1,58467.08,Medium Salary,0
15768006,729,Good,France,Male,31-40,3,152303.8,Very High Balance,1,1,0,12128.69,Low Salary,0
15741295,615,Fair,France,Male,41-50,3,0,Zero Balance,2,1,1,49872.33,Low Salary,0
15811327,700,Good,Spain,Male,51-60,1,79415.67,Medium Balance,1,0,1,139735.54,High Salary,0
15690007,434,Poor,Germany,Female,51-60,9,125801.03,High Balance,2,1,0,60891.8,Medium Salary,1
15690664,729,Good,Spain,Male,31-40,10,0,Zero Balance,2,1,0,100862.54,High Salary,0
15719348,513,Poor,France,Male,31-40,8,0,Zero Balance,1,1,0,76640.29,Medium Salary,1
15781802,755,Very Good,France,Male,41-50,6,104817.41,High Balance,1,1,0,126013.58,High Salary,1
15752731,615,Fair,France,Female,21-30,9,0,Zero Balance,1,1,0,87347.82,Medium Salary,0
15600997,747,Very Good,Germany,Female,31-40,5,67495.04,Medium Balance,2,0,1,77370.37,Medium Salary,0
15750776,850,Excellent,France,Female,31-40,0,164850.54,Very High Balance,1,1,1,62722.44,Medium Salary,0
15723907,712,Good,Germany,Female,41-50,5,154776.42,Very High Balance,2,0,0,196257.68,Very High salary,0
15633419,622,Fair,Germany,Female,21-30,1,143124.63,High Balance,2,1,0,81723.8,Medium Salary,0
15702430,548,Poor,France,Female,31-40,10,0,Zero Balance,1,1,1,31299.71,Low Salary,0
15710456,607,Fair,France,Female,21-30,2,0,Zero Balance,2,1,0,63495.86,Medium Salary,0
15650351,653,Fair,France,Female,31-40,8,102133.38,High Balance,1,1,1,166520.96,Very High salary,0
15590820,699,Good,Spain,Male,21-30,6,79932.41,Medium Balance,1,0,0,150242.44,Very High salary,0
15640454,693,Good,Germany,Male,31-40,0,120711.73,High Balance,1,0,0,27345.18,Low Salary,1
15697789,647,Fair,Germany,Female,41-50,3,122717.53,High Balance,2,1,1,87000.39,Medium Salary,0
15808182,478,Poor,Spain,Female,31-40,3,92363.3,Medium Balance,2,1,0,44912.7,Low Salary,0
15588670,705,Good,Spain,Female,31-40,5,203715.15,Very High Balance,1,1,0,179978.68,Very High salary,1
15721292,719,Good,Spain,Male,31-40,5,0,Zero Balance,2,1,0,145759.7,High Salary,0
15604217,726,Good,France,Male,31-40,9,0,Zero Balance,2,0,0,14121.61,Low Salary,0
15651369,626,Fair,France,Male,21-30,1,0,Zero Balance,2,1,0,66232.23,Medium Salary,0
15782454,552,Poor,France,Male,41-50,4,0,Zero Balance,1,1,1,190296.76,Very High salary,1
15814032,807,Excellent,Germany,Female,31-40,1,93460.47,Medium Balance,2,0,0,172782.69,Very High salary,0
15570326,621,Fair,France,Male,31-40,6,0,Zero Balance,2,1,1,99128.13,Medium Salary,0
15624428,651,Fair,Germany,Female,21-30,7,40224.7,Low Balance,1,1,1,178341.33,Very High salary,0
15755638,673,Good,France,Female,41-50,5,168069.73,Very High Balance,1,1,1,146992.24,High Salary,1
15600992,652,Fair,France,Male,31-40,1,0,Zero Balance,2,1,1,151314.98,Very High salary,0
15755649,584,Fair,Germany,Male,41-50,7,130538.77,High Balance,1,1,0,92915.84,Medium Salary,0
15795228,756,Very Good,France,Male,31-40,3,132623.6,High Balance,1,1,1,58974,Medium Salary,0
15589257,670,Good,France,Female,31-40,3,103465.02,High Balance,2,1,1,174627.06,Very High salary,0
15719302,765,Very Good,France,Female,41-50,9,126547.8,High Balance,1,1,1,79579.94,Medium Salary,1
15639882,528,Poor,France,Male,21-30,2,128262.72,High Balance,2,1,0,50771.16,Medium Salary,0
15791279,701,Good,France,Male,31-40,5,169742.64,Very High Balance,1,1,1,153537.55,Very High salary,1
15636935,797,Very Good,France,Female,21-30,1,0,Zero Balance,2,1,1,132975.39,High Salary,0
15686909,639,Fair,Germany,Male,21-30,3,150795.81,Very High Balance,1,0,1,85208.93,Medium Salary,0
15589572,785,Very Good,Spain,Female,60+,4,129855.72,High Balance,2,1,0,170214.82,Very High salary,1
15779947,363,Poor,Spain,Female,21-30,6,146098.43,High Balance,3,1,0,100615.14,High Salary,1
15573769,764,Very Good,France,Female,21-30,7,0,Zero Balance,2,1,0,186105.99,Very High salary,0
15578866,676,Good,France,Female,41-50,2,0,Zero Balance,1,1,1,55119.53,Medium Salary,0
15739131,718,Good,Germany,Male,21-30,4,65643.3,Medium Balance,1,1,0,28760.99,Low Salary,0
15813444,590,Fair,Spain,Female,31-40,6,0,Zero Balance,2,1,0,171021.44,Very High salary,0
15678058,584,Fair,France,Male,31-40,9,104584.16,High Balance,1,1,0,176678.72,Very High salary,0
15769169,645,Fair,France,Male,41-50,7,0,Zero Balance,1,0,1,28667.56,Low Salary,0
15804602,772,Very Good,Germany,Male,21-30,6,99785.28,Medium Balance,2,0,0,197238.03,Very High salary,0
15651052,399,Poor,Germany,Male,41-50,2,127655.22,High Balance,1,1,0,139994.68,High Salary,1
15724334,529,Poor,France,Male,21-30,5,0,Zero Balance,1,1,0,151169.83,Very High salary,0
15569451,463,Poor,France,Male,31-40,2,101257.16,High Balance,1,1,1,118113.64,High Salary,0
15650098,630,Fair,France,Female,31-40,7,0,Zero Balance,2,1,1,34453.17,Low Salary,0
15724307,780,Very Good,France,Male,60+,10,121313.88,High Balance,1,0,1,64872.33,Medium Salary,0
15599268,584,Fair,Spain,Male,31-40,5,0,Zero Balance,2,1,0,10956.82,Low Salary,0
15594864,752,Very Good,Germany,Male,21-30,4,81523.38,Medium Balance,1,1,1,36885.85,Low Salary,0
15616451,697,Good,France,Female,41-50,6,128252.66,High Balance,1,1,1,168053.4,Very High salary,0
15715667,850,Excellent,France,Female,31-40,7,0,Zero Balance,2,0,0,155227,Very High salary,0
15658969,711,Good,France,Male,51-60,7,0,Zero Balance,3,1,0,38409.79,Low Salary,1
15738174,452,Poor,France,Female,31-40,5,0,Zero Balance,2,0,1,75279.39,Medium Salary,0
15813590,610,Fair,Spain,Male,41-50,6,0,Zero Balance,2,1,0,158302.59,Very High salary,1
15624229,694,Good,France,Female,21-30,4,0,Zero Balance,2,1,1,11525.72,Low Salary,0
15674148,579,Poor,Spain,Male,31-40,6,0,Zero Balance,1,1,0,94993.04,Medium Salary,1
15625080,745,Very Good,Spain,Female,51-60,8,0,Zero Balance,1,1,0,173912.29,Very High salary,1
15682528,572,Poor,France,Male,31-40,5,0,Zero Balance,1,0,1,41139.05,Low Salary,0
15696900,505,Poor,Germany,Male,21-30,3,145541.56,High Balance,2,1,1,58019.95,Medium Salary,0
15730038,706,Good,France,Female,21-30,5,0,Zero Balance,1,0,0,164128.41,Very High salary,1
15812272,693,Good,Germany,Male,41-50,5,124601.58,High Balance,2,1,1,46998.13,Low Salary,1
15654654,725,Good,Germany,Female,31-40,7,115182.84,High Balance,2,1,1,177279.41,Very High salary,0
15697625,791,Very Good,France,Male,31-40,2,163789.49,Very High Balance,2,1,0,75832.53,Medium Salary,0
15616280,536,Poor,France,Male,41-50,1,65733.41,Medium Balance,1,1,0,61094.53,Medium Salary,0
15654229,699,Good,Spain,Male,41-50,1,0,Zero Balance,2,0,1,30117.44,Low Salary,0
15628298,500,Poor,Spain,Female,41-50,8,128486.11,High Balance,1,1,0,179227.12,Very High salary,0
15733387,707,Good,Spain,Female,51-60,6,109663.47,High Balance,1,1,1,52110.45,Medium Salary,0
15775572,531,Poor,Germany,Female,41-50,6,88324.31,Medium Balance,2,1,0,75248.75,Medium Salary,0
15613844,557,Poor,France,Female,21-30,7,146445.24,High Balance,2,1,0,184317.74,Very High salary,0
15578515,659,Fair,France,Female,31-40,3,0,Zero Balance,2,1,0,158553.1,Very High salary,0
15607598,575,Poor,Spain,Female,31-40,6,0,Zero Balance,2,1,1,95686.42,Medium Salary,0
15742480,775,Very Good,Germany,Male,31-40,2,109949.05,High Balance,2,0,1,71682.54,Medium Salary,0
15749482,772,Very Good,Spain,Male,21-30,4,78653.05,Medium Balance,1,1,0,1790.48,Low Salary,0
15607537,587,Fair,Germany,Male,41-50,9,107850.82,High Balance,1,1,0,139431,High Salary,1
15575410,667,Fair,Germany,Female,31-40,4,83765.35,Medium Balance,2,1,0,118358.54,High Salary,0
15684865,771,Very Good,France,Female,60+,7,143773.07,High Balance,1,1,1,130827.88,High Salary,0
15600700,523,Poor,Germany,Male,60+,6,116227.27,High Balance,1,1,1,119404.63,High Salary,0
15774155,662,Fair,Germany,Male,31-40,0,103471.52,High Balance,1,1,1,162703,Very High salary,0
15634267,717,Good,France,Male,41-50,5,0,Zero Balance,2,1,0,172665.21,Very High salary,0
15619626,746,Very Good,France,Male,21-30,3,137492.35,High Balance,2,0,1,170142.09,Very High salary,0
15660422,569,Poor,France,Male,21-30,7,0,Zero Balance,2,1,0,73977.23,Medium Salary,0
15617934,579,Poor,France,Male,31-40,9,129829.59,High Balance,1,1,1,60906.12,Medium Salary,0
15760774,519,Poor,France,Female,21-30,1,146329.57,High Balance,2,1,1,194867.27,Very High salary,0
15813132,696,Good,Germany,Male,21-30,4,114027.7,High Balance,1,1,1,193716.56,Very High salary,0
15593331,693,Good,Germany,Male,21-30,6,146580.69,High Balance,1,0,1,14633.35,Low Salary,0
15616709,587,Fair,Germany,Female,31-40,0,132122.42,High Balance,2,0,0,31730.32,Low Salary,0
15658052,626,Fair,France,Female,41-50,10,81553.93,Medium Balance,1,1,0,20063.63,Low Salary,1
15721189,666,Fair,France,Female,60+,7,0,Zero Balance,2,1,1,99792.82,Medium Salary,0
15711288,512,Poor,France,Male,21-30,6,0,Zero Balance,2,1,0,37654.31,Low Salary,0
15770030,689,Good,Spain,Female,21-30,3,0,Zero Balance,2,1,1,192449.02,Very High salary,0
15803681,803,Excellent,France,Female,21-30,4,0,Zero Balance,2,1,1,181208.47,Very High salary,0
15702789,548,Poor,Germany,Male,31-40,5,175214.71,Very High Balance,1,1,1,155165.61,Very High salary,0
15814930,588,Fair,Germany,Female,31-40,10,125534.51,High Balance,1,1,0,121504.18,High Salary,1
15658306,693,Good,France,Male,60+,4,97705.99,Medium Balance,1,1,1,61569.07,Medium Salary,0
15699523,499,Poor,Germany,Female,51-60,4,126817.65,High Balance,2,1,0,123269.71,High Salary,0
15610383,628,Fair,France,Female,41-50,1,46870.43,Low Balance,4,1,0,31272.14,Low Salary,1
15615032,624,Fair,Spain,Male,41-50,3,0,Zero Balance,2,1,1,62825.03,Medium Salary,0
15781989,733,Good,France,Male,41-50,9,120094.93,High Balance,1,1,0,184056.45,Very High salary,0
15647402,628,Fair,France,Female,31-40,3,0,Zero Balance,2,1,1,48924.73,Low Salary,0
15740494,633,Fair,France,Female,31-40,3,0,Zero Balance,2,1,0,191111.02,Very High salary,0
15701265,559,Poor,Germany,Female,31-40,1,104356.94,High Balance,2,0,1,54184.06,Medium Salary,0
15743532,704,Good,Germany,Male,21-30,5,147004.34,High Balance,1,1,0,64381.33,Medium Salary,1
15794870,744,Very Good,Germany,Male,31-40,6,73023.17,Medium Balance,2,1,0,78770.86,Medium Salary,0
15747591,665,Fair,Spain,Female,31-40,1,173432.55,Very High Balance,1,0,1,116766.79,High Salary,0
15726557,638,Fair,France,Female,41-50,7,165679.92,Very High Balance,1,0,0,32916.29,Low Salary,0
15732199,837,Excellent,Spain,Male,31-40,9,104678.62,High Balance,1,0,1,50972.6,Medium Salary,0
15662291,534,Poor,France,Female,51-60,8,116973.26,High Balance,3,1,0,122066.5,High Salary,1
15749050,548,Poor,France,Female,31-40,3,0,Zero Balance,1,1,0,65996.9,Medium Salary,0
15781586,837,Excellent,Germany,Male,31-40,2,126732.85,High Balance,1,1,1,79577.38,Medium Salary,0
15617078,658,Fair,France,Female,41-50,6,148481.09,High Balance,1,1,0,130529.13,High Salary,0
15723339,554,Poor,France,Female,31-40,4,137654.05,High Balance,2,1,1,172629.67,Very High salary,0
15671322,724,Good,Germany,Male,21-30,7,115315.04,High Balance,1,1,0,15216.53,Low Salary,0
15793854,723,Good,France,Male,41-50,2,99095.73,Medium Balance,1,1,1,17512.53,Low Salary,0
15756539,585,Fair,Germany,Female,31-40,7,165610.41,Very High Balance,2,0,0,131852.01,High Salary,0
15612064,474,Poor,France,Male,31-40,5,0,Zero Balance,2,1,0,181945.52,Very High salary,1
15625916,562,Poor,Spain,Male,31-40,6,161628.66,Very High Balance,1,1,0,91482.5,Medium Salary,0
15683195,719,Good,France,Male,31-40,9,146605.27,High Balance,1,1,1,77119.45,Medium Salary,0
15690182,635,Fair,Germany,Male,31-40,5,113488.68,High Balance,1,1,0,95611.74,Medium Salary,1
15721719,743,Very Good,France,Male,41-50,7,77002.2,Medium Balance,2,1,1,80428.42,Medium Salary,0
15641690,681,Good,Spain,Male,60+,7,0,Zero Balance,2,0,1,163714.92,Very High salary,0
15634896,521,Poor,France,Female,31-40,6,0,Zero Balance,2,0,1,27375.15,Low Salary,0
15671590,741,Very Good,Spain,Male,21-30,4,0,Zero Balance,2,1,1,73873.65,Medium Salary,0
15779182,790,Very Good,Spain,Male,41-50,8,182364.53,Very High Balance,1,0,0,139266.48,High Salary,1
15778287,622,Fair,France,Male,31-40,8,0,Zero Balance,2,1,1,131772.51,High Salary,0
15609510,669,Fair,France,Male,41-50,7,149364.58,High Balance,1,0,1,173454.07,Very High salary,0
15742229,583,Fair,France,Male,51-60,7,127450.14,High Balance,1,0,1,67552.71,Medium Salary,0
15658532,520,Poor,Spain,Female,60+,5,162278.32,Very High Balance,1,1,1,34765.33,Low Salary,0
15590993,579,Poor,Spain,Male,31-40,5,152212.88,Very High Balance,2,0,0,120219.14,High Salary,0
15565701,698,Good,Spain,Female,31-40,9,161993.89,Very High Balance,1,0,0,90212.38,Medium Salary,0
15597239,548,Poor,Spain,Male,31-40,7,131468.44,High Balance,1,1,0,164975.82,Very High salary,0
15688880,672,Good,Germany,Male,31-40,10,102980.44,High Balance,1,1,0,1285.81,Low Salary,1
15813917,653,Fair,Germany,Male,31-40,9,143321.97,High Balance,1,1,0,83679.46,Medium Salary,0
15679611,734,Good,Spain,Female,31-40,2,130404.92,High Balance,1,0,0,34548.74,Low Salary,0
15636589,794,Very Good,France,Female,41-50,7,0,Zero Balance,2,1,1,74275.08,Medium Salary,0
15687752,641,Fair,France,Male,21-30,2,87505.47,Medium Balance,2,0,1,7278.57,Low Salary,0
15584363,824,Excellent,France,Male,21-30,0,133634.02,High Balance,1,1,1,162053.92,Very High salary,0
15737748,534,Poor,Spain,Female,31-40,3,151233.62,Very High Balance,1,0,0,199336.63,Very High salary,0
15803365,653,Fair,Spain,Male,51-60,2,70263.83,Medium Balance,1,0,1,62347.71,Medium Salary,0
15793247,498,Poor,France,Male,31-40,5,0,Zero Balance,2,1,1,91711.66,Medium Salary,0
15572360,683,Good,France,Male,21-30,10,57657.49,Medium Balance,1,0,0,79240.9,Medium Salary,0
15795166,618,Fair,Germany,Male,41-50,8,153572.31,Very High Balance,2,1,1,76679.6,Medium Salary,0
15724620,538,Poor,France,Male,31-40,1,134752.08,High Balance,1,1,0,162511.55,Very High salary,0
15800856,643,Fair,Spain,Male,31-40,3,83132.09,Medium Balance,1,1,1,21360.88,Low Salary,0
15671097,428,Poor,France,Female,31-40,2,0,Zero Balance,2,1,0,54487.43,Medium Salary,0
15683930,593,Fair,Germany,Female,31-40,9,134096.53,High Balance,2,1,0,53931.05,Medium Salary,1
15749004,718,Good,France,Female,31-40,0,118100.59,High Balance,2,1,0,103165.15,High Salary,0
15800434,811,Excellent,Germany,Male,51-60,10,76915.4,Medium Balance,1,0,0,146359.81,High Salary,1
15709117,823,Excellent,Spain,Female,41-50,3,81576.75,Medium Balance,1,1,1,28370.95,Low Salary,1
15638806,645,Fair,Spain,Male,41-50,2,0,Zero Balance,2,0,0,10023.15,Low Salary,0
15662294,710,Good,France,Male,31-40,10,118327.17,High Balance,2,1,1,192928.82,Very High salary,0
15690079,591,Fair,Spain,Male,21-30,8,124857.69,High Balance,2,0,0,50485.7,Medium Salary,0
15759317,748,Very Good,Germany,Female,21-30,2,90971.85,Medium Balance,1,1,1,131662.47,High Salary,0
15750497,850,Excellent,France,Female,31-40,7,153147.75,Very High Balance,1,1,1,152235.3,Very High salary,0
15596181,542,Poor,France,Male,31-40,8,65942.26,Medium Balance,1,1,1,68093.23,Medium Salary,1
15576602,809,Excellent,France,Male,31-40,3,0,Zero Balance,2,1,1,80061.31,Medium Salary,0
15644833,675,Good,France,Male,51-60,2,0,Zero Balance,1,1,0,149583.67,High Salary,1
15734634,607,Fair,Spain,Female,21-30,5,100912.19,High Balance,1,0,0,7631.27,Low Salary,0
15808689,850,Excellent,France,Female,31-40,4,0,Zero Balance,2,1,1,33082.81,Low Salary,0
15720702,789,Very Good,France,Male,31-40,3,0,Zero Balance,1,1,0,121883.87,High Salary,1
15665077,598,Fair,France,Female,41-50,5,0,Zero Balance,3,1,1,100722.72,High Salary,1
15763612,756,Very Good,Germany,Male,41-50,2,124439.49,High Balance,2,0,1,47093.11,Low Salary,0
15596493,687,Good,France,Female,41-50,7,0,Zero Balance,2,1,1,177624.01,Very High salary,0
15704483,724,Good,France,Male,31-40,6,0,Zero Balance,2,0,0,106149.48,High Salary,0
15598846,700,Good,France,Female,41-50,2,58781.76,Medium Balance,1,1,0,16874.92,Low Salary,0
15629244,635,Fair,Spain,Male,41-50,7,159453.64,Very High Balance,2,0,0,54560.79,Medium Salary,1
15765537,687,Good,Germany,Male,21-30,2,142721.52,High Balance,1,1,1,153605.75,Very High salary,0
15729975,613,Fair,France,Female,41-50,8,167795.6,Very High Balance,1,0,1,44390.38,Low Salary,0
15682773,781,Very Good,France,Female,31-40,3,128345.69,High Balance,2,1,0,63218.85,Medium Salary,0
15688007,703,Good,Spain,Male,0-20,3,165260.98,Very High Balance,1,1,1,41626.78,Low Salary,0
15574331,593,Fair,Germany,Female,60+,3,118233.81,High Balance,1,0,1,24765.53,Low Salary,1
15645572,743,Very Good,France,Female,31-40,6,0,Zero Balance,1,1,0,28280.8,Low Salary,1
15742854,640,Fair,Spain,Female,41-50,8,0,Zero Balance,2,1,0,89043.19,Medium Salary,0
15575417,849,Excellent,Germany,Male,31-40,7,143452.74,High Balance,2,1,1,17294.12,Low Salary,0
15796721,778,Very Good,France,Male,31-40,3,145018.49,High Balance,2,1,1,126702.41,High Salary,0
15734942,539,Poor,Germany,Female,31-40,8,82407.51,Medium Balance,1,1,0,13123.41,Low Salary,0
15664772,489,Poor,Germany,Male,21-30,1,79460.98,Medium Balance,2,1,1,167973.63,Very High salary,0
15576683,568,Poor,Spain,Female,41-50,9,0,Zero Balance,1,1,0,125870.79,High Salary,1
15682563,618,Fair,Spain,Male,31-40,5,126473.99,High Balance,1,1,0,91972.49,Medium Salary,0
15650889,710,Good,Germany,Female,21-30,10,133537.1,High Balance,2,1,0,155593.74,Very High salary,0
15612108,625,Fair,France,Male,51-60,5,164978.01,Very High Balance,1,1,1,67788.49,Medium Salary,0
15761132,682,Good,Spain,Male,41-50,7,128029.72,High Balance,1,1,1,62615.35,Medium Salary,0
15645511,727,Good,Spain,Male,41-50,2,97403.18,Medium Balance,1,1,1,107415.02,High Salary,1
15609824,794,Very Good,France,Female,41-50,7,176845.41,Very High Balance,3,1,0,166526.26,Very High salary,1
15640268,652,Fair,Spain,Male,60+,4,0,Zero Balance,1,1,1,120107.1,High Salary,0
15645778,670,Good,Spain,Male,41-50,3,81589.04,Medium Balance,1,1,0,188227.8,Very High salary,0
15691104,460,Poor,Germany,Female,31-40,6,119507.58,High Balance,2,1,0,91560.63,Medium Salary,1
15714567,568,Poor,Spain,Female,21-30,6,0,Zero Balance,2,0,0,166495.2,Very High salary,0
15777826,643,Fair,France,Male,21-30,5,94443.77,Medium Balance,1,1,1,165614.4,Very High salary,0
15668445,521,Poor,France,Male,31-40,2,0,Zero Balance,2,1,1,86372.24,Medium Salary,0
15576162,615,Fair,France,Male,31-40,7,92199.84,Medium Balance,1,1,1,2755.53,Low Salary,0
15778135,575,Poor,Spain,Male,41-50,3,0,Zero Balance,1,1,0,83594.51,Medium Salary,0
15613141,717,Good,France,Female,41-50,3,135756.96,High Balance,1,1,1,103706.41,High Salary,0
15635435,648,Fair,France,Female,51-60,9,120633.42,High Balance,1,0,0,5924.38,Low Salary,1
15596552,535,Poor,Germany,Male,41-50,5,134542.73,High Balance,1,1,1,58203.67,Medium Salary,1
15623644,626,Fair,Spain,Male,21-30,7,0,Zero Balance,2,1,0,49361.84,Low Salary,0
15683403,611,Fair,Spain,Male,51-60,7,0,Zero Balance,1,0,1,73585.18,Medium Salary,1
15615029,734,Good,Spain,Male,31-40,6,0,Zero Balance,1,1,1,95135.27,Medium Salary,0
15769005,709,Good,France,Male,41-50,4,154344.49,Very High Balance,2,1,1,38794.57,Low Salary,0
15746326,591,Fair,France,Male,41-50,3,0,Zero Balance,2,0,1,198926.36,Very High salary,0
15722364,664,Fair,France,Male,41-50,9,189026.53,Very High Balance,2,1,1,56099.86,Medium Salary,0
15704954,431,Poor,France,Male,31-40,0,120764.08,High Balance,1,1,1,117023.08,High Salary,0
15694409,647,Fair,Germany,Female,21-30,3,97975.82,Medium Balance,2,0,1,62083,Medium Salary,0
15754068,578,Poor,France,Male,31-40,4,0,Zero Balance,2,1,1,141822.8,High Salary,0
15683841,555,Poor,Germany,Male,41-50,10,113270.2,High Balance,2,1,1,185387.14,Very High salary,0
15789095,775,Very Good,Spain,Male,21-30,4,0,Zero Balance,2,0,1,57461.13,Medium Salary,0
15719958,850,Excellent,Germany,Male,31-40,3,124548.99,High Balance,2,1,1,120380.12,High Salary,0
15689514,625,Fair,France,Male,41-50,8,201696.07,Very High Balance,1,1,0,133020.9,High Salary,1
15621353,645,Fair,Spain,Female,31-40,7,0,Zero Balance,2,1,0,13589.93,Low Salary,0
15627232,608,Fair,Germany,Male,41-50,7,114203.47,High Balance,1,1,1,77830.36,Medium Salary,1
15745843,689,Good,Spain,Female,31-40,4,0,Zero Balance,2,1,1,136610.02,High Salary,0
15722902,652,Fair,Germany,Male,41-50,8,125437.64,High Balance,1,1,1,17160.94,Low Salary,1
15791767,769,Very Good,France,Female,21-30,7,0,Zero Balance,2,1,0,176843.53,Very High salary,0
15792722,611,Fair,France,Female,41-50,8,64897.75,Medium Balance,1,1,0,114996.33,High Salary,0
15723006,489,Poor,France,Male,31-40,8,0,Zero Balance,2,0,1,196990.79,Very High salary,0
15771942,528,Poor,Germany,Female,41-50,9,135555.66,High Balance,1,1,0,133146.03,High Salary,1
15774738,632,Fair,France,Male,41-50,3,107764.75,High Balance,1,1,0,185667.72,Very High salary,0
15574004,429,Poor,France,Female,21-30,6,117307.44,High Balance,2,1,1,24020.49,Low Salary,0
15587233,457,Poor,France,Male,41-50,8,73700.12,Medium Balance,3,1,1,185750.02,Very High salary,1
15808228,768,Very Good,Spain,Female,41-50,6,60603.4,Medium Balance,1,1,1,178045.97,Very High salary,0
15682834,715,Good,Spain,Female,31-40,4,40169.88,Low Balance,2,1,1,199857.47,Very High salary,0
15571752,668,Fair,Germany,Female,31-40,10,92041.87,Medium Balance,1,1,1,43595.9,Low Salary,0
15743067,625,Fair,Germany,Male,21-30,3,130483.95,High Balance,1,1,0,122810.53,High Salary,0
15714466,846,Excellent,France,Female,41-50,5,0,Zero Balance,3,1,0,3440.47,Low Salary,1
15617982,661,Fair,Spain,Female,41-50,3,0,Zero Balance,2,1,0,35989.41,Low Salary,0
15696637,571,Poor,France,Female,21-30,10,151097.28,Very High Balance,1,0,1,17163.75,Low Salary,0
15690647,582,Fair,Spain,Female,41-50,8,67563.31,Medium Balance,1,1,0,44506.09,Low Salary,1
15672756,716,Good,France,Female,31-40,8,112808.18,High Balance,1,0,1,17848.3,Low Salary,0
15704586,758,Very Good,France,Female,41-50,7,0,Zero Balance,2,0,1,76209.56,Medium Salary,0
15674526,725,Good,France,Male,60+,4,86459.8,Medium Balance,1,1,1,141476.56,High Salary,0
15775295,630,Fair,France,Female,31-40,0,118633.08,High Balance,1,0,1,60032.46,Medium Salary,1
15684196,627,Fair,France,Female,51-60,2,159441.27,Very High Balance,1,1,0,100686.11,High Salary,1
15727281,653,Fair,France,Female,21-30,9,0,Zero Balance,2,1,0,96429.29,Medium Salary,0
15787835,775,Very Good,Germany,Female,31-40,4,125212.65,High Balance,2,1,1,15795.88,Low Salary,1
15730540,794,Very Good,Spain,Male,41-50,8,88656.37,Medium Balance,2,1,0,116547.31,High Salary,0
15646276,831,Excellent,France,Female,31-40,2,146033.62,High Balance,1,1,0,191260.74,Very High salary,0
15582180,561,Poor,France,Male,21-30,9,120268.13,High Balance,1,1,1,173870.39,Very High salary,0
15697095,705,Good,Spain,Male,41-50,7,0,Zero Balance,2,1,0,117273.35,High Salary,0
15748797,636,Fair,Spain,Female,31-40,0,0,Zero Balance,1,1,0,92277.47,Medium Salary,1
15754796,487,Poor,Germany,Female,41-50,4,135070.58,High Balance,2,1,1,44244.49,Low Salary,1
15628947,693,Good,France,Female,31-40,3,0,Zero Balance,2,0,0,78133.48,Medium Salary,1
15775546,517,Poor,Spain,Female,21-30,5,0,Zero Balance,2,1,0,103402.88,High Salary,0
15670481,684,Good,France,Female,21-30,9,122550.05,High Balance,2,0,1,137835.82,High Salary,0
15619029,620,Fair,Spain,Female,41-50,2,0,Zero Balance,2,1,0,20670.1,Low Salary,0
15613282,757,Very Good,France,Male,21-30,8,130306.49,High Balance,1,1,0,77469.38,Medium Salary,0
15721487,739,Good,France,Female,21-30,6,0,Zero Balance,1,1,1,57572.38,Medium Salary,0
15797276,662,Fair,Spain,Female,41-50,4,90350.77,Medium Balance,1,1,0,75884.65,Medium Salary,1
15612494,359,Poor,France,Female,41-50,6,128747.69,High Balance,1,1,0,146955.71,High Salary,1
15629617,572,Poor,Spain,Male,21-30,2,126873.52,High Balance,1,0,1,67040.12,Medium Salary,0
15600821,721,Good,France,Male,60+,2,108424.19,High Balance,1,1,1,178418.35,Very High salary,0
15579062,707,Good,France,Male,31-40,9,0,Zero Balance,2,0,0,30807.02,Low Salary,0
15814268,444,Poor,France,Female,31-40,5,84350.07,Medium Balance,1,1,0,143835.76,High Salary,0
15710164,523,Poor,France,Female,60+,7,0,Zero Balance,2,0,0,130883.9,High Salary,1
15693904,685,Good,Germany,Female,21-30,4,84958.6,Medium Balance,2,0,1,194343.72,Very High salary,0
15588986,673,Good,Germany,Female,21-30,4,99097.36,Medium Balance,1,1,1,9796.69,Low Salary,0
15797733,503,Poor,Germany,Male,21-30,10,136622.55,High Balance,2,0,0,47310.24,Low Salary,0
15620507,485,Poor,Germany,Female,21-30,5,156771.68,Very High Balance,1,1,1,141148.21,High Salary,0
15685150,799,Very Good,Germany,Male,21-30,7,167658.33,Very High Balance,2,1,1,111138.25,High Salary,0
15667651,585,Fair,Spain,Female,31-40,8,0,Zero Balance,2,1,0,114182.07,High Salary,0
15774166,607,Fair,Germany,Female,21-30,2,109483.54,High Balance,2,0,1,127560.77,High Salary,0
15649280,521,Poor,Germany,Female,31-40,9,134504.78,High Balance,1,1,0,18082.06,Low Salary,0
15705657,535,Poor,France,Female,41-50,2,114427.86,High Balance,1,1,1,136330.26,High Salary,0
15753969,724,Good,Spain,Male,41-50,5,83888.54,Medium Balance,1,0,1,34121.81,Low Salary,0
15742378,520,Poor,Germany,Male,31-40,5,110029.77,High Balance,1,1,0,56246.69,Medium Salary,0
15794874,696,Good,Spain,Male,41-50,9,127523.75,High Balance,1,0,1,191417.42,Very High salary,0
15589221,657,Fair,Germany,Male,21-30,1,139762.13,High Balance,2,1,1,23317.88,Low Salary,0
15596671,603,Fair,Spain,Female,41-50,8,91611.12,Medium Balance,1,0,0,144675.3,High Salary,1
15583668,726,Good,France,Female,41-50,2,109471.79,High Balance,1,0,1,175161.05,Very High salary,0
15710206,591,Fair,France,Female,31-40,4,150500.64,Very High Balance,1,1,0,14928.8,Low Salary,0
15799966,792,Very Good,Germany,Female,51-60,9,101609.77,High Balance,1,0,0,161479.19,Very High salary,1
15794560,550,Poor,France,Male,51-60,5,0,Zero Balance,1,1,1,133501.94,High Salary,0
15626485,601,Fair,France,Female,21-30,8,78892.23,Medium Balance,1,1,1,23703.52,Low Salary,0
15703143,820,Excellent,France,Female,21-30,3,82344.84,Medium Balance,1,0,1,115985.38,High Salary,0
15809772,667,Fair,France,Male,41-50,2,0,Zero Balance,1,1,0,43229.2,Low Salary,0
15687959,573,Poor,Spain,Female,41-50,4,0,Zero Balance,1,1,1,94862.93,Medium Salary,0
15585282,755,Very Good,France,Male,60+,1,127706.33,High Balance,2,0,1,142377.69,High Salary,0
15714993,552,Poor,France,Female,41-50,9,124349.34,High Balance,1,1,0,135635.25,High Salary,0
15596021,598,Fair,Spain,Male,41-50,8,0,Zero Balance,2,1,0,148487.9,High Salary,0
15646615,576,Poor,Germany,Male,21-30,1,119336.29,High Balance,2,0,1,58976.85,Medium Salary,0
15742632,670,Good,France,Female,31-40,9,0,Zero Balance,1,0,1,76254.83,Medium Salary,0
15574068,504,Poor,Germany,Male,51-60,9,104217.3,High Balance,1,0,0,55857.48,Medium Salary,1
15806967,778,Very Good,France,Female,60+,7,0,Zero Balance,1,1,1,77867.23,Medium Salary,0
15796334,558,Poor,Germany,Male,31-40,10,144757.02,High Balance,1,1,0,22878.16,Low Salary,1
15688713,627,Fair,Spain,Male,41-50,6,0,Zero Balance,1,1,1,114469.55,High Salary,0
15796179,683,Good,France,Male,41-50,8,0,Zero Balance,1,1,0,96754.8,Medium Salary,0
15598751,556,Poor,France,Female,41-50,6,0,Zero Balance,3,0,0,125154.57,High Salary,1
15703019,583,Fair,France,Female,31-40,10,0,Zero Balance,2,0,1,113597.64,High Salary,0
15646302,705,Good,France,Female,21-30,7,100169.51,High Balance,1,1,0,121408.55,High Salary,0
15680855,637,Fair,France,Male,31-40,2,145731.83,High Balance,1,0,1,109219.43,High Salary,0
15697311,697,Good,Spain,Male,51-60,5,110802.03,High Balance,1,1,1,50230.31,Medium Salary,1
15585367,555,Poor,Germany,Female,41-50,4,120392.99,High Balance,1,1,0,177719.88,Very High salary,1
15726556,594,Fair,Germany,Female,21-30,6,135067.52,High Balance,2,0,0,131211.86,High Salary,0
15676242,632,Fair,Spain,Male,31-40,3,136556.44,High Balance,1,1,0,82152.83,Medium Salary,1
15684198,551,Poor,France,Female,31-40,10,0,Zero Balance,2,1,1,216.27,Low Salary,0
15774882,687,Good,France,Female,31-40,3,99587.43,Medium Balance,1,1,1,1713.1,Low Salary,1
15714227,672,Good,France,Female,51-60,7,0,Zero Balance,1,1,1,136910.18,High Salary,0
15608653,521,Poor,Spain,Female,31-40,7,70731.07,Medium Balance,1,1,1,20243.97,Low Salary,1
15784280,686,Good,Germany,Male,31-40,2,109342.82,High Balance,2,0,1,86043.27,Medium Salary,0
15789546,639,Fair,Spain,Male,21-30,8,0,Zero Balance,2,1,0,126561.07,High Salary,0
15590320,850,Excellent,France,Male,60+,4,0,Zero Balance,2,0,1,64350.8,Medium Salary,0
15678385,465,Poor,France,Male,21-30,2,78247.31,Medium Balance,2,1,1,10472.31,Low Salary,0
15571778,817,Excellent,France,Female,51-60,10,117561.49,High Balance,1,1,0,95941.55,Medium Salary,1
15657085,578,Poor,France,Male,21-30,10,88980.32,Medium Balance,1,1,1,125222.36,High Salary,0
15640627,611,Fair,Spain,Male,31-40,4,0,Zero Balance,2,1,0,170950.58,Very High salary,0
15566211,616,Fair,Germany,Female,41-50,1,103560.57,High Balance,1,1,0,236.45,Low Salary,1
15669293,517,Poor,France,Male,31-40,5,113308.84,High Balance,1,0,1,31517.16,Low Salary,0
15595067,637,Fair,Spain,Female,31-40,6,0,Zero Balance,2,1,1,181610.6,Very High salary,0
15753566,806,Excellent,France,Female,31-40,3,63763.49,Medium Balance,1,1,0,156593.09,Very High salary,0
15650391,633,Fair,France,Female,21-30,7,169988.35,Very High Balance,1,1,0,4272,Low Salary,0
15681843,624,Fair,Germany,Female,31-40,0,180303.24,Very High Balance,2,1,0,163587.9,Very High salary,0
15814846,691,Good,France,Male,51-60,3,0,Zero Balance,1,1,0,175843.68,Very High salary,1
15670374,819,Excellent,Germany,Female,41-50,1,120656.86,High Balance,4,0,0,166164.3,Very High salary,1
15762332,568,Poor,Germany,Female,31-40,1,61592.14,Medium Balance,2,1,1,61796.64,Medium Salary,0
15700223,806,Excellent,France,Male,41-50,4,164701.68,Very High Balance,1,1,1,21439.49,Low Salary,0
15729956,726,Good,Spain,Female,21-30,1,80780.16,Medium Balance,1,1,1,19225.85,Low Salary,0
15594862,552,Poor,France,Male,31-40,8,0,Zero Balance,2,0,0,132547.02,High Salary,0
15598782,755,Very Good,Germany,Female,21-30,6,154221.37,Very High Balance,2,0,1,62688.55,Medium Salary,0
15745080,634,Fair,France,Male,21-30,8,0,Zero Balance,1,1,0,21760.96,Low Salary,0
15703399,756,Very Good,France,Female,21-30,5,101641.14,High Balance,2,0,1,154460.68,Very High salary,0
15732175,776,Very Good,France,Male,31-40,2,0,Zero Balance,1,0,1,8065,Low Salary,0
15630725,649,Fair,France,Female,41-50,5,92786.66,Medium Balance,1,1,0,173365.9,Very High salary,1
15640260,595,Fair,Germany,Male,31-40,8,131081.66,High Balance,2,1,1,69428.79,Medium Salary,0
15716822,646,Fair,France,Male,21-30,5,98014.74,Medium Balance,1,1,1,12757.14,Low Salary,0
15583748,592,Fair,Spain,Male,31-40,8,0,Zero Balance,2,1,0,180426.2,Very High salary,0
15605968,574,Poor,France,Male,21-30,8,97460.1,Medium Balance,1,1,1,43093.67,Low Salary,0
15790683,850,Excellent,France,Male,31-40,1,104077.19,High Balance,2,0,1,68594,Medium Salary,0
15607713,850,Excellent,Spain,Female,21-30,1,0,Zero Balance,2,1,1,197996.65,Very High salary,0
15700212,475,Poor,France,Female,41-50,10,0,Zero Balance,2,0,0,122953,High Salary,1
15626710,642,Fair,France,Female,31-40,4,0,Zero Balance,1,1,1,76821.24,Medium Salary,0
15716491,710,Good,Spain,Female,51-60,4,93656.95,Medium Balance,1,0,1,141400.51,High Salary,1
15625824,596,Fair,Spain,Male,21-30,6,121345.88,High Balance,4,1,0,41921.75,Low Salary,1
15617705,609,Fair,France,Female,31-40,8,141675.23,High Balance,1,0,1,175664.25,Very High salary,0
15761976,797,Very Good,Spain,Female,31-40,8,0,Zero Balance,2,1,0,117916.63,High Salary,0
15634891,504,Poor,Germany,Female,41-50,7,102365.49,High Balance,1,1,0,194690.77,Very High salary,1
15744517,735,Good,Spain,Male,41-50,9,0,Zero Balance,1,0,0,166677.35,Very High salary,1
15686963,680,Good,Spain,Female,21-30,3,0,Zero Balance,1,1,0,160131.58,Very High salary,0
15808189,449,Poor,France,Male,51-60,6,0,Zero Balance,2,0,1,123622,High Salary,0
15580845,685,Good,Germany,Male,51-60,7,101868.51,High Balance,1,0,1,113483.96,High Salary,0
15799156,569,Poor,Spain,Male,31-40,8,0,Zero Balance,2,0,0,79618.79,Medium Salary,0
15694296,631,Fair,France,Male,31-40,9,112392.45,High Balance,2,1,0,24472.23,Low Salary,0
15677049,595,Fair,Germany,Female,21-30,7,106570.34,High Balance,2,0,1,177025.79,Very High salary,0
15583595,461,Poor,France,Female,21-30,8,0,Zero Balance,1,1,1,103349.74,High Salary,0
15590146,630,Fair,France,Male,41-50,1,81947.76,Medium Balance,1,0,1,63606.22,Medium Salary,1
15801548,661,Fair,France,Female,31-40,7,144162.3,High Balance,2,1,1,14490.79,Low Salary,0
15660833,796,Very Good,Germany,Male,31-40,5,86350.87,Medium Balance,2,0,0,105080.53,High Salary,0
15762277,710,Good,France,Male,41-50,5,158623.14,Very High Balance,1,0,0,83499.89,Medium Salary,1
15791302,741,Very Good,France,Male,31-40,8,0,Zero Balance,2,1,0,143598.7,High Salary,0
15798975,606,Fair,Germany,Male,41-50,4,132403.56,High Balance,1,0,0,36091.91,Low Salary,1
15599956,747,Very Good,France,Male,21-30,10,0,Zero Balance,2,0,0,13007.89,Low Salary,0
15577274,549,Poor,Germany,Female,41-50,3,134985.66,High Balance,1,1,0,6101.41,Low Salary,0
15701200,576,Poor,France,Male,31-40,6,0,Zero Balance,2,1,1,48314,Low Salary,0
15638149,528,Poor,France,Male,31-40,6,103772.45,High Balance,1,1,0,197111.99,Very High salary,0
15786199,535,Poor,France,Male,31-40,2,133040.32,High Balance,1,1,1,110299.78,High Salary,0
15701765,575,Poor,Spain,Female,31-40,0,0,Zero Balance,2,0,0,30114.32,Low Salary,0
15586974,656,Fair,France,Male,31-40,10,0,Zero Balance,2,1,1,98894.64,Medium Salary,0
15729040,440,Poor,France,Male,41-50,2,0,Zero Balance,2,1,0,49826.68,Low Salary,0
15788676,539,Poor,Spain,Male,31-40,8,71460.67,Medium Balance,2,1,1,10074.05,Low Salary,0
15602497,850,Excellent,Spain,Male,31-40,6,133214.13,High Balance,1,0,1,20769.88,Low Salary,0
15701333,646,Fair,France,Female,31-40,7,96558.66,Medium Balance,1,0,0,163427.18,Very High salary,0
15812071,744,Very Good,France,Male,51-60,6,93806.31,Medium Balance,2,0,1,140068.77,High Salary,0
15634375,710,Good,Spain,Female,31-40,8,0,Zero Balance,2,0,0,83206.19,Medium Salary,0
15738267,544,Poor,France,Female,60+,3,124043.8,High Balance,1,1,1,111402.97,High Salary,1
15786800,723,Good,Germany,Male,51-60,5,131694.97,High Balance,1,0,1,92873.5,Medium Salary,1
15591130,507,Poor,Spain,Female,21-30,6,0,Zero Balance,2,0,1,94780.9,Medium Salary,0
15720662,787,Very Good,France,Female,31-40,1,106266.8,High Balance,1,1,1,16607.15,Low Salary,0
15751531,598,Fair,Spain,Male,41-50,8,0,Zero Balance,2,1,1,161954.43,Very High salary,0
15653595,796,Very Good,France,Male,51-60,6,0,Zero Balance,2,0,1,194733.28,Very High salary,0
15568360,569,Poor,Spain,Female,41-50,4,139840.36,High Balance,1,1,1,163524.7,Very High salary,0
15781210,711,Good,France,Male,31-40,8,0,Zero Balance,2,0,0,48260.19,Low Salary,0
15668058,661,Fair,Germany,Male,31-40,8,124098.54,High Balance,1,1,0,86678.48,Medium Salary,0
15597131,415,Poor,France,Male,31-40,5,145807.59,High Balance,1,1,1,3064.65,Low Salary,0
15697283,578,Poor,Spain,Male,21-30,8,0,Zero Balance,2,1,0,112124.98,High Salary,0
15640953,611,Fair,France,Female,21-30,2,107508.93,High Balance,2,1,1,120801.65,High Salary,0
15715031,600,Fair,France,Female,21-30,6,0,Zero Balance,2,0,1,52193.23,Medium Salary,0
15589660,661,Fair,Germany,Female,31-40,1,145980.23,High Balance,1,0,1,56636.28,Medium Salary,0
15769818,850,Excellent,France,Female,31-40,3,212778.2,Very High Balance,1,0,1,69372.88,Medium Salary,0
15782736,573,Poor,Germany,Female,41-50,4,152522.47,Very High Balance,1,0,1,164038.07,Very High salary,1
15614818,764,Very Good,Spain,Female,31-40,9,168964.77,Very High Balance,1,0,1,118982.51,High Salary,0
15794014,838,Excellent,France,Female,31-40,8,0,Zero Balance,2,1,0,27472.07,Low Salary,0
15732448,821,Excellent,France,Female,21-30,8,0,Zero Balance,1,1,1,36754.13,Low Salary,0
15723411,607,Fair,Spain,Female,31-40,4,98266.3,Medium Balance,1,1,1,46416.36,Low Salary,0
15797686,558,Poor,France,Male,31-40,8,113000.92,High Balance,1,1,1,152872.39,Very High salary,0
15605950,530,Poor,Germany,Male,21-30,1,137060.88,High Balance,2,1,1,165227.23,Very High salary,0
15812497,654,Fair,Germany,Male,31-40,5,112146.12,High Balance,1,1,0,75927.35,Medium Salary,0
15690678,530,Poor,France,Female,31-40,4,129307.32,High Balance,1,1,1,172930.28,Very High salary,0
15747677,656,Fair,Spain,Male,60+,6,163975.09,Very High Balance,1,1,1,36108.5,Low Salary,0
15618926,520,Poor,Spain,Male,41-50,7,0,Zero Balance,2,1,1,36202.74,Low Salary,0
15673908,602,Fair,Germany,Female,41-50,6,158414.85,Very High Balance,1,1,1,131886.46,High Salary,0
15727944,701,Good,Germany,Female,41-50,1,92072.68,Medium Balance,1,1,1,133992.36,High Salary,0
15807294,653,Fair,Spain,Female,21-30,2,88243.29,Medium Balance,2,1,1,96658.26,Medium Salary,0
15618581,668,Fair,Spain,Male,21-30,8,0,Zero Balance,2,1,1,135112.09,High Salary,0
15584364,652,Fair,France,Male,41-50,4,59486.31,Medium Balance,1,1,0,163944.18,Very High salary,1
15599552,639,Fair,Spain,Female,51-60,2,0,Zero Balance,2,1,1,53843.71,Medium Salary,0
15749177,730,Good,Spain,Female,51-60,7,0,Zero Balance,2,0,1,122398.84,High Salary,0
15718779,780,Very Good,France,Male,31-40,1,0,Zero Balance,1,1,1,64804.04,Medium Salary,0
15568106,592,Fair,France,Female,31-40,8,119278.01,High Balance,2,0,1,19370.73,Low Salary,0
15779481,628,Fair,France,Male,31-40,4,158741.43,Very High Balance,2,1,1,126192.54,High Salary,0
15709994,658,Fair,France,Female,31-40,7,140596.95,High Balance,1,0,1,135459.02,High Salary,1
15772777,850,Excellent,Spain,Female,21-30,10,0,Zero Balance,2,1,1,94815.04,Medium Salary,0
15706815,515,Poor,Germany,Male,31-40,2,90432.92,Medium Balance,1,1,1,188366.04,Very High salary,1
15618018,571,Poor,France,Female,31-40,1,104783.81,High Balance,2,0,1,178512.52,Very High salary,0
15671032,760,Very Good,Germany,Male,41-50,0,77992.97,Medium Balance,2,1,1,97906.38,Medium Salary,0
15634281,720,Good,Germany,Female,41-50,10,110822.9,High Balance,1,0,0,72861.94,Medium Salary,0
15766374,632,Fair,Germany,Male,41-50,4,119624.6,High Balance,2,1,1,195978.86,Very High salary,0
15600991,694,Good,Germany,Male,31-40,6,109052.59,High Balance,2,1,1,19448.93,Low Salary,1
15777576,559,Poor,Spain,Female,31-40,5,139129.44,High Balance,1,0,1,32635.54,Low Salary,0
15742613,773,Very Good,Germany,Female,41-50,8,152324.66,Very High Balance,2,1,0,171733.22,Very High salary,0
15649523,581,Fair,France,Male,31-40,1,0,Zero Balance,2,1,0,46176.22,Low Salary,0
15651063,524,Poor,Germany,Female,31-40,9,127480.58,High Balance,2,1,0,179634.69,Very High salary,0
15683124,713,Good,France,Male,51-60,6,115029.4,High Balance,1,0,0,191521.32,Very High salary,1
15618314,676,Good,France,Male,31-40,8,114005.78,High Balance,1,1,1,67998.45,Medium Salary,0
15670823,651,Fair,Germany,Female,41-50,1,116646.76,High Balance,1,1,0,44731.8,Low Salary,1
15607133,717,Good,Spain,Female,41-50,1,110864.38,High Balance,2,1,1,124532.9,High Salary,1
15615012,594,Fair,France,Male,21-30,5,156267.59,Very High Balance,1,1,0,160968.44,Very High salary,0
15725141,716,Good,France,Female,41-50,3,109528.28,High Balance,1,1,0,27341.63,Low Salary,1
15623560,668,Fair,France,Female,31-40,6,102482.76,High Balance,1,1,1,53994.64,Medium Salary,0
15693018,678,Good,Germany,Male,21-30,10,115563.71,High Balance,1,1,1,91633.53,Medium Salary,0
15636756,545,Poor,France,Male,21-30,2,0,Zero Balance,2,1,0,189613.12,Very High salary,0
15647474,613,Fair,France,Female,31-40,9,95624.36,Medium Balance,2,1,1,60706.33,Medium Salary,0
15576714,687,Good,Spain,Female,21-30,8,0,Zero Balance,2,1,1,154767.34,Very High salary,0
15585047,715,Good,France,Male,21-30,7,160376.61,Very High Balance,1,0,0,196853.11,Very High salary,0
15743976,618,Fair,Germany,Male,41-50,8,37702.79,Low Balance,1,1,1,195775.48,Very High salary,0
15793881,721,Good,France,Female,31-40,6,118273.83,High Balance,1,0,1,3086.89,Low Salary,0
15576517,445,Poor,Germany,Female,31-40,7,131082.17,High Balance,2,1,1,70618,Medium Salary,0
15631072,690,Good,France,Male,31-40,1,94456,Medium Balance,2,0,1,55034.02,Medium Salary,0
15730394,709,Good,France,Female,41-50,8,0,Zero Balance,2,0,0,168035.62,Very High salary,1
15631460,671,Good,Spain,Female,41-50,3,0,Zero Balance,2,1,1,128449.33,High Salary,0
15692002,538,Poor,France,Male,31-40,6,93791.38,Medium Balance,1,1,1,199249.29,Very High salary,0
15595282,735,Good,France,Female,31-40,4,0,Zero Balance,2,1,0,149474.69,High Salary,0
15789548,592,Fair,France,Female,31-40,7,0,Zero Balance,2,1,1,126726.33,High Salary,0
15758035,747,Very Good,France,Male,60+,7,155973.13,Very High Balance,1,0,1,147554.26,High Salary,0
15617518,675,Good,Germany,Male,31-40,7,89409.95,Medium Balance,1,1,1,149399.7,High Salary,0
15651802,632,Fair,Spain,Female,31-40,5,97854.37,Medium Balance,2,1,0,93536.38,Medium Salary,0
15631813,621,Fair,France,Male,31-40,6,0,Zero Balance,2,1,1,58883.91,Medium Salary,0
15729668,521,Poor,Spain,Male,21-30,3,60280.62,Medium Balance,1,1,0,154271.41,Very High salary,0
15741728,591,Fair,Spain,Male,31-40,7,135216.8,High Balance,1,1,1,122022.89,High Salary,0
15576676,706,Good,Germany,Female,21-30,6,124923.35,High Balance,2,1,1,50299.14,Medium Salary,0
15711378,677,Good,France,Male,31-40,4,0,Zero Balance,2,1,0,187800.63,Very High salary,0
15765520,769,Very Good,Germany,Male,21-30,7,188614.07,Very High Balance,1,1,0,171344.09,Very High salary,0
15656726,771,Very Good,France,Male,31-40,5,62321.62,Medium Balance,1,1,1,40920.59,Low Salary,0
15647842,601,Fair,Germany,Female,41-50,8,120782.7,High Balance,1,1,0,63940.68,Medium Salary,1
15719309,670,Good,France,Female,41-50,1,115961.58,High Balance,2,0,1,29483.87,Low Salary,0
15748718,517,Poor,France,Male,21-30,2,115062.61,High Balance,1,1,0,179056.23,Very High salary,0
15594404,834,Excellent,France,Female,41-50,8,160602.25,Very High Balance,2,1,0,129273.94,High Salary,0
15751158,571,Poor,France,Female,41-50,4,108825.34,High Balance,3,1,0,55558.51,Medium Salary,1
15593470,576,Poor,Germany,Female,31-40,8,166287.85,Very High Balance,1,1,1,23305.85,Low Salary,0
15695129,718,Good,France,Female,31-40,1,152663.77,Very High Balance,1,0,1,17128.64,Low Salary,0
15640865,636,Fair,Germany,Female,31-40,9,80844.69,Medium Balance,2,1,1,74641.9,Medium Salary,0
15714080,566,Poor,Germany,Female,31-40,2,97001.36,Medium Balance,2,1,0,154486.01,Very High salary,0
15648721,711,Good,France,Male,60+,4,0,Zero Balance,2,1,1,3185.67,Low Salary,0
15801466,574,Poor,France,Female,31-40,2,122524.61,High Balance,2,1,0,88463.63,Medium Salary,0
15750248,619,Fair,France,Female,31-40,8,132292.63,High Balance,1,1,0,65682.93,Medium Salary,0
15758726,588,Fair,France,Female,21-30,0,0,Zero Balance,2,1,1,140586.08,High Salary,0
15781553,760,Very Good,Germany,Female,41-50,9,91502.99,Medium Balance,1,1,0,117232.9,High Salary,1
15649121,665,Fair,France,Male,51-60,3,0,Zero Balance,1,1,0,116137.01,High Salary,1
15674811,739,Good,Germany,Male,21-30,3,59385.98,Medium Balance,2,1,1,105533.96,High Salary,0
15646037,641,Fair,France,Male,60+,9,0,Zero Balance,3,1,1,81514.06,Medium Salary,0
15722578,685,Good,Germany,Female,21-30,6,97956.5,Medium Balance,1,1,1,164966.27,Very High salary,0
15665695,594,Fair,France,Female,41-50,4,0,Zero Balance,2,1,1,23631.55,Low Salary,0
15801062,557,Poor,Spain,Female,31-40,4,0,Zero Balance,2,0,1,105433.53,High Salary,0
15662955,697,Good,France,Male,21-30,8,141223.68,High Balance,2,1,0,90591.15,Medium Salary,0
15770309,656,Fair,France,Male,0-20,10,151762.74,Very High Balance,1,0,1,127014.32,High Salary,0
15657386,712,Good,Germany,Male,41-50,1,141749.74,High Balance,2,0,1,90905.26,Medium Salary,0
15777797,689,Good,Spain,Male,31-40,5,75075.14,Medium Balance,1,1,1,8651.92,Low Salary,1
15783955,697,Good,France,Female,21-30,4,165686.11,Very High Balance,2,1,0,15467.98,Low Salary,0
15804516,589,Fair,France,Male,31-40,2,0,Zero Balance,1,1,0,79915.28,Medium Salary,0
15681758,525,Poor,Spain,Female,21-30,10,0,Zero Balance,2,1,0,69361.95,Medium Salary,0
15630321,680,Good,France,Male,41-50,3,0,Zero Balance,2,1,0,86935.08,Medium Salary,0
15588248,617,Fair,France,Female,21-30,0,0,Zero Balance,2,1,1,7597.83,Low Salary,1
15591932,680,Good,France,Male,31-40,5,92961.61,Medium Balance,1,1,0,116957.6,High Salary,0
15810347,662,Fair,Spain,Female,21-30,9,0,Zero Balance,2,0,1,157884.83,Very High salary,0
15595303,736,Good,Germany,Male,41-50,5,130812.91,High Balance,1,1,1,77981.54,Medium Salary,1
15634950,657,Fair,Germany,Male,51-60,8,107174.58,High Balance,1,1,1,126369.55,High Salary,1
15685372,350,Poor,Spain,Male,51-60,1,152677.48,Very High Balance,1,1,1,191973.49,Very High salary,1
15745827,617,Fair,France,Male,21-30,3,132005.77,High Balance,1,1,0,142940.39,High Salary,0
15755868,562,Poor,France,Male,31-40,7,0,Zero Balance,1,0,0,48869.67,Low Salary,0
15735222,705,Good,Spain,Female,21-30,5,0,Zero Balance,2,1,1,73131.73,Medium Salary,0
15604804,516,Poor,France,Female,31-40,7,127305.5,High Balance,1,1,1,120037.36,High Salary,0
15718944,573,Poor,France,Female,31-40,6,0,Zero Balance,2,1,0,193995.37,Very High salary,0
15678626,538,Poor,Spain,Female,31-40,0,0,Zero Balance,2,0,0,179453.66,Very High salary,0
15571550,699,Good,France,Male,31-40,9,0,Zero Balance,1,1,0,80963.92,Medium Salary,0
15723053,504,Poor,Germany,Male,31-40,8,170291.22,Very High Balance,2,0,1,15658.99,Low Salary,0
15661528,583,Fair,Spain,Male,41-50,5,102562.23,High Balance,1,1,0,92708.1,Medium Salary,0
15754177,712,Good,Spain,Male,51-60,2,111061.01,High Balance,2,0,0,26542.17,Low Salary,0
15683544,626,Fair,Spain,Male,60+,3,0,Zero Balance,1,1,1,65010.74,Medium Salary,0
15708048,631,Fair,France,Female,31-40,4,124379.14,High Balance,1,1,0,106892.91,High Salary,0
15701109,663,Fair,France,Female,31-40,7,0,Zero Balance,1,1,1,185210.63,Very High salary,0
15600110,506,Poor,Germany,Female,41-50,3,57745.76,Medium Balance,1,1,0,4035.46,Low Salary,0
15651533,570,Poor,Germany,Female,41-50,5,129293.74,High Balance,1,1,0,177805.44,Very High salary,1
15777904,703,Good,France,Female,41-50,7,0,Zero Balance,2,1,1,68831.72,Medium Salary,0
15655574,698,Good,Germany,Female,31-40,8,150777.1,Very High Balance,1,1,0,114732.62,High Salary,0
15569423,731,Good,Spain,Male,41-50,4,0,Zero Balance,2,1,0,22299.27,Low Salary,0
15718106,625,Fair,France,Male,31-40,6,0,Zero Balance,2,0,0,197283.2,Very High salary,0
15585067,634,Fair,Spain,Male,31-40,9,108632.48,High Balance,1,1,1,179485.96,Very High salary,1
15675501,616,Fair,France,Male,51-60,5,153861.1,Very High Balance,1,1,1,17699.48,Low Salary,0
15633233,500,Poor,France,Male,51-60,1,100374.58,High Balance,1,1,0,118490.8,High Salary,1
15667134,446,Poor,France,Male,31-40,8,0,Zero Balance,2,0,0,133292.94,High Salary,0
15659105,669,Fair,France,Female,41-50,9,61196.54,Medium Balance,1,1,0,58170.24,Medium Salary,0
15575409,581,Fair,Germany,Male,31-40,6,116891.72,High Balance,1,1,0,107137.3,High Salary,0
15752342,704,Good,Germany,Female,51-60,6,133656.91,High Balance,3,1,0,145071.33,High Salary,1
15654851,748,Very Good,France,Male,41-50,2,92911.52,Medium Balance,1,0,1,85495.24,Medium Salary,0
15741429,680,Good,Spain,Female,31-40,9,119825.75,High Balance,2,1,1,101139.3,High Salary,0
15682356,655,Fair,France,Female,31-40,7,111852.84,High Balance,2,1,0,10511.13,Low Salary,0
15806447,690,Good,Germany,Male,31-40,0,106683.52,High Balance,2,1,1,137916.49,High Salary,0
15800229,695,Good,Germany,Male,31-40,7,139022.24,High Balance,1,0,1,193383.13,Very High salary,0
15663441,700,Good,Germany,Female,31-40,4,148571.07,High Balance,1,1,0,189826.96,Very High salary,1
15791991,773,Very Good,France,Male,51-60,4,0,Zero Balance,1,0,1,144113.42,High Salary,0
15775082,749,Very Good,France,Male,41-50,1,129776.72,High Balance,2,0,1,143538.51,High Salary,0
15579706,611,Fair,France,Female,41-50,5,0,Zero Balance,1,1,0,77677.14,Medium Salary,1
15718247,606,Fair,Spain,Female,41-50,8,0,Zero Balance,2,1,1,183717.94,Very High salary,0
15755722,554,Poor,France,Male,21-30,10,0,Zero Balance,1,0,0,92180.62,Medium Salary,0
15582259,567,Poor,France,Female,31-40,7,0,Zero Balance,2,1,1,28690.9,Low Salary,0
15716994,559,Poor,Spain,Male,21-30,3,114739.92,High Balance,1,1,0,85891.02,Medium Salary,1
15586880,594,Fair,Germany,Male,41-50,2,122545.65,High Balance,2,1,1,42050.24,Low Salary,0
15713854,513,Poor,France,Female,31-40,6,0,Zero Balance,2,1,0,110142.34,High Salary,0
15780835,652,Fair,Germany,Female,21-30,1,131908.35,High Balance,1,1,1,179269.79,Very High salary,0
15675896,680,Good,Germany,Female,41-50,7,105722.69,High Balance,1,1,1,90558.24,Medium Salary,1
15658459,784,Very Good,Spain,Male,31-40,10,0,Zero Balance,2,1,0,162022.47,Very High salary,0
15658057,812,Excellent,Spain,Female,41-50,8,0,Zero Balance,3,1,0,66926.83,Medium Salary,1
15801767,784,Very Good,Spain,Female,31-40,8,0,Zero Balance,2,1,0,108891.3,High Salary,0
15569178,570,Poor,France,Female,0-20,4,82767.42,Medium Balance,1,1,0,71811.9,Medium Salary,0
15731478,712,Good,France,Female,41-50,1,87842.98,Medium Balance,1,0,0,92223.59,Medium Salary,0
15811236,705,Good,Spain,Male,31-40,6,133261.13,High Balance,1,1,1,78065.9,Medium Salary,0
15746749,681,Good,Spain,Female,31-40,3,0,Zero Balance,2,1,1,59679.9,Medium Salary,0
15662758,620,Fair,France,Male,41-50,0,97925.11,Medium Balance,1,1,0,85000.32,Medium Salary,0
15709387,711,Good,France,Male,51-60,5,0,Zero Balance,1,1,1,159808.95,Very High salary,0
15572093,613,Fair,France,Female,21-30,7,140453.91,High Balance,1,1,0,129001.3,High Salary,0
15713826,613,Fair,Germany,Female,0-20,0,117356.19,High Balance,1,0,0,113557.7,High Salary,1
15570205,682,Good,Spain,Male,31-40,5,0,Zero Balance,2,1,1,147758.51,High Salary,0
15589348,850,Excellent,Spain,Male,31-40,4,137204.77,High Balance,1,1,1,28865.59,Low Salary,0
15804610,601,Fair,France,Female,41-50,1,0,Zero Balance,2,0,1,160607.06,Very High salary,0
15700854,595,Fair,Spain,Male,31-40,8,0,Zero Balance,1,1,0,100015.79,High Salary,1
15758836,675,Good,Spain,Male,31-40,3,54098.18,Medium Balance,2,0,1,54478.52,Medium Salary,0
15772933,591,Fair,Spain,Male,31-40,8,0,Zero Balance,1,1,1,141677.33,High Salary,0
15809006,602,Fair,France,Male,21-30,7,113758.48,High Balance,2,0,0,84077.6,Medium Salary,0
15689612,554,Poor,Spain,Female,31-40,8,0,Zero Balance,1,0,1,106981.03,High Salary,0
15744614,541,Poor,France,Male,31-40,9,118636.92,High Balance,1,1,1,73551.44,Medium Salary,0
15704250,506,Poor,France,Male,31-40,7,0,Zero Balance,2,0,0,115842.1,High Salary,0
15700255,814,Excellent,Germany,Male,41-50,8,95488.82,Medium Balance,2,0,0,107013.59,High Salary,0
15669410,683,Good,France,Male,21-30,8,110829.52,High Balance,2,0,0,24938.84,Low Salary,0
15807595,485,Poor,Germany,Male,51-60,7,144244.59,High Balance,2,1,0,51113.14,Medium Salary,0
15664523,696,Good,Germany,Female,31-40,8,122021.92,High Balance,2,1,0,33828.64,Low Salary,0
15642833,608,Fair,France,Female,21-30,8,0,Zero Balance,2,1,0,128875.86,High Salary,0
15605279,792,Very Good,France,Male,41-50,9,0,Zero Balance,4,1,1,194700.81,Very High salary,1
15713644,686,Good,Spain,Male,21-30,5,0,Zero Balance,2,1,0,158974.45,Very High salary,0
15750466,790,Very Good,Germany,Male,41-50,1,85839.62,Medium Balance,1,1,0,198182.73,Very High salary,0
15739054,654,Fair,France,Female,21-30,4,96974.97,Medium Balance,1,0,1,141404.07,High Salary,0
15612771,452,Poor,France,Male,31-40,4,148172.44,High Balance,1,1,1,4175.68,Low Salary,0
15788483,719,Good,Spain,Male,31-40,0,0,Zero Balance,1,1,0,126876.47,High Salary,0
15732832,707,Good,France,Female,31-40,5,0,Zero Balance,2,1,0,41052.82,Low Salary,0
15772892,699,Good,France,Female,41-50,2,0,Zero Balance,1,0,0,105760.01,High Salary,0
15713843,850,Excellent,Spain,Male,21-30,2,0,Zero Balance,2,0,1,27937.12,Low Salary,0
15567993,828,Excellent,Spain,Male,21-30,8,134766.85,High Balance,1,1,0,79355.87,Medium Salary,0
15617603,850,Excellent,Germany,Male,21-30,5,123210.56,High Balance,2,1,1,102180.27,High Salary,0
15744983,712,Good,Spain,Male,41-50,1,139887.01,High Balance,1,1,1,95719.73,Medium Salary,0
15630419,634,Fair,France,Male,41-50,9,149961.11,High Balance,1,1,0,57121.51,Medium Salary,0
15738828,730,Good,Germany,Male,41-50,6,152880.97,Very High Balance,1,0,0,162478.11,Very High salary,0
15778025,685,Good,Germany,Male,41-50,9,108589.47,High Balance,2,0,1,194808.51,Very High salary,0
15799479,809,Excellent,Spain,Male,31-40,9,0,Zero Balance,1,1,1,124045.65,High Salary,0
15684269,707,Good,Spain,Female,31-40,3,56674.48,Medium Balance,1,1,0,17987.4,Low Salary,1
15762745,648,Fair,Spain,Male,31-40,8,0,Zero Balance,1,1,0,133653.38,High Salary,0
15746970,760,Very Good,Spain,Female,51-60,1,0,Zero Balance,2,1,1,25101.17,Low Salary,0
15725024,805,Excellent,Germany,Female,31-40,3,105663.56,High Balance,2,0,1,33330.89,Low Salary,0
15592116,585,Fair,France,Female,31-40,7,0,Zero Balance,2,1,0,2401.26,Low Salary,0
15624391,595,Fair,Spain,Female,21-30,5,100683.54,High Balance,1,1,1,178361.04,Very High salary,0
15567422,630,Fair,France,Male,41-50,6,0,Zero Balance,2,1,0,162697.93,Very High salary,0
15612627,627,Fair,Germany,Male,21-30,5,139541.58,High Balance,2,1,0,80607.33,Medium Salary,0
15574879,631,Fair,Germany,Female,31-40,2,121801.72,High Balance,2,0,1,23146.62,Low Salary,0
15745107,776,Very Good,Germany,Male,31-40,5,112281.7,High Balance,1,0,1,89893.6,Medium Salary,0
15734491,676,Good,Spain,Female,31-40,4,0,Zero Balance,2,1,1,3173.31,Low Salary,0
15675320,758,Very Good,Spain,Female,31-40,5,93499.82,Medium Balance,2,0,0,123218.81,High Salary,0
15643824,637,Fair,France,Male,31-40,0,132255.99,High Balance,2,0,1,74588.41,Medium Salary,0
15643438,850,Excellent,France,Male,0-20,7,0,Zero Balance,2,1,0,31288.77,Low Salary,0
15721730,601,Fair,Spain,Female,41-50,4,0,Zero Balance,2,1,0,58561.31,Medium Salary,0
15680727,735,Good,France,Male,41-50,5,121973.28,High Balance,1,1,0,148804.36,High Salary,0
15752508,614,Fair,Germany,Male,31-40,7,99462.8,Medium Balance,2,1,1,51117.06,Medium Salary,0
15808846,672,Good,Germany,Female,21-30,3,165878.76,Very High Balance,2,1,1,164537.17,Very High salary,0
15727251,642,Fair,France,Male,21-30,8,117494.27,High Balance,1,0,0,61977.82,Medium Salary,0
15663489,633,Fair,Germany,Female,21-30,0,138577.34,High Balance,1,1,0,193362.99,Very High salary,0
15683677,769,Very Good,Spain,Male,31-40,9,0,Zero Balance,1,1,1,47722.79,Low Salary,0
15596414,796,Very Good,Spain,Male,41-50,8,107525.07,High Balance,1,1,0,18510.41,Low Salary,0
15730639,715,Good,France,Male,21-30,7,139224.92,High Balance,2,1,0,65057.71,Medium Salary,0
15672132,695,Good,France,Female,41-50,7,121453.63,High Balance,1,0,0,46374.64,Low Salary,0
15742638,747,Very Good,France,Female,21-30,4,0,Zero Balance,2,0,1,42039.67,Low Salary,0
15578603,584,Fair,Germany,Female,51-60,1,77354.37,Medium Balance,1,0,0,138192.98,High Salary,1
15726088,476,Poor,France,Male,31-40,6,0,Zero Balance,1,1,1,22735.45,Low Salary,0
15682533,850,Excellent,France,Female,31-40,7,79259.99,Medium Balance,1,0,1,186910.74,Very High salary,0
15772995,529,Poor,France,Male,21-30,2,116295.29,High Balance,1,1,0,75285.47,Medium Salary,0
15765694,584,Fair,Spain,Female,51-60,1,0,Zero Balance,1,0,1,130260.11,High Salary,1
15659486,586,Fair,Germany,Male,31-40,9,74309.81,Medium Balance,1,1,0,15034.93,Low Salary,0
15568963,674,Good,Germany,Male,31-40,2,152797.9,Very High Balance,1,1,0,175709.4,Very High salary,1
15703820,552,Poor,France,Male,41-50,9,133701.07,High Balance,2,1,0,101069.71,High Salary,1
15569410,601,Fair,Germany,Female,31-40,7,114430.18,High Balance,2,1,1,153012.13,Very High salary,0
15632256,541,Poor,France,Male,21-30,7,127504.57,High Balance,1,0,0,86173.92,Medium Salary,0
15724466,744,Very Good,Germany,Female,41-50,2,84113.41,Medium Balance,1,1,0,197548.63,Very High salary,0
15777639,595,Fair,Spain,Female,21-30,10,101126.66,High Balance,2,0,0,37042.8,Low Salary,0
15802501,724,Good,Germany,Male,31-40,5,103564.83,High Balance,2,1,0,121085.72,High Salary,0
15778410,533,Poor,Spain,Female,51-60,7,0,Zero Balance,1,0,1,194113.99,Very High salary,1
15670702,618,Fair,France,Male,31-40,2,168178.21,Very High Balance,2,0,1,101273.23,High Salary,0
15704763,523,Poor,Germany,Female,31-40,1,143903.11,High Balance,1,1,1,118711.75,High Salary,1
15645544,642,Fair,Germany,Female,21-30,5,129753.69,High Balance,1,1,0,582.53,Low Salary,0
15757646,584,Fair,France,Male,31-40,9,0,Zero Balance,2,1,0,192381.21,Very High salary,0
15701121,521,Poor,France,Male,31-40,5,110641.18,High Balance,1,0,1,136507.69,High Salary,1
15796313,662,Fair,France,Female,31-40,4,166909.2,Very High Balance,2,1,0,138871.12,High Salary,1
15815660,758,Very Good,France,Female,31-40,1,154139.45,Very High Balance,1,1,1,60728.89,Medium Salary,0
15602844,717,Good,France,Male,31-40,7,97459.06,Medium Balance,1,0,0,189175.71,Very High salary,0
15636238,611,Fair,France,Male,31-40,1,0,Zero Balance,2,1,1,102547.56,High Salary,0
15770101,766,Very Good,Germany,Male,41-50,6,112088.04,High Balance,2,1,1,36706.56,Low Salary,0
15645543,636,Fair,France,Female,31-40,3,0,Zero Balance,2,1,1,44756.25,Low Salary,0
15596397,814,Excellent,France,Female,41-50,7,0,Zero Balance,2,1,1,132870.15,High Salary,0
15770525,760,Very Good,Spain,Male,21-30,1,141038.57,High Balance,2,0,0,16287.38,Low Salary,0
15684267,607,Fair,Germany,Male,31-40,2,84468.67,Medium Balance,2,1,1,121945.42,High Salary,0
15689980,725,Good,Spain,Female,31-40,4,118520.26,High Balance,1,0,0,131173.9,High Salary,1
15633260,600,Fair,France,Male,31-40,1,142663.46,High Balance,1,0,1,88669.89,Medium Salary,0
15756471,656,Fair,Germany,Male,21-30,4,118627.16,High Balance,2,1,1,160835.3,Very High salary,0
15721303,640,Fair,Spain,Male,31-40,1,137523.02,High Balance,1,0,0,24761.36,Low Salary,0
15802256,439,Poor,France,Male,21-30,7,110976.23,High Balance,2,1,0,138526.96,High Salary,0
15725664,549,Poor,France,Female,31-40,8,107283.4,High Balance,1,0,0,157442.75,Very High salary,0
15674851,622,Fair,France,Male,31-40,5,0,Zero Balance,2,0,0,105295.77,High Salary,0
15701946,715,Good,France,Male,31-40,4,124314.45,High Balance,1,0,0,97782.92,Medium Salary,0
15748947,657,Fair,France,Female,41-50,5,95858.37,Medium Balance,1,1,1,68255.88,Medium Salary,0
15673342,703,Good,France,Male,31-40,2,0,Zero Balance,2,1,0,108790.95,High Salary,0
15601008,802,Excellent,France,Male,31-40,8,0,Zero Balance,2,1,0,143706.18,High Salary,0
15771636,793,Very Good,Spain,Female,31-40,0,0,Zero Balance,1,0,0,148993.47,High Salary,0
15642002,554,Poor,France,Female,31-40,6,117707.18,High Balance,2,0,0,95277.15,Medium Salary,1
15693381,533,Poor,Spain,Male,31-40,1,135289.33,High Balance,2,0,1,152956.33,Very High salary,0
15607691,658,Fair,France,Male,31-40,8,174060.46,Very High Balance,1,1,1,94925.62,Medium Salary,0
15589380,713,Good,Germany,Male,31-40,3,114446.84,High Balance,2,1,1,87308.18,Medium Salary,0
15603846,711,Good,Spain,Male,31-40,2,0,Zero Balance,2,1,0,83978.86,Medium Salary,1
15753549,669,Fair,France,Male,21-30,1,157848.53,Very High Balance,1,0,0,37543.93,Low Salary,1
15725355,439,Poor,France,Female,41-50,8,0,Zero Balance,1,0,1,104889.3,High Salary,0
15773017,763,Very Good,Spain,Female,31-40,6,0,Zero Balance,2,1,1,149705.25,High Salary,0
15625641,697,Good,Germany,Female,60+,3,108071.36,High Balance,2,1,1,16445.79,Low Salary,0
15776467,702,Good,Spain,Female,31-40,8,14262.8,Low Balance,2,1,0,54689.16,Medium Salary,0
15746451,686,Good,Spain,Male,41-50,7,102749.72,High Balance,1,0,1,194913.86,Very High salary,0
15777922,629,Fair,Spain,Male,31-40,1,161757.87,Very High Balance,2,1,1,146371.72,High Salary,0
15606841,823,Excellent,France,Male,31-40,1,0,Zero Balance,2,1,0,156603.7,Very High salary,0
15757648,683,Good,Germany,Female,31-40,5,95698.79,Medium Balance,1,0,1,182566.76,Very High salary,0
15677173,555,Poor,France,Male,31-40,9,124969.13,High Balance,1,1,0,60194.05,Medium Salary,0
15764170,647,Fair,Germany,Male,41-50,4,93960.35,Medium Balance,1,1,0,36579.53,Low Salary,1
15610446,714,Good,France,Female,51-60,4,88308.87,Medium Balance,3,0,0,5862.53,Low Salary,1
15612776,850,Excellent,Spain,Female,31-40,10,0,Zero Balance,2,1,1,143030.09,High Salary,0
15794122,713,Good,France,Female,51-60,3,0,Zero Balance,2,1,1,62700.08,Medium Salary,0
15774931,452,Poor,France,Male,21-30,7,112935.87,High Balance,1,1,1,99017.34,Medium Salary,0
15779247,683,Good,Spain,Female,21-30,8,98567.1,Medium Balance,1,1,0,187987.01,Very High salary,0
15707078,577,Poor,France,Female,21-30,1,180530.51,Very High Balance,1,0,0,123454.62,High Salary,0
15605263,552,Poor,France,Male,31-40,5,140931.57,High Balance,1,0,1,10921.5,Low Salary,0
15607381,769,Very Good,Germany,Female,31-40,7,148913.72,High Balance,2,1,0,53817.23,Medium Salary,0
15683471,691,Good,France,Male,31-40,7,0,Zero Balance,2,0,0,81617.4,Medium Salary,0
15605037,818,Excellent,France,Female,41-50,2,0,Zero Balance,1,0,1,192298.84,Very High salary,1
15576085,739,Good,France,Male,41-50,5,0,Zero Balance,2,0,0,143882.25,High Salary,0
15770435,639,Fair,France,Female,41-50,6,115335.32,High Balance,2,1,1,53130.41,Medium Salary,0
15592994,651,Fair,France,Female,60+,0,0,Zero Balance,2,1,1,190454.04,Very High salary,0
15624068,779,Very Good,France,Female,21-30,0,0,Zero Balance,2,0,1,111906,High Salary,0
15595221,850,Excellent,Germany,Female,31-40,7,134678.13,High Balance,1,1,0,113177.95,High Salary,0
15637131,829,Excellent,France,Male,31-40,9,0,Zero Balance,2,1,0,30529.88,Low Salary,0
15613471,579,Poor,Germany,Male,31-40,2,90547.48,Medium Balance,2,1,1,18800.13,Low Salary,0
15583499,510,Poor,France,Male,31-40,9,103324.78,High Balance,1,1,1,46127.7,Low Salary,0
15752816,531,Poor,France,Male,21-30,3,114590.58,High Balance,1,0,0,75585.48,Medium Salary,0
15804075,628,Fair,Germany,Female,31-40,3,91286.51,Medium Balance,1,1,0,63085.94,Medium Salary,0
15800517,633,Fair,Spain,Male,31-40,5,163340.12,Very High Balance,2,1,1,74415.2,Medium Salary,0
15712319,714,Good,Spain,Male,41-50,8,150900.29,Very High Balance,2,0,1,139889.15,High Salary,0
15797389,604,Fair,Spain,Male,21-30,9,124577.33,High Balance,1,1,1,7267.25,Low Salary,0
15621432,630,Fair,Spain,Male,31-40,1,0,Zero Balance,2,0,0,186826.22,Very High salary,0
15779390,850,Excellent,Spain,Female,31-40,4,91292.7,Medium Balance,1,1,1,162149.07,Very High salary,0
15711219,788,Very Good,Germany,Female,51-60,8,93716.72,Medium Balance,1,1,1,180150.49,Very High salary,1
15770498,798,Very Good,France,Female,31-40,4,111723.08,High Balance,1,1,1,83478.12,Medium Salary,0
15678727,770,Very Good,Germany,Male,41-50,4,110765.68,High Balance,1,1,0,26163.74,Low Salary,1
15573893,569,Poor,Germany,Male,21-30,9,173459.45,Very High Balance,2,1,1,44381.06,Low Salary,0
15740104,425,Poor,Spain,Female,21-30,7,169649.73,Very High Balance,2,0,1,136365,High Salary,1
15792649,547,Poor,Spain,Female,31-40,9,0,Zero Balance,2,0,0,99294.22,Medium Salary,0
15605275,725,Good,Germany,Male,41-50,8,116917.07,High Balance,1,0,0,173464.43,Very High salary,1
15572467,506,Poor,France,Male,31-40,5,0,Zero Balance,2,1,1,127543.81,High Salary,0
15738219,632,Fair,France,Female,31-40,7,0,Zero Balance,2,1,1,52526.65,Medium Salary,0
15600710,620,Fair,France,Male,21-30,0,0,Zero Balance,1,1,0,32589.45,Low Salary,0
15804394,663,Fair,Germany,Male,31-40,8,130627.66,High Balance,1,1,0,47161.25,Low Salary,1
15694188,700,Good,Spain,Female,41-50,5,56580.95,Medium Balance,2,0,1,45424.13,Low Salary,0
15583718,696,Good,Germany,Male,31-40,6,142316.14,High Balance,1,1,1,8018.49,Low Salary,0
15802478,767,Very Good,Spain,Male,31-40,6,0,Zero Balance,2,1,1,195668,Very High salary,0
15619343,561,Poor,France,Male,51-60,7,152759,Very High Balance,2,1,0,133167.11,High Salary,1
15758813,350,Poor,Germany,Male,31-40,0,109733.2,High Balance,2,0,0,123602.11,High Salary,1
15761374,706,Good,France,Male,51-60,9,117444.51,High Balance,1,1,1,186238.85,Very High salary,0
15569209,464,Poor,Spain,Female,31-40,5,76001.57,Medium Balance,1,1,1,158668.87,Very High salary,0
15788539,501,Poor,France,Female,31-40,3,107747.57,High Balance,1,1,0,9249.36,Low Salary,0
15747222,745,Very Good,Spain,Female,31-40,8,0,Zero Balance,2,1,1,116581.1,High Salary,0
15769346,587,Fair,France,Female,31-40,1,134997.49,High Balance,2,1,0,44688.08,Low Salary,0
15699634,667,Fair,France,Female,41-50,2,0,Zero Balance,2,1,1,148608.39,High Salary,0
15589076,737,Good,France,Male,31-40,9,0,Zero Balance,1,0,1,188670.9,Very High salary,1
15812338,485,Poor,Spain,Female,21-30,7,0,Zero Balance,1,1,0,107067.37,High Salary,0
15758845,590,Fair,Spain,Female,31-40,0,64345.21,Medium Balance,1,0,1,61759.33,Medium Salary,1
15685844,518,Poor,Germany,Female,31-40,8,141665.63,High Balance,1,0,1,192776.64,Very High salary,0
15583090,581,Fair,Spain,Female,21-30,8,0,Zero Balance,2,1,0,46735.19,Low Salary,0
15587581,785,Very Good,Germany,Female,31-40,5,136624.6,High Balance,2,1,1,169117.74,Very High salary,0
15633640,799,Very Good,France,Female,51-60,4,161209.66,Very High Balance,1,1,1,89081.41,Medium Salary,0
15573741,698,Good,Spain,Male,31-40,10,95010.92,Medium Balance,1,1,1,105227.86,High Salary,0
15633574,730,Good,France,Female,41-50,4,167545.32,Very High Balance,1,1,0,128246.81,High Salary,0
15711455,740,Very Good,Germany,Female,31-40,4,109044.6,High Balance,1,0,0,94554.74,Medium Salary,1
15570601,785,Very Good,France,Female,41-50,9,122031.55,High Balance,1,1,1,33823.5,Low Salary,1
15690925,527,Poor,Spain,Female,21-30,2,27755.97,Low Balance,1,1,0,97468.44,Medium Salary,1
15709338,544,Poor,France,Female,21-30,1,118560.55,High Balance,1,1,1,164137.36,Very High salary,0
15780746,705,Good,France,Male,60+,4,0,Zero Balance,2,1,1,191313.7,Very High salary,0
15681956,684,Good,France,Male,31-40,9,0,Zero Balance,2,1,1,65257.57,Medium Salary,0
15778190,639,Fair,Spain,Female,21-30,8,97840.72,Medium Balance,1,1,1,178222.77,Very High salary,0
15786852,565,Poor,Germany,Female,31-40,2,158651.29,Very High Balance,2,1,1,179445.28,Very High salary,0
15726494,481,Poor,France,Male,41-50,9,175303.06,Very High Balance,1,1,0,65500.53,Medium Salary,1
15641183,731,Good,Spain,Male,21-30,8,96950.21,Medium Balance,1,1,0,97877.92,Medium Salary,0
15805312,607,Fair,France,Male,41-50,7,123859.6,High Balance,1,0,1,113051.57,High Salary,0
15636572,760,Very Good,France,Female,31-40,7,0,Zero Balance,2,1,1,105969.05,High Salary,0
15632575,559,Poor,France,Female,60+,9,0,Zero Balance,1,1,1,122996.76,High Salary,0
15740164,715,Good,France,Female,31-40,3,85227.84,Medium Balance,1,1,1,68087.15,Medium Salary,0
15574947,656,Fair,France,Male,31-40,8,97786.08,Medium Balance,2,0,1,21478.36,Low Salary,0
15597909,652,Fair,Germany,Male,31-40,7,128135.99,High Balance,1,1,0,158437.73,Very High salary,0
15782574,624,Fair,Spain,Male,31-40,6,0,Zero Balance,2,0,0,76551.7,Medium Salary,0
15734999,634,Fair,Spain,Male,31-40,2,85996.19,Medium Balance,1,1,0,15887.68,Low Salary,0
15706593,850,Excellent,Spain,Female,41-50,10,0,Zero Balance,2,1,1,33741.84,Low Salary,0
15766686,659,Fair,Germany,Female,31-40,1,104502.11,High Balance,1,1,0,20652.69,Low Salary,0
15590268,529,Poor,Spain,Male,31-40,5,95772.97,Medium Balance,1,1,1,112781.5,High Salary,0
15763055,572,Poor,Spain,Male,31-40,5,98108.79,Medium Balance,1,0,1,119996.95,High Salary,0
15664754,640,Fair,Germany,Male,31-40,9,131607.28,High Balance,4,0,1,6981.43,Low Salary,1
15643630,770,Very Good,Spain,Male,51-60,9,63127.41,Medium Balance,2,1,0,185211.28,Very High salary,1
15641043,648,Fair,Spain,Male,31-40,7,0,Zero Balance,2,1,1,78436.36,Medium Salary,0
15768095,579,Poor,France,Male,31-40,9,0,Zero Balance,1,0,1,139048,High Salary,0
15811314,589,Fair,Germany,Female,31-40,9,140355.56,High Balance,2,1,0,136329.96,High Salary,0
15669922,530,Poor,Spain,Female,31-40,2,0,Zero Balance,2,1,1,14721.8,Low Salary,0
15707114,831,Excellent,France,Male,21-30,2,0,Zero Balance,2,0,1,3430.38,Low Salary,0
15670602,790,Very Good,Germany,Male,21-30,7,107418.27,High Balance,1,0,1,160450.21,Very High salary,0
15713479,656,Fair,France,Male,31-40,6,0,Zero Balance,2,1,0,1485.27,Low Salary,0
15663830,563,Poor,Spain,Male,31-40,6,0,Zero Balance,2,1,1,19720.08,Low Salary,0
15566958,667,Fair,Spain,Male,31-40,7,167557.12,Very High Balance,1,1,1,41183.02,Low Salary,0
15680918,613,Fair,Spain,Male,31-40,8,117300.02,High Balance,1,1,0,139410.08,High Salary,0
15663921,429,Poor,France,Male,51-60,7,0,Zero Balance,2,1,1,163691.48,Very High salary,0
15716324,665,Fair,France,Female,21-30,9,143672.9,High Balance,1,1,1,115147.33,High Salary,0
15796969,731,Good,France,Male,31-40,4,0,Zero Balance,2,1,1,74945.11,Medium Salary,0
15574783,584,Fair,France,Female,31-40,1,0,Zero Balance,2,1,1,180363.56,Very High salary,0
15773487,634,Fair,Germany,Female,31-40,8,76798.92,Medium Balance,1,0,0,196021.73,Very High salary,0
15802486,488,Poor,France,Male,31-40,3,0,Zero Balance,2,1,1,125979.36,High Salary,0
15783398,535,Poor,Spain,Female,41-50,7,115309.75,High Balance,1,1,0,111421.77,High Salary,0
15649418,776,Very Good,France,Female,21-30,7,178171.04,Very High Balance,2,1,1,115818.51,High Salary,0
15604588,850,Excellent,Spain,Female,31-40,3,0,Zero Balance,2,0,1,179360.76,Very High salary,0
15735428,673,Good,Spain,Female,31-40,0,0,Zero Balance,2,0,0,82351.06,Medium Salary,0
15629078,850,Excellent,Germany,Female,41-50,5,127258.79,High Balance,1,1,1,192744.23,Very High salary,1
15806880,627,Fair,Spain,Female,21-30,6,0,Zero Balance,1,1,1,113408.47,High Salary,0
15754999,570,Poor,France,Female,31-40,8,0,Zero Balance,1,1,1,124641.42,High Salary,0
15781034,796,Very Good,Spain,Male,60+,5,0,Zero Balance,2,0,1,54871.02,Medium Salary,0
15622017,773,Very Good,Spain,Female,31-40,10,0,Zero Balance,1,1,1,98820.09,Medium Salary,0
15705885,752,Very Good,Spain,Male,31-40,2,0,Zero Balance,2,1,1,45570.84,Low Salary,0
15677382,625,Fair,Spain,Female,60+,1,107569.96,High Balance,1,1,1,182336.45,Very High salary,0
15566843,535,Poor,Germany,Male,0-20,9,134874.4,High Balance,1,1,1,118825.56,High Salary,0
15608387,786,Very Good,France,Female,21-30,4,0,Zero Balance,2,1,0,103372.79,High Salary,0
15810786,620,Fair,France,Female,60+,3,0,Zero Balance,2,1,1,43486.73,Low Salary,0
15626983,605,Fair,Spain,Female,41-50,6,0,Zero Balance,2,1,1,40062.99,Low Salary,0
15773605,670,Good,Spain,Female,31-40,3,0,Zero Balance,2,1,0,46175.7,Low Salary,0
15811261,617,Fair,Spain,Male,41-50,0,70105.87,Medium Balance,1,1,1,120830.73,High Salary,0
15590606,595,Fair,France,Male,41-50,9,0,Zero Balance,2,1,0,5967.09,Low Salary,0
15576644,687,Good,Germany,Female,21-30,4,78939.15,Medium Balance,1,1,0,122134.56,High Salary,1
15750264,757,Very Good,Germany,Male,21-30,6,105128.85,High Balance,2,1,1,62972.13,Medium Salary,0
15741554,746,Very Good,Spain,Male,31-40,2,113836.27,High Balance,1,1,1,174815.54,Very High salary,0
15769051,503,Poor,Spain,Male,21-30,7,0,Zero Balance,1,0,1,192841.13,Very High salary,0
15812198,543,Poor,Germany,Male,41-50,1,100900.5,High Balance,1,0,0,33310.72,Low Salary,1
15699772,428,Poor,Germany,Female,31-40,3,129248.11,High Balance,2,1,0,72876.43,Medium Salary,1
15744105,768,Very Good,France,Female,21-30,3,109118.05,High Balance,2,0,1,50911.41,Medium Salary,0
15739858,618,Fair,France,Male,51-60,7,0,Zero Balance,1,1,1,142400.27,High Salary,1
15723720,591,Fair,France,Female,31-40,7,0,Zero Balance,2,0,1,48778.46,Low Salary,0
15638355,658,Fair,France,Female,31-40,5,126397.66,High Balance,1,0,0,156361.58,Very High salary,1
15805637,625,Fair,France,Male,31-40,9,108546.16,High Balance,3,1,0,133807.77,High Salary,1
15629575,717,Good,France,Male,31-40,2,148061.89,High Balance,1,1,0,179128.69,Very High salary,1
15586243,667,Fair,France,Male,41-50,8,122277.87,High Balance,1,1,1,91810.71,Medium Salary,0
15757931,804,Excellent,France,Male,21-30,3,0,Zero Balance,2,1,0,173195.33,Very High salary,0
15716023,693,Good,France,Male,31-40,1,0,Zero Balance,2,0,1,182270.88,Very High salary,0
15647782,729,Good,Germany,Male,31-40,8,152899.24,Very High Balance,2,1,0,177130.33,Very High salary,0
15716609,484,Poor,Germany,Male,51-60,3,134388.11,High Balance,1,0,0,49954.79,Low Salary,1
15623791,632,Fair,Spain,Female,31-40,3,109740.62,High Balance,1,1,0,141896.74,High Salary,0
15627262,536,Poor,Germany,Male,21-30,6,92366.72,Medium Balance,2,1,0,120661.71,High Salary,0
15652693,573,Poor,France,Female,21-30,4,129109.02,High Balance,1,0,0,149814.68,High Salary,1
15586993,655,Fair,Spain,Female,51-60,5,0,Zero Balance,2,1,1,41782.7,Low Salary,0
15815560,666,Fair,Germany,Male,60+,7,105102.5,High Balance,1,1,1,46172.47,Low Salary,0
15584930,726,Good,Germany,Male,21-30,5,111375.32,High Balance,2,1,0,2704.09,Low Salary,0
15799031,523,Poor,France,Male,31-40,3,0,Zero Balance,2,1,0,6726.53,Low Salary,0
15810457,728,Good,Germany,Female,31-40,9,150412.14,Very High Balance,2,1,0,170764.08,Very High salary,0
15697879,701,Good,France,Male,21-30,3,156660.72,Very High Balance,2,1,0,45742.42,Low Salary,0
15594902,518,Poor,France,Male,31-40,3,90957.81,Medium Balance,1,0,1,162304.59,Very High salary,0
15799710,739,Good,France,Male,31-40,7,104960.46,High Balance,1,0,1,80883.82,Medium Salary,0
15659651,531,Poor,Germany,Female,31-40,7,117052.82,High Balance,1,1,0,118508.09,High Salary,1
15645956,452,Poor,Spain,Male,41-50,3,88915.85,Medium Balance,1,1,0,69697.74,Medium Salary,0
15651713,684,Good,France,Male,41-50,6,148071.39,High Balance,1,1,0,183575.01,Very High salary,0
15737265,728,Good,Germany,Male,31-40,6,152182.83,Very High Balance,1,0,0,161203.6,Very High salary,0
15687310,783,Very Good,Spain,Male,31-40,9,0,Zero Balance,2,1,0,143752.77,High Salary,0
15607347,734,Good,France,Male,21-30,5,130056.23,High Balance,1,0,0,121894.31,High Salary,1
15698321,648,Fair,Germany,Male,31-40,3,95039.73,Medium Balance,2,1,1,147055.87,High Salary,0
15657812,688,Good,France,Male,51-60,1,0,Zero Balance,2,1,1,172033.57,Very High salary,0
15569187,680,Good,Spain,Male,31-40,9,0,Zero Balance,2,0,0,143774.06,High Salary,0
15681562,516,Poor,France,Female,41-50,2,112773.73,High Balance,2,1,1,139366.58,High Salary,0
15615456,680,Good,France,Female,31-40,10,123806.28,High Balance,1,1,0,81776.84,Medium Salary,1
15589793,604,Fair,France,Male,51-60,8,144453.75,High Balance,1,1,0,190998.96,Very High salary,1
15781884,624,Fair,Germany,Male,21-30,9,94667.29,Medium Balance,2,0,1,4470.52,Low Salary,0
15675190,623,Fair,France,Male,21-30,10,0,Zero Balance,2,0,1,135851.3,High Salary,0
15600734,624,Fair,Spain,Male,51-60,5,174397.21,Very High Balance,2,1,1,172372.63,Very High salary,0
15779176,565,Poor,Germany,Female,51-60,3,108888.24,High Balance,3,0,1,135875.51,High Salary,1
15605286,565,Poor,France,Male,51-60,4,118803.35,High Balance,2,1,1,128124.7,High Salary,1
15674922,710,Good,France,Male,51-60,6,171137.62,Very High Balance,1,1,1,167023.95,Very High salary,1
15737506,645,Fair,France,Male,41-50,6,0,Zero Balance,1,0,0,149807.01,High Salary,0
15780514,707,Good,France,Male,31-40,8,136678.52,High Balance,1,1,0,54290.62,Medium Salary,0
15623647,655,Fair,Spain,Female,31-40,1,135515.76,High Balance,1,1,0,86013.96,Medium Salary,0
15668472,705,Good,Spain,Female,21-30,5,177799.83,Very High Balance,2,0,0,79886.06,Medium Salary,0
15692416,358,Poor,Spain,Female,51-60,8,143542.36,High Balance,3,1,0,141959.11,High Salary,1
15771139,578,Poor,Germany,Male,31-40,8,147487.23,High Balance,2,1,0,66680.77,Medium Salary,0
15738318,800,Excellent,France,Female,31-40,5,97764.41,Medium Balance,1,1,0,98640.15,Medium Salary,1
15772243,612,Fair,France,Female,31-40,9,0,Zero Balance,1,0,0,142797.5,High Salary,1
15638463,681,Good,Germany,Female,41-50,8,139480.18,High Balance,1,1,1,163581.67,Very High salary,0
15598088,559,Poor,Spain,Male,21-30,5,0,Zero Balance,2,1,1,163221.22,Very High salary,0
15693468,488,Poor,Spain,Female,31-40,9,140553.46,High Balance,1,0,0,12440.44,Low Salary,0
15671930,717,Good,France,Female,31-40,5,0,Zero Balance,2,1,1,145551.6,High Salary,0
15762268,666,Fair,France,Female,41-50,10,141162.08,High Balance,1,1,0,50908.48,Medium Salary,0
15780954,582,Fair,Spain,Male,21-30,4,65848.36,Medium Balance,2,1,0,30149.21,Low Salary,0
15700174,733,Good,Spain,Female,21-30,0,83319.28,Medium Balance,1,0,0,57769.2,Medium Salary,0
15635728,693,Good,France,Male,41-50,4,0,Zero Balance,2,0,0,156381.47,Very High salary,0
15679283,694,Good,France,Female,31-40,4,129731.64,High Balance,2,1,0,178123.86,Very High salary,0
15591386,622,Fair,France,Female,31-40,5,0,Zero Balance,2,1,0,51112.8,Medium Salary,0
15694192,598,Fair,Spain,Female,31-40,6,0,Zero Balance,2,0,0,173783.38,Very High salary,0
15585901,717,Good,Spain,Male,31-40,1,0,Zero Balance,3,0,0,174770.14,Very High salary,1
15792329,494,Poor,Germany,Male,31-40,5,107106.33,High Balance,2,1,0,172063.09,Very High salary,0
15635597,644,Fair,France,Male,31-40,8,0,Zero Balance,2,1,1,155294.17,Very High salary,0
15775880,554,Poor,France,Female,21-30,9,0,Zero Balance,2,1,1,40320.3,Low Salary,0
15630913,476,Poor,Spain,Female,60+,1,105303.73,High Balance,1,0,1,134260.34,High Salary,0
15756680,667,Fair,France,Male,21-30,6,165798.1,Very High Balance,1,1,0,147090.9,High Salary,0
15587913,748,Very Good,Spain,Female,31-40,4,0,Zero Balance,2,1,0,132368.47,High Salary,0
15737605,531,Poor,Spain,Female,41-50,1,126495.57,High Balance,2,1,1,164741.5,Very High salary,0
15627876,719,Good,Spain,Female,41-50,9,116393.59,High Balance,1,1,0,63051.32,Medium Salary,1
15772601,845,Excellent,Germany,Female,41-50,2,81733.74,Medium Balance,2,0,0,199761.29,Very High salary,0
15758606,738,Good,France,Male,51-60,4,0,Zero Balance,1,0,1,55725.04,Medium Salary,1
15657107,563,Poor,Spain,Female,41-50,8,106171.68,High Balance,1,1,0,163145.5,Very High salary,1
15622454,695,Good,Spain,Male,21-30,0,96020.86,Medium Balance,1,1,1,57992.49,Medium Salary,0
15775803,841,Excellent,Spain,Male,41-50,1,0,Zero Balance,2,0,1,193093.77,Very High salary,0
15570859,626,Fair,Germany,Male,31-40,2,181671.16,Very High Balance,2,1,1,57531.14,Medium Salary,0
15748381,613,Fair,France,Female,21-30,6,185709.28,Very High Balance,2,1,1,77242.19,Medium Salary,0
15787189,824,Excellent,Germany,Male,51-60,8,134250.17,High Balance,3,0,0,153046.16,Very High salary,1
15666055,705,Good,France,Female,41-50,7,0,Zero Balance,1,1,0,63405.2,Medium Salary,1
15617648,584,Fair,France,Female,41-50,5,95671.75,Medium Balance,2,1,1,106564.88,High Salary,0
15755678,534,Poor,France,Male,60+,2,0,Zero Balance,2,0,0,42763.12,Low Salary,1
15624781,672,Good,France,Female,31-40,1,142151.75,High Balance,2,1,1,168753.34,Very High salary,0
15779497,603,Fair,France,Male,41-50,5,127823.93,High Balance,1,1,1,19483.35,Low Salary,0
15567399,633,Fair,Germany,Male,41-50,3,144164.29,High Balance,1,1,1,158646.46,Very High salary,0
15613656,842,Excellent,France,Male,51-60,1,63492.94,Medium Balance,1,1,1,83172.19,Medium Salary,0
15734311,661,Fair,France,Female,21-30,3,0,Zero Balance,2,1,1,76889.79,Medium Salary,0
15657214,601,Fair,France,Male,60+,2,0,Zero Balance,2,0,1,51554.58,Medium Salary,0
15799350,632,Fair,France,Male,41-50,0,106134.46,High Balance,1,0,1,105570.39,High Salary,0
15729970,684,Good,Germany,Male,21-30,8,127269.75,High Balance,1,0,1,79495.01,Medium Salary,0
15725835,785,Very Good,Germany,Female,31-40,3,124493.03,High Balance,2,0,1,52583.79,Medium Salary,1
15745543,687,Good,France,Male,31-40,7,0,Zero Balance,2,1,0,26848.25,Low Salary,0
15727384,705,Good,Germany,Female,41-50,10,146547.78,High Balance,1,0,1,10072.55,Low Salary,1
15666916,639,Fair,France,Male,41-50,6,99610.92,Medium Balance,2,1,0,187296.78,Very High salary,0
15732917,729,Good,Germany,Male,41-50,5,117837.43,High Balance,1,1,0,104016.61,High Salary,1
15612050,556,Poor,Spain,Female,41-50,8,168522.37,Very High Balance,1,1,1,151310.16,Very High salary,0
15726267,570,Poor,France,Male,31-40,9,117337.54,High Balance,2,0,1,62810.91,Medium Salary,0
15780124,841,Excellent,France,Male,60+,9,108131.53,High Balance,1,0,1,60830.38,Medium Salary,0
15742238,705,Good,Germany,Male,31-40,4,136496.12,High Balance,2,1,0,116672.02,High Salary,0
15679024,553,Poor,France,Male,31-40,3,116324.53,High Balance,1,1,0,77304.49,Medium Salary,0
15715297,779,Very Good,Germany,Female,31-40,2,75470.23,Medium Balance,1,1,1,52894.01,Medium Salary,0
15633612,696,Good,France,Male,21-30,4,172646.82,Very High Balance,1,1,1,116471.43,High Salary,0
15602929,728,Good,Spain,Female,31-40,4,0,Zero Balance,1,0,0,4539.38,Low Salary,0
15696703,691,Good,Germany,Male,21-30,3,160358.68,Very High Balance,2,1,0,142367.72,High Salary,0
15756668,706,Good,France,Male,21-30,3,98415.37,Medium Balance,1,1,1,110520.48,High Salary,0
15565779,627,Fair,Germany,Female,21-30,6,57809.32,Medium Balance,1,1,0,188258.49,Very High salary,0
15795519,716,Good,Germany,Female,0-20,3,128743.8,High Balance,1,0,0,197322.13,Very High salary,0
15761477,501,Poor,Germany,Male,21-30,4,130806.42,High Balance,2,1,0,80241.14,Medium Salary,0
15731890,601,Fair,France,Male,41-50,1,123971.16,High Balance,1,0,1,172814.99,Very High salary,0
15633043,545,Poor,Spain,Female,31-40,6,0,Zero Balance,1,0,0,38410.74,Low Salary,1
15752953,634,Fair,France,Male,41-50,9,0,Zero Balance,2,0,0,17622.82,Low Salary,0
15603088,451,Poor,Spain,Female,21-30,9,0,Zero Balance,2,0,1,48021.71,Low Salary,0
15606613,655,Fair,France,Female,51-60,7,0,Zero Balance,1,1,0,88958.49,Medium Salary,1
15635939,458,Poor,France,Female,31-40,9,0,Zero Balance,2,1,0,116343.09,High Salary,0
15666043,520,Poor,France,Male,31-40,4,156297.58,Very High Balance,2,1,1,166102.61,Very High salary,0
15746190,624,Fair,Spain,Female,21-30,2,0,Zero Balance,2,0,1,104353.26,High Salary,0
15591357,765,Very Good,France,Male,51-60,3,123372.3,High Balance,1,1,1,115429.32,High Salary,0
15658716,667,Fair,Germany,Female,31-40,5,92171.35,Medium Balance,3,1,0,178106.34,Very High salary,1
15679909,665,Fair,Spain,Male,41-50,8,0,Zero Balance,2,1,0,132152.32,High Salary,0
15634262,709,Good,Germany,Male,31-40,4,148375.19,High Balance,2,1,1,21521.38,Low Salary,0
15799825,583,Fair,France,Female,41-50,8,0,Zero Balance,2,1,1,27431.62,Low Salary,0
15756875,782,Very Good,Spain,Male,31-40,6,147422.44,High Balance,1,0,1,42143.61,Low Salary,0
15678146,668,Fair,Spain,Female,21-30,7,173962.32,Very High Balance,1,0,0,106457.11,High Salary,1
15710743,621,Fair,France,Male,41-50,0,0,Zero Balance,1,1,1,133831.37,High Salary,1
15595831,579,Poor,Germany,Female,60+,6,145215.43,High Balance,1,1,1,164083.72,Very High salary,0
15626684,547,Poor,France,Female,31-40,5,167539.97,Very High Balance,1,0,1,159207.34,Very High salary,0
15709846,840,Excellent,France,Female,31-40,1,94968.97,Medium Balance,1,1,0,84487.62,Medium Salary,0
15635459,667,Fair,Germany,Female,21-30,3,106116.5,High Balance,2,1,0,3674.71,Low Salary,0
15642544,723,Good,France,Male,31-40,5,0,Zero Balance,2,0,1,12092.03,Low Salary,0
15566494,487,Poor,France,Male,41-50,2,0,Zero Balance,2,1,0,77475.73,Medium Salary,0
15655238,668,Fair,France,Female,31-40,9,0,Zero Balance,2,0,0,41291.73,Low Salary,0
15733429,520,Poor,Germany,Male,31-40,8,120018.86,High Balance,2,1,1,343.38,Low Salary,0
15814536,549,Poor,France,Male,31-40,2,112541.54,High Balance,2,0,0,47432.43,Low Salary,0
15771702,567,Poor,France,Female,31-40,5,166118.45,Very High Balance,2,1,0,127827.18,High Salary,0
15723008,720,Good,France,Female,41-50,1,102882.4,High Balance,2,1,1,35633.15,Low Salary,1
15797160,492,Poor,France,Female,41-50,8,0,Zero Balance,1,1,1,182865.09,Very High salary,1
15792222,712,Good,France,Female,31-40,1,106881.5,High Balance,2,0,0,169386.81,Very High salary,0
15644765,689,Good,Germany,Male,21-30,4,120727.97,High Balance,1,0,1,149073.88,High Salary,0
15610686,850,Excellent,France,Male,60+,8,169832.57,Very High Balance,1,0,0,184107.26,Very High salary,1
15730868,747,Very Good,France,Male,41-50,5,0,Zero Balance,2,1,1,22750.17,Low Salary,0
15705991,469,Poor,Germany,Male,31-40,9,113599.42,High Balance,1,0,0,11950.29,Low Salary,0
15577078,539,Poor,Spain,Male,31-40,6,0,Zero Balance,1,1,1,152880.07,Very High salary,1
15679550,743,Very Good,France,Male,31-40,9,0,Zero Balance,2,1,0,175252.78,Very High salary,0
15787655,707,Good,France,Male,41-50,3,0,Zero Balance,2,1,0,174303.29,Very High salary,0
15668081,581,Fair,Spain,Female,41-50,4,0,Zero Balance,2,1,1,80701.72,Medium Salary,0
15747980,737,Good,Spain,Male,31-40,6,146282.79,High Balance,2,1,0,198516.2,Very High salary,0
15710295,445,Poor,Germany,Female,31-40,6,119413.62,High Balance,2,1,0,175756.36,Very High salary,0
15724443,703,Good,Germany,Female,21-30,3,122084.63,High Balance,1,0,1,82824.08,Medium Salary,0
15571305,588,Fair,Germany,Female,31-40,1,103060.63,High Balance,1,1,0,179866.01,Very High salary,1
15569503,765,Very Good,France,Male,41-50,6,0,Zero Balance,2,1,1,159899.97,Very High salary,0
15581840,626,Fair,France,Male,31-40,8,0,Zero Balance,2,1,0,138504.28,High Salary,0
15772262,545,Poor,Germany,Male,31-40,9,110483.86,High Balance,1,1,1,127394.67,High Salary,0
15767794,744,Very Good,France,Male,31-40,9,120718.28,High Balance,1,1,1,58961.49,Medium Salary,0
15629338,658,Fair,Spain,Female,31-40,2,36566.96,Low Balance,1,1,0,103644.98,High Salary,1
15790379,629,Fair,Germany,Male,21-30,8,108601,High Balance,1,1,1,119647.7,High Salary,0
15750684,719,Good,France,Female,41-50,4,0,Zero Balance,1,1,0,28465.86,Low Salary,1
15697214,686,Good,Spain,Female,31-40,5,0,Zero Balance,2,1,1,152979.14,Very High salary,0
15711015,743,Very Good,France,Male,31-40,4,0,Zero Balance,2,1,1,190911.02,Very High salary,0
15573309,626,Fair,Spain,Female,41-50,2,0,Zero Balance,2,1,1,95794.98,Medium Salary,0
15805303,661,Fair,Germany,Male,41-50,1,141136.62,High Balance,1,1,0,189742.78,Very High salary,1
15741385,710,Good,Germany,Male,41-50,9,108231.37,High Balance,1,1,1,188574.08,Very High salary,0
15780254,654,Fair,France,Male,31-40,6,0,Zero Balance,1,0,0,183872.88,Very High salary,1
15744843,569,Poor,Spain,Female,31-40,6,144855.34,High Balance,1,0,0,196555.32,Very High salary,0
15815626,640,Fair,France,Male,60+,2,68432.45,Medium Balance,2,1,1,112503.24,High Salary,1
15784736,562,Poor,France,Male,41-50,6,136855.24,High Balance,1,1,0,46864,Low Salary,0
15813412,721,Good,France,Female,51-60,3,44020.89,Low Balance,1,1,0,65864.4,Medium Salary,1
15809143,456,Poor,Germany,Male,31-40,9,133060.63,High Balance,1,1,1,125167.92,High Salary,0
15617617,811,Excellent,Spain,Male,31-40,7,0,Zero Balance,2,1,1,177519.39,Very High salary,0
15779738,534,Poor,France,Male,21-30,1,0,Zero Balance,1,1,1,169653.32,Very High salary,0
15668669,423,Poor,France,Female,31-40,5,97665.61,Medium Balance,1,1,0,118372.55,High Salary,1
15687477,594,Fair,Germany,Male,21-30,5,185013.02,Very High Balance,1,1,0,16481.12,Low Salary,0
15578908,725,Good,Spain,Female,31-40,0,0,Zero Balance,2,1,1,138525.19,High Salary,0
15687658,716,Good,France,Female,51-60,7,65971.61,Medium Balance,2,1,0,14608,Low Salary,1
15615020,595,Fair,Germany,Female,41-50,9,150463.11,Very High Balance,2,0,1,81548.38,Medium Salary,0
15608886,679,Good,France,Female,31-40,1,0,Zero Balance,2,0,0,69608.48,Medium Salary,0
15602551,667,Fair,Spain,Male,31-40,9,0,Zero Balance,2,1,0,68873.8,Medium Salary,0
15672945,661,Fair,France,Female,31-40,5,136425.18,High Balance,1,1,0,81102.81,Medium Salary,0
15757408,655,Fair,Spain,Male,31-40,3,250898.09,Very High Balance,3,0,1,81054,Medium Salary,1
15806132,555,Poor,France,Male,51-60,4,146798.81,High Balance,1,1,1,74149.77,Medium Salary,0
15813022,531,Poor,Spain,Male,60+,1,0,Zero Balance,2,0,0,99503.19,Medium Salary,0
15673578,611,Fair,Germany,Female,31-40,7,128486.91,High Balance,2,1,0,10109.47,Low Salary,0
15757916,600,Fair,France,Female,31-40,9,0,Zero Balance,2,1,1,58855.85,Medium Salary,0
15689168,531,Poor,Spain,Male,31-40,1,143407.29,High Balance,2,0,1,84402.46,Medium Salary,0
15769216,601,Fair,France,Female,41-50,2,0,Zero Balance,1,1,0,49713.87,Low Salary,1
15593295,548,Poor,France,Male,51-60,6,76165.65,Medium Balance,1,1,1,133537.53,High Salary,0
15804814,759,Very Good,France,Male,31-40,4,0,Zero Balance,2,1,0,124615.59,High Salary,0
15778934,678,Good,Spain,Female,41-50,8,0,Zero Balance,2,0,1,98090.69,Medium Salary,0
15802351,755,Very Good,Germany,Female,31-40,6,90560.3,Medium Balance,2,1,1,42607.69,Low Salary,0
15630241,594,Fair,France,Male,60+,3,62391.22,Medium Balance,1,1,1,192434.11,Very High salary,0
15719561,768,Very Good,France,Male,41-50,5,0,Zero Balance,3,0,0,60686.4,Medium Salary,0
15615096,492,Poor,France,Female,31-40,7,0,Zero Balance,2,1,1,49463.44,Low Salary,0
15659931,637,Fair,Germany,Female,51-60,1,123378.2,High Balance,1,1,0,81431.99,Medium Salary,1
15714586,646,Fair,Spain,Female,41-50,3,99836.47,Medium Balance,1,0,1,22909.56,Low Salary,0
15634949,593,Fair,Germany,Male,60+,5,161434.36,Very High Balance,2,1,1,65532.17,Medium Salary,0
15589224,596,Fair,Spain,Male,41-50,5,0,Zero Balance,2,0,1,141053.85,High Salary,0
15795990,722,Good,Germany,Female,41-50,10,138311.76,High Balance,1,1,1,3472.63,Low Salary,1
15603216,642,Fair,France,Male,21-30,7,0,Zero Balance,2,1,0,102083.78,High Salary,0
15631201,472,Poor,Spain,Female,21-30,4,0,Zero Balance,2,1,0,1801.77,Low Salary,0
15686255,738,Good,Germany,Male,31-40,6,101744.84,High Balance,1,0,0,85185.44,Medium Salary,0
15746594,732,Good,Spain,Male,31-40,8,0,Zero Balance,1,1,0,119882.7,High Salary,0
15718893,404,Poor,Germany,Female,51-60,4,125456.07,High Balance,1,1,0,83715.66,Medium Salary,1
15671609,701,Good,France,Male,41-50,7,0,Zero Balance,2,1,0,23425.78,Low Salary,0
15652540,683,Good,France,Male,31-40,2,0,Zero Balance,2,0,1,77326.78,Medium Salary,0
15774857,460,Poor,France,Female,21-30,7,0,Zero Balance,2,1,0,156150.08,Very High salary,1
15791836,690,Good,France,Male,21-30,5,0,Zero Balance,2,1,0,108577.97,High Salary,0
15651554,618,Fair,Germany,Female,51-60,4,118449.21,High Balance,1,1,1,133573.29,High Salary,1
15583576,671,Good,France,Male,21-30,2,0,Zero Balance,1,0,1,102057.86,High Salary,0
15732740,765,Very Good,Spain,Female,31-40,9,178095.55,Very High Balance,1,0,0,47247.56,Low Salary,0
15723320,651,Fair,Germany,Female,21-30,2,109175.14,High Balance,2,1,0,114566.47,High Salary,0
15603851,704,Good,France,Male,31-40,7,127785.17,High Balance,4,0,0,184464.7,Very High salary,1
15777923,544,Poor,France,Female,41-50,6,0,Zero Balance,2,0,1,151401.33,Very High salary,0
15735719,790,Very Good,France,Female,31-40,9,0,Zero Balance,2,1,1,70607.1,Medium Salary,0
15703482,710,Good,Germany,Male,31-40,9,134260.36,High Balance,2,1,0,147074.67,High Salary,0
15605835,743,Very Good,France,Male,31-40,8,69143.91,Medium Balance,2,0,1,105780.18,High Salary,0
15664881,702,Good,France,Male,31-40,4,100054.77,High Balance,1,1,0,109496.45,High Salary,0
15757568,704,Good,France,Female,41-50,6,0,Zero Balance,1,1,1,137739.45,High Salary,0
15792660,614,Fair,France,Male,31-40,2,116248.88,High Balance,1,1,0,105140.92,High Salary,0
15599722,609,Fair,Spain,Female,41-50,6,86053.52,Medium Balance,2,1,1,113276.46,High Salary,1
15726354,688,Good,France,Female,31-40,6,123157.95,High Balance,1,1,0,172531.23,Very High salary,0
15610355,713,Good,France,Male,41-50,1,63438.91,Medium Balance,1,1,0,64375.4,Medium Salary,0
15704284,736,Good,Germany,Male,51-60,9,95295.39,Medium Balance,1,1,0,28434.44,Low Salary,1
15621893,727,Good,France,Male,0-20,4,133550.67,High Balance,1,1,1,46941.41,Low Salary,0
15588219,850,Excellent,France,Female,31-40,1,106871.81,High Balance,2,1,0,29333.01,Low Salary,0
15688619,718,Good,Spain,Male,41-50,3,105266.32,High Balance,2,1,1,193724.51,Very High salary,0
15765518,643,Fair,France,Female,51-60,2,105229.53,High Balance,1,1,0,34967.75,Low Salary,1
15616931,653,Fair,France,Male,41-50,8,102768.42,High Balance,1,1,0,55663.85,Medium Salary,0
15758372,674,Good,France,Male,0-20,7,0,Zero Balance,2,1,1,55753.12,Medium Salary,1
15782591,690,Good,France,Male,31-40,6,112689.95,High Balance,1,1,0,176962.31,Very High salary,0
15612109,819,Excellent,France,Male,31-40,9,122334.26,High Balance,2,1,1,181507.44,Very High salary,0
15613712,634,Fair,Spain,Male,31-40,1,0,Zero Balance,2,1,0,61995.57,Medium Salary,0
15639322,633,Fair,Spain,Male,31-40,4,137847.41,High Balance,2,1,0,98349.13,Medium Salary,0
15594349,850,Excellent,France,Male,41-50,5,122486.47,High Balance,1,0,1,59748.19,Medium Salary,0
15574167,665,Fair,France,Male,31-40,2,101286.11,High Balance,1,1,1,159840.51,Very High salary,0
15811842,630,Fair,Spain,Male,21-30,7,0,Zero Balance,2,1,1,6656.64,Low Salary,0
15648794,836,Excellent,Spain,Male,51-60,4,101247.06,High Balance,1,1,0,37141.62,Low Salary,1
15771211,668,Fair,France,Male,31-40,10,86977.96,Medium Balance,1,0,1,37094.75,Low Salary,0
15588614,753,Very Good,France,Male,51-60,7,0,Zero Balance,1,1,0,159475.08,Very High salary,1
15630698,745,Very Good,France,Female,51-60,9,110123.59,High Balance,1,0,1,51548.14,Medium Salary,1
15694200,693,Good,France,Male,31-40,8,178111.82,Very High Balance,1,0,0,58719.63,Medium Salary,1
15721426,606,Fair,Germany,Male,60+,10,126306.64,High Balance,3,0,0,7861.68,Low Salary,1
15725997,660,Fair,France,Female,31-40,6,100768.77,High Balance,1,1,0,19199.61,Low Salary,0
15762138,608,Fair,France,Male,41-50,5,0,Zero Balance,2,1,0,178504.29,Very High salary,0
15750649,744,Very Good,France,Female,41-50,3,0,Zero Balance,2,1,1,189016.14,Very High salary,0
15685706,731,Good,France,Female,31-40,7,118991.79,High Balance,1,1,1,156048.64,Very High salary,0
15641835,683,Good,France,Male,60+,3,140997.26,High Balance,1,0,1,52876.41,Medium Salary,0
15586821,727,Good,France,Male,21-30,5,0,Zero Balance,2,0,1,19653.08,Low Salary,0
15569678,561,Poor,Germany,Male,31-40,6,166824.59,Very High Balance,1,1,0,139451.98,High Salary,0
15793842,700,Good,France,Female,31-40,2,76322.69,Medium Balance,1,1,0,128136.29,High Salary,0
15667554,605,Fair,France,Male,31-40,6,0,Zero Balance,2,1,1,45206.57,Low Salary,0
15794479,767,Very Good,Spain,Male,60+,8,149083.7,High Balance,1,1,1,190146.83,Very High salary,0
15585041,511,Poor,France,Male,31-40,7,0,Zero Balance,2,0,1,158313.87,Very High salary,0
15780650,667,Fair,France,Male,31-40,9,0,Zero Balance,1,1,1,96670.2,Medium Salary,0
15780846,787,Very Good,France,Male,31-40,1,126588.81,High Balance,2,0,1,62163.53,Medium Salary,0
15805260,705,Good,Germany,Female,51-60,2,143249.67,High Balance,1,1,0,88428.41,Medium Salary,1
15621629,773,Very Good,Germany,Male,41-50,8,81844.91,Medium Balance,2,1,1,35908.46,Low Salary,0
15662151,554,Poor,France,Male,31-40,4,0,Zero Balance,1,0,1,168780.04,Very High salary,0
15747174,526,Poor,Germany,Male,51-60,9,190298.89,Very High Balance,2,1,1,191263.76,Very High salary,0
15651585,661,Fair,Germany,Male,31-40,2,117212.18,High Balance,1,1,1,83052.03,Medium Salary,0
15649738,698,Good,France,Female,41-50,0,0,Zero Balance,2,1,1,125962.02,High Salary,0
15633108,646,Fair,France,Male,21-30,4,139848.17,High Balance,1,1,0,164696.27,Very High salary,0
15769254,757,Very Good,Germany,Female,31-40,9,101861.36,High Balance,2,0,0,187011.96,Very High salary,0
15704746,699,Good,Spain,Male,31-40,2,167455.66,Very High Balance,2,1,1,55324.49,Medium Salary,0
15637644,667,Fair,France,Female,21-30,4,0,Zero Balance,2,0,1,34335.55,Low Salary,0
15609562,774,Very Good,Spain,Female,41-50,1,116360.07,High Balance,1,1,0,17004.14,Low Salary,0
15787459,745,Very Good,Spain,Male,31-40,3,88466.82,Medium Balance,1,0,0,116331.42,High Salary,0
15762902,649,Fair,France,Female,41-50,7,0,Zero Balance,2,0,1,22974.01,Low Salary,0
15738605,634,Fair,Germany,Female,41-50,5,123642.36,High Balance,1,1,1,49725.16,Low Salary,1
15724889,665,Fair,Spain,Male,31-40,9,0,Zero Balance,1,0,1,87412.74,Medium Salary,0
15730735,713,Good,France,Male,31-40,9,72286.84,Medium Balance,2,1,1,26136.89,Low Salary,0
15689147,652,Fair,France,Female,31-40,1,0,Zero Balance,2,1,0,126554.96,High Salary,0
15730397,739,Good,Spain,Male,31-40,1,109681.61,High Balance,1,1,1,193321.3,Very High salary,0
15762169,556,Poor,Germany,Male,31-40,9,145018.64,High Balance,2,1,0,90928.02,Medium Salary,1
15589320,699,Good,Spain,Male,31-40,8,0,Zero Balance,1,1,1,76510.46,Medium Salary,0
15799211,708,Good,Spain,Female,31-40,8,187487.63,Very High Balance,1,1,1,120115.5,High Salary,0
15798310,480,Poor,France,Male,31-40,2,165692.91,Very High Balance,1,1,1,197984.58,Very High salary,0
15609998,700,Good,Germany,Female,51-60,5,137648.41,High Balance,1,1,0,142977.05,High Salary,1
15583548,525,Poor,Spain,Female,41-50,6,118560,High Balance,1,1,0,82522.61,Medium Salary,1
15761763,845,Excellent,France,Male,31-40,8,164385.53,Very High Balance,1,1,0,150664.97,Very High salary,0
15764409,613,Fair,France,Male,31-40,9,108286.5,High Balance,1,1,1,114153.44,High Salary,0
15710161,850,Excellent,France,Female,31-40,2,0,Zero Balance,2,1,1,171706.66,Very High salary,0
15735246,798,Very Good,Spain,Female,51-60,9,0,Zero Balance,2,0,0,119071.56,High Salary,1
15791700,773,Very Good,Germany,Male,41-50,2,118079.47,High Balance,4,1,1,143007.49,High Salary,1
15670753,614,Fair,Spain,Male,31-40,2,127283.78,High Balance,1,1,1,31302.35,Low Salary,0
15573876,473,Poor,Spain,Male,41-50,8,0,Zero Balance,2,1,0,71139.8,Medium Salary,0
15770174,762,Very Good,France,Male,21-30,6,141389.06,High Balance,1,1,0,54122.89,Medium Salary,0
15641114,701,Good,France,Male,31-40,8,130091.5,High Balance,1,1,1,120031.29,High Salary,0
15682435,600,Fair,France,Male,31-40,4,143744.77,High Balance,2,1,0,104076.51,High Salary,0
15751788,850,Excellent,Spain,Male,21-30,9,97408.03,Medium Balance,1,1,1,175853.64,Very High salary,0
15672598,613,Fair,Spain,Male,21-30,9,111927.45,High Balance,1,1,1,175795.87,Very High salary,0
15762803,509,Poor,France,Male,31-40,3,0,Zero Balance,2,1,0,15360.91,Low Salary,0
15812982,509,Poor,Spain,Male,31-40,2,0,Zero Balance,1,0,0,168460.12,Very High salary,0
15597901,609,Fair,France,Male,31-40,1,0,Zero Balance,1,1,1,181177.9,Very High salary,0
15731507,456,Poor,France,Female,31-40,1,188285.68,Very High Balance,1,0,0,58363.94,Medium Salary,0
15809826,728,Good,France,Female,41-50,2,109705.52,High Balance,1,1,0,20276.87,Low Salary,1
15764237,663,Fair,Spain,Male,31-40,9,0,Zero Balance,2,0,0,91514.62,Medium Salary,0
15769917,673,Good,Germany,Female,31-40,1,127122.79,High Balance,3,0,1,76703.1,Medium Salary,0
15641850,717,Good,France,Male,31-40,0,98241.04,Medium Balance,1,1,0,110887.14,High Salary,0
15770974,741,Very Good,Germany,Female,31-40,8,170840.08,Very High Balance,2,0,0,109843.16,High Salary,0
15803749,498,Poor,Germany,Female,41-50,4,87541.06,Medium Balance,2,1,1,12577.21,Low Salary,1
15684999,850,Excellent,France,Female,21-30,4,62610.96,Medium Balance,2,0,1,179365.1,Very High salary,0
15770225,493,Poor,France,Male,31-40,9,0,Zero Balance,2,1,1,65816.53,Medium Salary,0
15627484,686,Good,France,Female,41-50,5,113328.93,High Balance,1,1,0,124170.9,High Salary,0
15610337,666,Fair,Spain,Male,31-40,2,104832.49,High Balance,1,1,0,175015.12,Very High salary,0
15752488,733,Good,Spain,Female,31-40,9,102289.85,High Balance,1,1,1,115441.66,High Salary,0
15610056,631,Fair,Germany,Female,31-40,6,125227.82,High Balance,2,0,1,128247.03,High Salary,0
15806049,714,Good,Germany,Female,41-50,5,140510.89,High Balance,1,1,0,141914.94,High Salary,0
15736069,767,Very Good,Germany,Female,31-40,6,132253.22,High Balance,1,1,0,115566.57,High Salary,1
15763662,711,Good,Germany,Male,41-50,2,39043.29,Low Balance,2,1,1,175423.69,Very High salary,0
15615575,722,Good,France,Male,31-40,8,0,Zero Balance,2,1,1,133447.49,High Salary,0
15691723,631,Fair,Spain,Male,51-60,9,99685.06,Medium Balance,1,1,0,114474.98,High Salary,0
15774098,701,Good,Germany,Male,31-40,3,125385.49,High Balance,2,0,1,52044.66,Medium Salary,0
15750808,790,Very Good,Spain,Male,41-50,2,131365.37,High Balance,2,1,1,180290.68,Very High salary,0
15744368,633,Fair,Spain,Male,51-60,6,98308.51,Medium Balance,1,1,1,132034.13,High Salary,0
15610594,644,Fair,France,Female,31-40,8,0,Zero Balance,2,1,0,20968.88,Low Salary,0
15756125,757,Very Good,Spain,Male,41-50,5,140856.16,High Balance,2,1,0,158735.1,Very High salary,0
15623277,696,Good,France,Female,21-30,8,0,Zero Balance,2,1,1,196134.44,Very High salary,0
15795954,746,Very Good,France,Male,31-40,2,172274.01,Very High Balance,1,1,0,22374.97,Low Salary,0
15671969,649,Fair,Spain,Male,31-40,8,0,Zero Balance,2,1,0,161668.15,Very High salary,0
15791268,565,Poor,Spain,Male,31-40,0,122447.76,High Balance,1,0,0,67339.34,Medium Salary,0
15713655,720,Good,France,Female,31-40,10,0,Zero Balance,2,1,1,56229.72,Medium Salary,1
15633930,648,Fair,Spain,Female,51-60,6,157559.59,Very High Balance,2,1,0,140991.23,High Salary,1
15712849,632,Fair,Germany,Male,41-50,3,126550.7,High Balance,1,0,0,177644.52,Very High salary,1
15639077,622,Fair,France,Female,21-30,2,158584.82,Very High Balance,3,1,0,142342.55,High Salary,1
15808784,835,Excellent,France,Male,21-30,2,163569.61,Very High Balance,2,1,1,154559.28,Very High salary,0
15648577,493,Poor,France,Female,31-40,3,0,Zero Balance,1,1,1,176570.28,Very High salary,1
15670345,785,Very Good,Germany,Female,31-40,6,127211.45,High Balance,1,0,0,191961.83,Very High salary,0
15633112,681,Good,Germany,Male,41-50,3,118199.97,High Balance,2,1,0,9452.88,Low Salary,1
15714397,621,Fair,Germany,Female,21-30,2,101014.08,High Balance,2,1,1,165257.31,Very High salary,0
15780038,756,Very Good,Spain,Male,31-40,6,119208.85,High Balance,1,1,0,169763.89,Very High salary,1
15756305,515,Poor,France,Female,60+,6,0,Zero Balance,2,1,1,160663.11,Very High salary,0
15578799,625,Fair,France,Female,51-60,10,53772.73,Medium Balance,1,1,1,192072.1,Very High salary,1
15800326,717,Good,Spain,Female,31-40,6,0,Zero Balance,2,1,0,93275.61,Medium Salary,0
15785485,595,Fair,Germany,Female,41-50,2,138878.81,High Balance,1,0,1,112269.67,High Salary,0
15783958,539,Poor,Spain,Female,31-40,1,130922.81,High Balance,2,0,0,2186.83,Low Salary,0
15727546,762,Very Good,France,Male,31-40,9,0,Zero Balance,2,1,1,43075.7,Low Salary,0
15739576,706,Good,Spain,Male,0-20,8,0,Zero Balance,2,1,1,12368.11,Low Salary,0
15631333,677,Good,Spain,Female,21-30,8,130866.19,High Balance,1,1,0,42410.21,Low Salary,0
15604782,733,Good,Germany,Female,31-40,7,187257.94,Very High Balance,1,0,1,190430.81,Very High salary,0
15589643,684,Good,Spain,Female,41-50,7,0,Zero Balance,1,1,1,138394.37,High Salary,0
15585533,679,Good,France,Male,31-40,6,147733.64,High Balance,1,0,1,172501.38,Very High salary,0
15681506,478,Poor,Spain,Male,41-50,1,0,Zero Balance,2,1,1,197916.43,Very High salary,0
15630551,696,Good,France,Male,31-40,2,163139.27,Very High Balance,1,1,1,7035.36,Low Salary,0
15698349,686,Good,Spain,Female,31-40,4,0,Zero Balance,2,1,1,159676.55,Very High salary,0
15776631,466,Poor,France,Female,31-40,5,119540.15,High Balance,1,0,1,80603.99,Medium Salary,0
15762216,686,Good,France,Female,41-50,4,129553.76,High Balance,2,1,0,187599.8,Very High salary,0
15623927,576,Poor,France,Male,51-60,9,0,Zero Balance,2,1,1,94450.97,Medium Salary,0
15681402,763,Very Good,Germany,Female,60+,1,66101.89,Medium Balance,1,1,1,143981.27,High Salary,0
15586264,572,Poor,France,Male,41-50,2,140431.98,High Balance,1,1,0,26450.57,Low Salary,1
15594685,757,Very Good,France,Female,41-50,2,0,Zero Balance,2,0,0,164482.92,Very High salary,0
15812945,582,Fair,France,Female,21-30,0,0,Zero Balance,1,1,1,84012.81,Medium Salary,0
15734628,623,Fair,France,Female,31-40,5,0,Zero Balance,2,1,0,101192.08,High Salary,0
15629323,617,Fair,Germany,Female,31-40,4,116471.43,High Balance,2,1,0,175324.74,Very High salary,1
15666823,425,Poor,France,Male,31-40,4,0,Zero Balance,2,1,0,197226.32,Very High salary,0
15777553,659,Fair,France,Female,51-60,9,123785.24,High Balance,1,1,0,99504.03,Medium Salary,1
15613097,605,Fair,France,Female,31-40,4,0,Zero Balance,2,0,1,83700.66,Medium Salary,0
15622217,538,Poor,France,Female,31-40,8,88758.95,Medium Balance,2,0,0,28226.15,Low Salary,1
15703588,665,Fair,Germany,Male,21-30,5,153611.83,Very High Balance,2,1,0,35321.65,Low Salary,0
15570835,491,Poor,Germany,Female,51-60,4,112044.72,High Balance,1,1,1,41229.73,Low Salary,1
15679299,726,Good,Spain,Female,21-30,7,123826.07,High Balance,1,0,1,78970.58,Medium Salary,0
15808044,580,Fair,France,Female,60+,9,106804.26,High Balance,3,1,0,107890.69,High Salary,1
15579208,550,Poor,France,Female,41-50,6,0,Zero Balance,2,1,1,191870.28,Very High salary,0
15684951,542,Poor,France,Female,51-60,2,68892.77,Medium Balance,2,1,0,7905.06,Low Salary,1
15667620,732,Good,France,Female,41-50,6,0,Zero Balance,2,1,0,65731.53,Medium Salary,0
15582960,473,Poor,France,Female,31-40,5,125827.43,High Balance,1,0,1,145698.73,High Salary,0
15590730,745,Very Good,Spain,Male,31-40,9,0,Zero Balance,2,1,0,50046.25,Medium Salary,0
15763747,732,Good,France,Male,31-40,7,0,Zero Balance,2,1,1,60830.24,Medium Salary,0
15778320,848,Excellent,Germany,Female,31-40,5,148495.64,High Balance,1,0,0,158853.98,Very High salary,0
15642787,572,Poor,France,Male,31-40,1,133043.66,High Balance,1,0,0,111243.09,High Salary,0
15624633,702,Good,France,Male,41-50,9,74989.58,Medium Balance,1,1,1,171014.69,Very High salary,0
15766765,664,Fair,Germany,Male,31-40,7,60263.23,Medium Balance,1,1,0,170835.32,Very High salary,0
15783615,630,Fair,Germany,Male,41-50,3,129370.91,High Balance,4,1,1,47775.34,Low Salary,1
15640161,618,Fair,Germany,Male,41-50,5,157955.83,Very High Balance,2,0,0,139297.71,High Salary,0
15619889,556,Poor,France,Male,21-30,4,0,Zero Balance,1,1,0,195167.38,Very High salary,0
15579166,619,Fair,France,Female,21-30,7,70729.17,Medium Balance,1,1,1,160948.87,Very High salary,0
15789097,644,Fair,France,Male,41-50,8,0,Zero Balance,2,0,1,44965.54,Low Salary,1
15674880,658,Fair,Spain,Male,41-50,2,0,Zero Balance,2,1,0,52137.73,Medium Salary,0
15778157,598,Fair,Spain,Male,21-30,8,90721.52,Medium Balance,2,1,0,109296.18,High Salary,0
15779064,677,Good,France,Male,21-30,2,0,Zero Balance,2,1,1,20092.89,Low Salary,0
15801265,689,Good,Spain,Female,41-50,0,57784.22,Medium Balance,1,1,0,197804,Very High salary,1
15589204,591,Fair,France,Male,31-40,9,131765.72,High Balance,1,1,0,118782.06,High Salary,0
15664543,699,Good,France,Male,31-40,7,0,Zero Balance,1,0,1,152876.13,Very High salary,1
15582714,749,Very Good,Germany,Male,41-50,9,110022.74,High Balance,1,0,1,135655.29,High Salary,1
15797595,709,Good,France,Female,31-40,9,131569.63,High Balance,1,1,1,103970.58,High Salary,0
15614034,607,Fair,Germany,Male,60+,2,164523.5,Very High Balance,2,1,1,35786.76,Low Salary,0
15763171,650,Fair,Germany,Female,21-30,2,114330.95,High Balance,1,1,1,25325.07,Low Salary,0
15647266,651,Fair,Spain,Female,41-50,10,135923.16,High Balance,1,1,0,18732.84,Low Salary,0
15757577,676,Good,France,Female,60+,8,0,Zero Balance,2,1,1,118522.73,High Salary,0
15736656,723,Good,France,Female,41-50,4,0,Zero Balance,2,0,1,89972.25,Medium Salary,0
15635078,714,Good,Spain,Male,41-50,0,124693.48,High Balance,1,0,1,187194.15,Very High salary,0
15680141,759,Very Good,Spain,Female,31-40,7,147936.42,High Balance,1,1,1,106785.7,High Salary,0
15576945,582,Fair,France,Male,21-30,0,0,Zero Balance,1,1,0,142516.35,High Salary,0
15602034,697,Good,France,Female,31-40,2,126558.92,High Balance,1,1,0,73334.43,Medium Salary,0
15732020,610,Fair,Germany,Male,51-60,6,106938.11,High Balance,2,0,1,186612.47,Very High salary,0
15611029,488,Poor,Germany,Female,31-40,4,140002.35,High Balance,1,1,0,123613.81,High Salary,0
15621210,599,Fair,Germany,Male,41-50,9,123444.72,High Balance,1,1,1,31368.08,Low Salary,1
15569222,781,Very Good,France,Male,31-40,6,147107.91,High Balance,1,1,1,40066.95,Low Salary,0
15664639,645,Fair,France,Male,0-20,9,128514.84,High Balance,1,0,0,175969.19,Very High salary,0
15724223,545,Poor,France,Female,51-60,5,0,Zero Balance,1,0,0,10034.77,Low Salary,1
15644621,597,Fair,Germany,Female,31-40,9,106756.01,High Balance,2,1,0,151167.94,Very High salary,0
15756056,561,Poor,Spain,Female,21-30,3,0,Zero Balance,2,1,0,191387.76,Very High salary,0
15700353,662,Fair,France,Female,31-40,6,0,Zero Balance,2,1,0,51229.17,Medium Salary,0
15624388,649,Fair,Germany,Female,41-50,5,155393.32,Very High Balance,1,1,1,87351.42,Medium Salary,1
15627212,630,Fair,France,Female,31-40,2,110414.48,High Balance,1,1,1,48984.95,Low Salary,0
15648005,672,Good,Spain,Male,31-40,2,0,Zero Balance,2,1,1,182738,Very High salary,0
15681446,636,Fair,Germany,Female,31-40,9,157098.52,Very High Balance,1,1,1,153535.27,Very High salary,0
15775888,593,Fair,Germany,Female,31-40,5,85626.6,Medium Balance,1,1,1,125079.65,High Salary,0
15749019,545,Poor,Germany,Male,41-50,6,93796.42,Medium Balance,2,1,1,162321.26,Very High salary,0
15709928,567,Poor,Spain,Female,41-50,1,0,Zero Balance,2,1,0,3414.72,Low Salary,0
15784676,583,Fair,France,Male,51-60,6,125268.03,High Balance,2,1,0,165082.25,Very High salary,0
15748116,681,Good,France,Female,21-30,2,148143.84,High Balance,1,1,1,52021.39,Medium Salary,0
15612193,762,Very Good,Spain,Male,21-30,10,115545.33,High Balance,2,1,0,148256.43,High Salary,0
15762984,648,Fair,Spain,Male,31-40,7,0,Zero Balance,2,0,0,122899.01,High Salary,0
15613713,644,Fair,France,Male,21-30,5,44928.88,Low Balance,1,1,1,10771.46,Low Salary,0
15664204,706,Good,Spain,Male,21-30,2,0,Zero Balance,2,1,1,18255.51,Low Salary,0
15639415,850,Excellent,France,Male,31-40,3,162442.35,Very High Balance,1,1,0,183566.78,Very High salary,0
15806332,484,Poor,Spain,Female,31-40,5,0,Zero Balance,2,1,1,175224.12,Very High salary,0
15614929,508,Poor,Germany,Male,21-30,0,96213.82,Medium Balance,2,1,0,147913.56,High Salary,0
15695492,439,Poor,France,Female,21-30,6,156569.43,Very High Balance,1,1,0,180598.66,Very High salary,0
15635972,484,Poor,Spain,Male,31-40,8,0,Zero Balance,2,1,0,186136.48,Very High salary,0
15616380,803,Excellent,Spain,Female,31-40,1,0,Zero Balance,2,0,0,7455.2,Low Salary,0
15581440,724,Good,Germany,Female,41-50,6,110463.25,High Balance,2,1,1,80552.11,Medium Salary,1
15654390,640,Fair,France,Male,31-40,7,154575.76,Very High Balance,1,1,0,25722.28,Low Salary,1
15660688,701,Good,Spain,Female,31-40,9,0,Zero Balance,2,0,0,170996.86,Very High salary,0
15806307,537,Poor,France,Male,31-40,3,0,Zero Balance,2,1,1,20603.32,Low Salary,0
15647975,651,Fair,Germany,Male,21-30,5,147037.32,High Balance,1,0,0,141763.26,High Salary,0
15595728,523,Poor,Germany,Male,41-50,0,119276.31,High Balance,1,0,0,122284.38,High Salary,1
15735388,717,Good,France,Female,21-30,7,108664.85,High Balance,2,1,0,190011.85,Very High salary,0
15788535,593,Fair,Spain,Male,41-50,5,0,Zero Balance,1,1,0,128046.98,High Salary,0
15765902,706,Good,Germany,Male,31-40,5,163034.82,Very High Balance,2,1,1,135662.17,High Salary,0
15642345,714,Good,Germany,Female,41-50,4,93059.34,Medium Balance,1,1,0,7571.51,Low Salary,1
15641250,794,Very Good,Spain,Male,31-40,9,179581.31,Very High Balance,1,1,0,23596.24,Low Salary,0
15706163,518,Poor,Germany,Male,41-50,4,113625.93,High Balance,1,0,0,92727.42,Medium Salary,1
15746708,589,Fair,Germany,Male,51-60,7,119961.48,High Balance,1,1,0,65156.83,Medium Salary,1
15775203,824,Excellent,France,Male,41-50,3,129209.48,High Balance,1,0,0,60151.77,Medium Salary,0
15787907,719,Good,Germany,Female,41-50,5,137227.04,High Balance,3,1,0,149097.38,High Salary,1
15646764,617,Fair,Germany,Female,51-60,3,119024.75,High Balance,2,1,0,35199.24,Low Salary,1
15678284,651,Fair,France,Male,31-40,7,74623.5,Medium Balance,3,1,0,129451.29,High Salary,1
15726791,637,Fair,Spain,Female,41-50,2,157929.45,Very High Balance,1,1,1,145134.49,High Salary,1
15813144,554,Poor,France,Female,21-30,7,92606.86,Medium Balance,2,1,0,192709.69,Very High salary,0
15669342,731,Good,Germany,Male,31-40,2,127862.93,High Balance,2,1,0,139083.7,High Salary,0
15710366,569,Poor,Spain,Female,41-50,1,0,Zero Balance,1,1,1,83629.6,Medium Salary,1
15614934,625,Fair,Germany,Female,31-40,4,142711.81,High Balance,1,1,0,35625.41,Low Salary,0
15588701,592,Fair,France,Female,31-40,4,0,Zero Balance,2,1,0,35338.96,Low Salary,0
15665438,669,Fair,France,Male,41-50,1,163159.85,Very High Balance,1,0,1,15602.8,Low Salary,0
15644896,663,Fair,Germany,Male,31-40,3,108586.86,High Balance,1,1,1,182355.21,Very High salary,0
15670205,518,Poor,Germany,Female,41-50,5,110624.99,High Balance,1,1,0,89327.67,Medium Salary,0
15635776,686,Good,Germany,Female,41-50,5,154846.24,Very High Balance,2,1,1,151903.6,Very High salary,0
15791053,709,Good,Germany,Male,41-50,4,122917.71,High Balance,1,1,1,11.58,Low Salary,1
15644005,571,Poor,France,Female,31-40,9,0,Zero Balance,2,0,1,77519.62,Medium Salary,0
15796343,707,Good,France,Female,31-40,2,82787.93,Medium Balance,2,0,0,91423.69,Medium Salary,0
15751057,701,Good,Germany,Male,31-40,5,102500.34,High Balance,1,0,0,106287.77,High Salary,0
15623430,672,Good,France,Male,31-40,9,0,Zero Balance,2,1,0,161800.77,Very High salary,0
15682600,620,Fair,Germany,Male,31-40,9,159492.79,Very High Balance,1,1,0,80582.34,Medium Salary,1
15769312,557,Poor,Spain,Male,41-50,10,0,Zero Balance,2,1,1,185094.48,Very High salary,0
15708212,648,Fair,Spain,Female,51-60,7,118241.02,High Balance,1,1,0,172586.89,Very High salary,1
15650258,479,Poor,France,Female,31-40,2,113090.4,High Balance,1,1,0,195649.79,Very High salary,0
15604345,730,Good,France,Female,21-30,9,65763.57,Medium Balance,1,1,1,145792.01,High Salary,0
15578297,737,Good,Germany,Female,41-50,1,125537.38,High Balance,1,1,0,138510.01,High Salary,1
15671789,616,Fair,France,Male,31-40,3,94263.91,Medium Balance,2,1,0,168895.06,Very High salary,0
15726186,639,Fair,Spain,Male,21-30,4,133434.57,High Balance,2,1,0,97983.44,Medium Salary,0
15764618,815,Excellent,Spain,Female,31-40,6,0,Zero Balance,1,1,1,85167.88,Medium Salary,0
15730738,786,Very Good,Spain,Male,31-40,9,0,Zero Balance,2,1,1,18210.36,Low Salary,0
15637650,549,Poor,France,Male,41-50,9,94748.76,Medium Balance,2,0,1,13608.18,Low Salary,0
15606267,622,Fair,France,Female,31-40,4,98640.74,Medium Balance,1,1,1,110457.99,High Salary,0
15625904,624,Fair,France,Male,21-30,9,74681.9,Medium Balance,2,0,0,31231.35,Low Salary,0
15654463,841,Excellent,France,Male,31-40,4,0,Zero Balance,2,1,0,141582.66,High Salary,0
15774151,614,Fair,Spain,Female,41-50,7,179915.85,Very High Balance,1,0,0,14666.35,Low Salary,1
15693259,676,Good,France,Male,21-30,1,128207.23,High Balance,1,1,1,55400.17,Medium Salary,0
15642468,697,Good,France,Male,41-50,9,132739.26,High Balance,2,0,0,174667.65,Very High salary,0
15758531,732,Good,France,Female,31-40,10,0,Zero Balance,2,1,0,154189.08,Very High salary,0
15728352,623,Fair,France,Male,21-30,4,120509.81,High Balance,1,0,0,142170.44,High Salary,0
15637240,541,Poor,France,Male,41-50,4,124547.13,High Balance,2,1,0,94499.06,Medium Salary,0
15595588,773,Very Good,Spain,Female,31-40,4,0,Zero Balance,2,0,1,182081.45,Very High salary,0
15778395,762,Very Good,Germany,Male,31-40,4,88815.56,Medium Balance,2,1,0,68562.26,Medium Salary,1
15711825,655,Fair,Spain,Female,31-40,1,82231.51,Medium Balance,2,1,0,88798.02,Medium Salary,0
15599251,602,Fair,Germany,Male,31-40,7,184715.86,Very High Balance,2,1,0,113781.99,High Salary,0
15570004,850,Excellent,France,Male,31-40,3,0,Zero Balance,2,1,0,121866.87,High Salary,0
15656912,649,Fair,Spain,Male,51-60,4,0,Zero Balance,1,1,1,150390.57,Very High salary,0
15657342,850,Excellent,Germany,Male,21-30,4,147972.19,High Balance,1,1,0,60708.72,Medium Salary,1
15716284,543,Poor,France,Male,41-50,9,0,Zero Balance,2,1,1,78858.07,Medium Salary,0
15672374,672,Good,France,Male,51-60,8,170008.84,Very High Balance,1,0,0,56407.42,Medium Salary,1
15732476,600,Fair,France,Female,21-30,3,0,Zero Balance,2,0,1,125698.97,High Salary,0
15747724,671,Good,Spain,Female,31-40,10,0,Zero Balance,1,1,0,23235.38,Low Salary,0
15633877,706,Good,Spain,Female,41-50,8,95386.82,Medium Balance,1,1,1,75732.25,Medium Salary,0
15672516,541,Poor,Germany,Male,51-60,7,90373.28,Medium Balance,2,1,0,179861.79,Very High salary,0
15607827,711,Good,Germany,Male,31-40,4,133467.77,High Balance,2,1,1,42976.64,Low Salary,0
15751336,630,Fair,Spain,Male,21-30,3,0,Zero Balance,2,0,1,10486.69,Low Salary,0
15646539,531,Poor,France,Male,31-40,3,96288.26,Medium Balance,1,1,0,56794.73,Medium Salary,0
15756901,641,Fair,France,Female,21-30,4,91547.84,Medium Balance,2,0,1,28157.34,Low Salary,0
15809286,631,Fair,Germany,Male,31-40,8,138292.64,High Balance,2,0,0,152422.91,Very High salary,1
15759021,685,Good,France,Male,31-40,9,0,Zero Balance,1,1,0,167033.83,Very High salary,0
15725039,702,Good,Spain,Male,31-40,8,71667.74,Medium Balance,1,1,1,126082.18,High Salary,0
15579130,708,Good,Germany,Female,41-50,0,118994.84,High Balance,1,1,0,181499.77,Very High salary,1
15754112,653,Fair,Spain,Male,51-60,7,0,Zero Balance,2,1,1,41967.03,Low Salary,0
15735522,654,Fair,Germany,Male,31-40,2,145610.07,High Balance,2,0,0,186300.59,Very High salary,0
15613326,596,Fair,France,Female,31-40,1,138162.81,High Balance,1,1,0,85412.54,Medium Salary,0
15739502,549,Poor,Germany,Female,31-40,9,135020.21,High Balance,2,1,1,23343.18,Low Salary,0
15670914,754,Very Good,France,Male,31-40,2,0,Zero Balance,2,1,0,180698.32,Very High salary,0
15604073,815,Excellent,Germany,Female,21-30,8,135161.67,High Balance,1,1,1,136071.05,High Salary,0
15806027,556,Poor,France,Female,51-60,9,0,Zero Balance,1,1,0,175149.2,Very High salary,1
15574886,706,Good,France,Male,31-40,6,94486.47,Medium Balance,1,1,1,146949.74,High Salary,0
15707120,850,Excellent,France,Male,41-50,9,117640.39,High Balance,1,1,0,88920.68,Medium Salary,0
15800845,732,Good,Spain,Female,31-40,8,111379.55,High Balance,1,1,1,45098.62,Low Salary,0
15603914,614,Fair,France,Male,31-40,6,0,Zero Balance,1,1,1,20339.79,Low Salary,1
15722765,580,Fair,Spain,Female,51-60,0,136820.99,High Balance,1,0,1,108528.74,High Salary,0
15783305,593,Fair,France,Female,41-50,7,98752.51,Medium Balance,1,1,0,145560.38,High Salary,0
15574842,653,Fair,Germany,Female,21-30,2,158266.42,Very High Balance,3,1,1,199357.24,Very High salary,0
15607837,746,Very Good,France,Female,21-30,4,105599.67,High Balance,1,1,1,43106.17,Low Salary,0
15714877,662,Fair,France,Female,21-30,10,0,Zero Balance,2,1,0,137508.31,High Salary,0
15782941,573,Poor,France,Male,31-40,2,0,Zero Balance,2,1,1,91957.39,Medium Salary,0
15630167,684,Good,Spain,Female,31-40,4,139723.9,High Balance,1,1,1,120612.11,High Salary,0
15759038,793,Very Good,France,Female,41-50,3,141806.46,High Balance,1,1,0,102921.17,High Salary,0
15661821,798,Very Good,Germany,Female,41-50,5,132571.67,High Balance,1,1,1,31686.33,Low Salary,1
15728006,524,Poor,France,Male,31-40,2,180516.9,Very High Balance,1,1,0,180002.42,Very High salary,0
15712176,816,Excellent,France,Male,31-40,8,0,Zero Balance,2,1,1,28407.4,Low Salary,0
15689351,742,Very Good,Germany,Female,41-50,4,92805.72,Medium Balance,1,0,1,73743.95,Medium Salary,1
15782247,540,Poor,France,Male,21-30,4,0,Zero Balance,3,1,1,186233.26,Very High salary,1
15769064,537,Poor,Germany,Male,31-40,3,135309.36,High Balance,1,1,0,31728.86,Low Salary,1
15718153,759,Very Good,Spain,Female,60+,6,128917.84,High Balance,1,1,1,48244.64,Low Salary,0
15613189,774,Very Good,France,Female,51-60,2,56580.93,Medium Balance,1,1,0,113266.28,High Salary,1
15661734,608,Fair,Germany,Male,41-50,8,131390.75,High Balance,2,1,0,71178.09,Medium Salary,0
15592645,704,Good,Spain,Male,31-40,4,0,Zero Balance,2,0,0,25684.93,Low Salary,0
15768387,581,Fair,France,Male,41-50,8,0,Zero Balance,2,0,0,29737.14,Low Salary,0
15792525,628,Fair,Germany,Female,60+,1,97361.66,Medium Balance,1,1,1,149922.38,High Salary,1
15586976,566,Poor,France,Female,41-50,6,0,Zero Balance,1,1,0,180702.12,Very High salary,1
15790659,701,Good,Spain,Male,51-60,7,0,Zero Balance,2,0,1,27597.59,Low Salary,0
15691446,735,Good,Spain,Male,21-30,10,0,Zero Balance,2,1,1,95025.27,Medium Salary,0
15772632,680,Good,France,Female,31-40,1,0,Zero Balance,2,1,0,167035.07,Very High salary,0
15706587,560,Poor,France,Male,51-60,0,0,Zero Balance,2,0,1,116781.71,High Salary,0
15572461,663,Fair,Germany,Female,21-30,4,102714.65,High Balance,2,0,0,21170.81,Low Salary,0
15654409,665,Fair,France,Female,31-40,5,67816.72,Medium Balance,1,1,1,29641.58,Low Salary,0
15568025,758,Very Good,France,Male,51-60,8,81710.46,Medium Balance,1,1,1,116520.07,High Salary,0
15715769,621,Fair,France,Male,21-30,2,75237.54,Medium Balance,1,0,1,44220.4,Low Salary,0
15667458,764,Very Good,Germany,Male,21-30,10,124023.18,High Balance,1,1,0,166188.28,Very High salary,0
15567980,537,Poor,Germany,Female,41-50,5,100727.5,High Balance,1,0,1,140857.76,High Salary,1
15679294,589,Fair,France,Female,41-50,10,107238.85,High Balance,2,1,0,37024.28,Low Salary,0
15606507,555,Poor,France,Male,21-30,5,0,Zero Balance,2,1,0,27513.47,Low Salary,0
15578825,734,Good,France,Female,21-30,0,139994.66,High Balance,1,1,0,17744.72,Low Salary,0
15619935,783,Very Good,Spain,Female,51-60,9,126224.87,High Balance,1,1,1,4423.63,Low Salary,0
15636089,678,Good,Germany,Female,51-60,1,145751.03,High Balance,1,0,0,109718.44,High Salary,1
15727490,661,Fair,France,Male,41-50,5,0,Zero Balance,1,0,1,107243.31,High Salary,1
15591766,607,Fair,Spain,Female,21-30,4,121166.89,High Balance,1,0,1,115288.24,High Salary,0
15641629,537,Poor,Spain,Female,31-40,1,0,Zero Balance,2,0,1,41233.97,Low Salary,0
15813303,513,Poor,Spain,Male,60+,10,0,Zero Balance,2,1,1,52952.24,Medium Salary,0
15756920,576,Poor,France,Male,60+,9,70655.48,Medium Balance,1,0,0,78955.8,Medium Salary,1
15726403,660,Fair,Germany,Male,41-50,1,129901.21,High Balance,1,1,0,26025.6,Low Salary,1
15592765,637,Fair,France,Male,31-40,8,125470.81,High Balance,1,1,1,174536.17,Very High salary,0
15704442,672,Good,France,Female,51-60,9,169406.33,Very High Balance,4,1,1,147311.47,High Salary,1
15641136,629,Fair,France,Male,31-40,2,0,Zero Balance,2,0,1,77965.44,Medium Salary,0
15725818,583,Fair,Germany,Male,31-40,4,107041.3,High Balance,1,1,1,5635.63,Low Salary,0
15612071,763,Very Good,Spain,Female,31-40,10,95153.77,Medium Balance,1,0,1,81310.1,Medium Salary,0
15719809,516,Poor,Germany,Male,31-40,3,145166.09,High Balance,2,0,0,111421.45,High Salary,0
15716518,617,Fair,France,Female,21-30,4,0,Zero Balance,2,0,0,190269.21,Very High salary,0
15742210,700,Good,France,Male,31-40,9,65962.63,Medium Balance,1,1,1,100950.48,High Salary,0
15630617,727,Good,Germany,Male,31-40,6,140418.81,High Balance,1,1,1,113033.73,High Salary,1
15720838,689,Good,Spain,Female,31-40,3,139799.63,High Balance,1,0,1,120663.57,High Salary,0
15595537,626,Fair,Germany,Male,41-50,9,171787.84,Very High Balance,2,1,0,187192.23,Very High salary,0
15623196,686,Good,France,Male,31-40,6,149238.97,High Balance,1,1,1,97825.23,Medium Salary,0
15679249,351,Poor,Germany,Female,51-60,4,163146.46,Very High Balance,1,1,0,169621.69,Very High salary,1
15693199,739,Good,France,Female,31-40,8,0,Zero Balance,2,1,0,191557.1,Very High salary,1
15661219,627,Fair,France,Male,31-40,10,0,Zero Balance,2,1,0,103287.62,High Salary,0
15617136,451,Poor,Germany,Female,31-40,9,61482.47,Medium Balance,1,1,1,167538.66,Very High salary,0
15760294,512,Poor,France,Female,41-50,8,145150.28,High Balance,1,1,0,64869.32,Medium Salary,1
15652808,774,Very Good,France,Female,41-50,5,126670.37,High Balance,1,1,0,102426.06,High Salary,0
15657139,652,Fair,France,Female,31-40,8,84390.8,Medium Balance,2,0,1,107876.2,High Salary,0
15803790,638,Fair,Germany,Male,31-40,2,89728.86,Medium Balance,2,1,1,37294.88,Low Salary,0
15764105,475,Poor,France,Female,51-60,1,0,Zero Balance,2,1,0,89248.99,Medium Salary,0
15672610,567,Poor,Spain,Male,31-40,4,118628.8,High Balance,1,0,0,91973.63,Medium Salary,0
15766896,750,Very Good,France,Male,31-40,3,0,Zero Balance,2,1,0,16870.2,Low Salary,0
15587735,850,Excellent,France,Male,31-40,6,96863.13,Medium Balance,1,1,1,121681.19,High Salary,0
15659501,753,Very Good,France,Female,31-40,6,142263.45,High Balance,1,0,1,33730.43,Low Salary,0
15745001,683,Good,Spain,Female,31-40,7,0,Zero Balance,2,1,0,104786.59,High Salary,0
15651140,710,Good,France,Female,31-40,3,0,Zero Balance,1,1,0,94790.34,Medium Salary,0
15571148,645,Fair,Spain,Female,21-30,1,0,Zero Balance,2,0,0,28726.07,Low Salary,0
15776824,714,Good,France,Male,21-30,6,122724.37,High Balance,1,1,1,67057.27,Medium Salary,0
15633141,696,Good,Germany,Female,31-40,4,174902.26,Very High Balance,1,1,0,69079.85,Medium Salary,0
15764174,612,Fair,Spain,Female,21-30,4,0,Zero Balance,2,1,1,179780.74,Very High salary,0
15778155,520,Poor,Germany,Female,31-40,3,108914.17,High Balance,1,1,1,183572.39,Very High salary,1
15715920,782,Very Good,Spain,Male,21-30,10,98052.66,Medium Balance,1,1,1,142587.32,High Salary,0
15671917,666,Fair,France,Male,41-50,5,123873.19,High Balance,1,1,1,177844.06,Very High salary,0
15666548,466,Poor,Germany,Female,51-60,2,111920.13,High Balance,3,1,0,197634.11,Very High salary,1
15625623,567,Poor,France,Female,41-50,4,0,Zero Balance,2,0,1,121053.19,High Salary,0
15748123,613,Fair,France,Male,0-20,3,0,Zero Balance,2,1,1,149613.77,High Salary,0
15648735,718,Good,France,Male,31-40,8,0,Zero Balance,2,1,1,142.81,Low Salary,0
15634974,614,Fair,France,Female,31-40,8,75150.34,Medium Balance,4,0,1,131766.67,High Salary,1
15713378,711,Good,France,Male,31-40,10,0,Zero Balance,2,0,0,53311.78,Medium Salary,0
15753370,691,Good,Germany,Female,31-40,5,114753.76,High Balance,1,1,0,107665.02,High Salary,0
15782659,527,Poor,France,Male,31-40,0,0,Zero Balance,1,1,0,109523.88,High Salary,0
15583364,476,Poor,France,Female,31-40,6,111871.93,High Balance,1,0,0,112132.86,High Salary,0
15625942,619,Fair,Spain,Female,41-50,0,0,Zero Balance,2,0,0,113645.4,High Salary,0
15720284,607,Fair,Germany,Female,31-40,4,135927.06,High Balance,1,0,0,180890.4,Very High salary,0
15679642,695,Good,Spain,Male,41-50,8,0,Zero Balance,2,1,1,70974.13,Medium Salary,0
15628007,653,Fair,France,Male,31-40,1,0,Zero Balance,2,0,0,53379.52,Medium Salary,0
15661974,677,Good,France,Male,41-50,2,57037.74,Medium Balance,1,1,1,158531.01,Very High salary,0
15689341,655,Fair,France,Female,41-50,10,0,Zero Balance,4,1,0,179267.94,Very High salary,1
15607993,625,Fair,France,Female,51-60,2,79468.96,Medium Balance,1,1,1,84606.03,Medium Salary,0
15693267,679,Good,Germany,Female,31-40,7,121063.85,High Balance,1,1,0,56984.58,Medium Salary,0
15769522,734,Good,France,Male,51-60,1,118537.47,High Balance,1,1,1,116912.45,High Salary,0
15755825,666,Fair,France,Male,31-40,10,0,Zero Balance,2,1,0,102999.33,High Salary,0
15598175,592,Fair,Germany,Female,21-30,4,105082.07,High Balance,2,1,0,132801.57,High Salary,0
15744327,564,Poor,France,Male,31-40,4,0,Zero Balance,1,1,0,85455.62,Medium Salary,1
15798666,814,Excellent,France,Female,31-40,6,0,Zero Balance,2,1,1,98657.01,Medium Salary,0
15577064,592,Fair,Germany,Male,31-40,2,104702.65,High Balance,2,1,0,107948.72,High Salary,0
15759436,758,Very Good,France,Female,41-50,2,95813.76,Medium Balance,3,1,1,67944.09,Medium Salary,1
15690231,612,Fair,Spain,Female,60+,0,167026.61,Very High Balance,2,1,1,192892.05,Very High salary,0
15751561,498,Poor,Germany,Male,60+,7,102453.26,High Balance,1,1,0,187247.56,Very High salary,1
15739068,638,Fair,Germany,Male,21-30,4,148045.45,High Balance,2,1,1,114722.42,High Salary,0
15758056,558,Poor,France,Male,31-40,1,0,Zero Balance,2,0,0,111687.57,High Salary,0
15742269,756,Very Good,France,Female,21-30,1,0,Zero Balance,2,1,0,184182.25,Very High salary,0
15726490,782,Very Good,Spain,Male,51-60,4,0,Zero Balance,1,1,1,52759.82,Medium Salary,1
15738411,505,Poor,France,Male,31-40,10,104498.79,High Balance,1,0,1,126451.14,High Salary,0
15727919,671,Good,Spain,Female,21-30,6,0,Zero Balance,2,0,0,12048.67,Low Salary,0
15709396,801,Excellent,France,Male,41-50,6,0,Zero Balance,2,1,1,95804.33,Medium Salary,0
15654106,604,Fair,France,Male,21-30,8,149542.52,High Balance,2,0,1,197911.52,Very High salary,0
15621653,716,Good,France,Female,21-30,10,87946.39,Medium Balance,1,1,1,182531.74,Very High salary,0
15598086,624,Fair,France,Female,41-50,3,68639.57,Medium Balance,1,1,0,168002.31,Very High salary,1
15752300,607,Fair,Germany,Male,41-50,4,148826.32,High Balance,1,1,1,79450.61,Medium Salary,0
15658693,827,Excellent,France,Female,51-60,2,0,Zero Balance,2,0,1,60615.83,Medium Salary,0
15631838,606,Fair,France,Male,60+,5,108166.09,High Balance,2,0,1,8643.21,Low Salary,0
15803804,717,Good,Germany,Female,31-40,5,103214.71,High Balance,1,1,0,172172.7,Very High salary,0
15578809,651,Fair,Germany,Male,31-40,1,134760.21,High Balance,2,0,0,174434.06,Very High salary,1
15752026,691,Good,France,Male,51-60,3,0,Zero Balance,1,0,1,194930.3,Very High salary,1
15723706,573,Poor,France,Female,31-40,0,90124.64,Medium Balance,1,1,0,137476.71,High Salary,0
15752838,723,Good,Spain,Male,31-40,6,0,Zero Balance,2,1,1,94415.6,Medium Salary,0
15569571,584,Fair,Germany,Female,41-50,6,87361.02,Medium Balance,2,1,0,120376.87,High Salary,1
15769703,550,Poor,Germany,Female,41-50,8,111257.59,High Balance,1,0,0,97623.42,Medium Salary,1
15679770,611,Fair,France,Female,60+,3,131583.59,High Balance,4,0,1,66238.23,Medium Salary,1
15791102,549,Poor,Germany,Male,41-50,9,95020.8,Medium Balance,3,1,1,131710.59,High Salary,1
15655192,850,Excellent,Spain,Female,21-30,1,0,Zero Balance,2,0,1,69052.87,Medium Salary,0
15709487,668,Fair,Germany,Male,31-40,5,80242.37,Medium Balance,2,0,0,56780.97,Medium Salary,0
15687130,686,Good,France,Female,41-50,0,0,Zero Balance,1,1,1,170072.9,Very High salary,0
15755178,660,Fair,France,Male,41-50,1,0,Zero Balance,3,1,1,191849.15,Very High salary,1
15634772,682,Good,Spain,Female,51-60,0,122661.39,High Balance,1,0,1,84803.76,Medium Salary,0
15617197,524,Poor,France,Male,41-50,4,0,Zero Balance,2,1,1,31840.59,Low Salary,1
15631240,645,Fair,France,Female,31-40,8,0,Zero Balance,2,1,1,12096.61,Low Salary,1
15784301,850,Excellent,France,Male,41-50,0,0,Zero Balance,2,1,0,44165.84,Low Salary,0
15631310,537,Poor,France,Female,51-60,3,0,Zero Balance,1,1,1,91406.62,Medium Salary,0
15756560,599,Fair,Spain,Female,41-50,7,81742.84,Medium Balance,2,1,0,83282.21,Medium Salary,0
15732270,727,Good,Spain,Male,60+,8,0,Zero Balance,1,1,1,198446.91,Very High salary,1
15739357,756,Very Good,Spain,Male,21-30,2,145127.85,High Balance,1,0,0,7554.68,Low Salary,0
15771540,755,Very Good,France,Male,31-40,9,148912.44,High Balance,1,1,0,80416.16,Medium Salary,0
15567486,634,Fair,Spain,Female,41-50,4,0,Zero Balance,2,1,1,164549.74,Very High salary,0
15714634,837,Excellent,France,Male,21-30,4,89900.24,Medium Balance,2,1,0,175477.03,Very High salary,0
15727021,727,Good,Germany,Female,21-30,8,119027.28,High Balance,2,1,1,137903.54,High Salary,0
15650670,567,Poor,Germany,Female,31-40,2,105222.86,High Balance,2,1,0,93795.86,Medium Salary,0
15711834,650,Fair,Spain,Female,21-30,6,0,Zero Balance,1,0,0,67997.13,Medium Salary,1
15729763,655,Fair,Spain,Male,31-40,1,116114.93,High Balance,1,1,1,49492.15,Low Salary,0
15646566,763,Very Good,France,Female,51-60,9,187911.55,Very High Balance,1,0,1,35825.18,Low Salary,0
15645463,843,Excellent,France,Female,21-30,5,0,Zero Balance,2,1,1,67494.23,Medium Salary,0
15672144,667,Fair,France,Female,31-40,6,144432.04,High Balance,1,1,1,73963.17,Medium Salary,1
15596088,705,Good,France,Female,41-50,4,77065.9,Medium Balance,2,0,1,145159.26,High Salary,0
15614878,660,Fair,Germany,Female,21-30,6,180520.29,Very High Balance,1,1,1,123850.58,High Salary,0
15635240,553,Poor,France,Male,41-50,1,0,Zero Balance,2,0,0,23822.04,Low Salary,0
15775905,612,Fair,Germany,Female,41-50,6,130024.87,High Balance,1,1,1,45750.21,Low Salary,1
15700657,641,Fair,Germany,Female,31-40,2,110086.69,High Balance,1,1,0,159773.14,Very High salary,0
15611905,513,Poor,Spain,Female,31-40,5,174853.46,Very High Balance,1,1,0,84238.63,Medium Salary,0
15652527,680,Good,France,Male,41-50,7,108724.98,High Balance,1,0,1,72330.46,Medium Salary,0
15785865,711,Good,France,Male,51-60,9,91285.13,Medium Balance,2,1,1,26767.85,Low Salary,0
15645942,689,Good,Spain,Male,31-40,2,0,Zero Balance,2,1,1,164768.82,Very High salary,0
15688691,665,Fair,Germany,Female,51-60,9,110610.41,High Balance,2,0,1,1112.76,Low Salary,1
15592736,551,Poor,Germany,Male,51-60,5,102994.04,High Balance,1,1,0,176680.16,Very High salary,1
15673529,645,Fair,Spain,Male,31-40,4,59893.85,Medium Balance,2,1,0,43999.64,Low Salary,0
15724145,616,Fair,Germany,Male,21-30,8,149318.55,High Balance,1,1,0,140746.13,High Salary,0
15704629,582,Fair,France,Female,31-40,1,116409.55,High Balance,1,0,1,152790.92,Very High salary,0
15597896,365,Poor,Germany,Male,21-30,0,127760.07,High Balance,1,1,0,81537.85,Medium Salary,1
15731790,697,Good,Germany,Female,31-40,6,132591.36,High Balance,1,1,1,7387.8,Low Salary,1
15634719,704,Good,France,Male,31-40,0,0,Zero Balance,2,1,0,183038.33,Very High salary,0
15703205,656,Fair,France,Female,41-50,5,113402.14,High Balance,2,1,1,138849.06,High Salary,0
15567333,712,Good,France,Female,31-40,7,0,Zero Balance,2,1,0,170333.38,Very High salary,0
15754537,748,Very Good,France,Male,31-40,0,0,Zero Balance,1,0,0,60416.76,Medium Salary,0
15612030,724,Good,France,Male,21-30,9,0,Zero Balance,2,1,1,100240.2,High Salary,0
15573242,691,Good,France,Male,41-50,6,136953.47,High Balance,1,1,1,2704.98,Low Salary,0
15601892,563,Poor,France,Male,31-40,8,0,Zero Balance,2,0,1,68815.05,Medium Salary,0
15663885,741,Very Good,France,Male,31-40,5,0,Zero Balance,1,1,1,64839.23,Medium Salary,0
15701096,778,Very Good,France,Male,41-50,8,123863.64,High Balance,1,1,0,144494.94,High Salary,0
15710450,848,Excellent,Spain,Male,21-30,7,120811.89,High Balance,1,1,1,185510.34,Very High salary,0
15790846,634,Fair,Germany,Male,31-40,2,148430.55,High Balance,1,1,1,56055.72,Medium Salary,0
15658956,505,Poor,Germany,Male,31-40,6,47869.69,Low Balance,2,1,1,155061.97,Very High salary,0
15755223,692,Good,Germany,Male,51-60,7,150926.99,Very High Balance,2,0,0,119817.19,High Salary,0
15787318,537,Poor,Germany,Female,41-50,6,103163.35,High Balance,1,1,0,16259.64,Low Salary,1
15737310,633,Fair,France,Male,21-30,10,130206.28,High Balance,1,1,0,184654.87,Very High salary,0
15763665,833,Excellent,France,Female,21-30,4,136674.51,High Balance,2,0,0,5278.78,Low Salary,0
15668818,592,Fair,Spain,Female,31-40,2,200322.45,Very High Balance,1,1,1,113244.73,High Salary,0
15765812,587,Fair,Spain,Male,41-50,1,0,Zero Balance,2,1,1,8908,Low Salary,0
15704844,550,Poor,Spain,Male,60+,7,80927.56,Medium Balance,1,0,1,64490.67,Medium Salary,0
15744582,680,Good,France,Female,21-30,10,0,Zero Balance,3,1,0,154971.63,Very High salary,1
15616700,622,Fair,Spain,Female,41-50,9,0,Zero Balance,2,1,1,155786.39,Very High salary,0
15683521,594,Fair,Germany,Male,21-30,0,142574.71,High Balance,2,1,0,129084.82,High Salary,0
15583049,643,Fair,Germany,Female,31-40,7,160426.07,Very High Balance,1,0,1,188533.11,Very High salary,0
15643752,540,Poor,France,Male,21-30,5,116160.23,High Balance,1,1,0,13411.67,Low Salary,0
15620398,635,Fair,Spain,Female,31-40,5,98683.47,Medium Balance,2,1,0,15733.19,Low Salary,0
15715707,657,Fair,France,Male,31-40,3,118829.03,High Balance,2,1,1,73127.61,Medium Salary,0
15814209,814,Excellent,France,Male,31-40,1,118870.92,High Balance,1,1,0,101704.19,High Salary,0
15733768,600,Fair,France,Male,31-40,1,0,Zero Balance,1,1,1,101986.16,High Salary,0
15755242,682,Good,France,Female,41-50,2,0,Zero Balance,1,1,1,114442.66,High Salary,0
15729412,682,Good,France,Male,31-40,4,107192.38,High Balance,1,1,1,15669.17,Low Salary,0
15746564,566,Poor,France,Male,41-50,3,108010.78,High Balance,1,1,1,157486.1,Very High salary,0
15588446,550,Poor,Spain,Male,31-40,3,0,Zero Balance,2,0,0,131281.28,High Salary,0
15665221,630,Fair,France,Male,21-30,7,129837.72,High Balance,2,0,1,197001.15,Very High salary,0
15640846,546,Poor,Germany,Female,51-60,3,106458.31,High Balance,4,1,0,128881.87,High Salary,1
15700209,486,Poor,France,Male,60+,9,97009.15,Medium Balance,1,1,1,85101,Medium Salary,0
15658360,762,Very Good,Spain,Male,31-40,9,122929.42,High Balance,2,0,0,149822.04,High Salary,0
15602735,692,Good,Germany,Male,41-50,6,152296.83,Very High Balance,4,0,1,108040.86,High Salary,1
15724834,498,Poor,France,Female,21-30,1,0,Zero Balance,2,0,0,135795.53,High Salary,0
15800062,850,Excellent,Spain,Male,41-50,8,0,Zero Balance,1,0,0,25867.67,Low Salary,1
15685300,603,Fair,France,Male,31-40,6,128993.76,High Balance,2,1,0,130483.56,High Salary,0
15760102,551,Poor,France,Female,31-40,5,0,Zero Balance,1,1,0,183479.12,Very High salary,0
15787026,627,Fair,Germany,Male,21-30,0,185267.45,Very High Balance,2,1,1,77027.34,Medium Salary,0
15653696,515,Poor,France,Female,21-30,9,0,Zero Balance,2,0,0,94141.75,Medium Salary,0
15788946,605,Fair,Spain,Female,21-30,3,116805.82,High Balance,1,0,0,4092.75,Low Salary,0
15600724,567,Poor,Germany,Male,21-30,5,129750.68,High Balance,1,1,0,109257.59,High Salary,0
15574324,568,Poor,Germany,Female,21-30,2,129177.01,High Balance,2,0,1,104617.99,High Salary,0
15707144,571,Poor,Germany,Male,21-30,6,82506.72,Medium Balance,2,1,0,167705.07,Very High salary,0
15775891,634,Fair,Germany,Male,41-50,2,107247.69,High Balance,1,1,1,103712.05,High Salary,1
15711789,768,Very Good,Spain,Female,41-50,3,0,Zero Balance,1,0,0,161242.99,Very High salary,1
15600879,554,Poor,Germany,Female,31-40,3,157780.93,Very High Balance,2,1,0,6089.13,Low Salary,0
15681196,629,Fair,France,Male,31-40,1,172170.36,Very High Balance,1,1,1,159777.37,Very High salary,0
15716000,638,Fair,Spain,Male,41-50,2,0,Zero Balance,2,1,1,7919.08,Low Salary,0
15766776,576,Poor,France,Male,41-50,1,0,Zero Balance,1,1,1,188274.6,Very High salary,0
15680278,661,Fair,Spain,Female,41-50,9,75361.44,Medium Balance,1,1,0,27608.12,Low Salary,1
15688637,592,Fair,France,Female,21-30,4,0,Zero Balance,2,1,1,183569.25,Very High salary,0
15591179,702,Good,Spain,Male,21-30,2,0,Zero Balance,2,1,1,145537.32,High Salary,0
15677435,647,Fair,France,Female,21-30,0,98263.46,Medium Balance,2,1,0,164717.95,Very High salary,0
15698619,593,Fair,France,Male,41-50,9,0,Zero Balance,2,1,1,76357.43,Medium Salary,0
15581036,712,Good,Germany,Female,31-40,3,109308.79,High Balance,2,1,0,120158.72,High Salary,1
15622117,625,Fair,Spain,Female,31-40,8,0,Zero Balance,2,1,0,151843.54,Very High salary,0
15599301,538,Poor,Germany,Female,21-30,6,164365.44,Very High Balance,1,0,1,5698.97,Low Salary,0
15581548,637,Fair,Spain,Female,21-30,5,98800,Medium Balance,1,1,0,122865.55,High Salary,0
15586870,632,Fair,France,Male,21-30,4,193125.85,Very High Balance,1,1,1,152665.85,Very High salary,0
15735263,736,Good,France,Male,21-30,5,51522.75,Medium Balance,1,0,1,192131.77,Very High salary,0
15765322,755,Very Good,France,Male,21-30,5,84284.48,Medium Balance,2,1,1,62851.6,Medium Salary,0
15582944,425,Poor,Spain,Female,31-40,5,0,Zero Balance,2,1,0,140941.47,High Salary,0
15687162,461,Poor,France,Male,51-60,9,119889.84,High Balance,1,0,0,56767.67,Medium Salary,1
15644962,745,Very Good,France,Male,21-30,4,137910.45,High Balance,1,1,1,177235.23,Very High salary,0
15612615,616,Fair,France,Female,31-40,6,0,Zero Balance,2,1,0,86242.18,Medium Salary,0
15813439,587,Fair,France,Male,31-40,5,100116.82,High Balance,1,1,0,34215.58,Low Salary,0
15604544,850,Excellent,Germany,Male,31-40,4,166082.15,Very High Balance,2,0,1,44406.17,Low Salary,0
15761348,601,Fair,France,Female,31-40,0,0,Zero Balance,2,1,0,165196.65,Very High salary,0
15785078,730,Good,Spain,Male,21-30,3,0,Zero Balance,1,1,0,34542.41,Low Salary,0
15759874,532,Poor,France,Male,41-50,3,148595.55,High Balance,1,1,0,74838.64,Medium Salary,1
15643658,850,Excellent,Germany,Male,51-60,2,94078.97,Medium Balance,2,1,0,36980.54,Low Salary,0
15713267,779,Very Good,Spain,Female,31-40,5,0,Zero Balance,2,0,1,111676.63,High Salary,0
15737782,562,Poor,France,Male,21-30,9,0,Zero Balance,1,1,1,25858.68,Low Salary,0
15815490,670,Good,Germany,Male,31-40,2,164948.98,Very High Balance,3,0,0,177028,Very High salary,1
15679410,729,Good,France,Female,60+,4,140549.4,High Balance,1,1,0,30990.16,Low Salary,1
15756241,767,Very Good,France,Female,41-50,2,152509.25,Very High Balance,1,1,1,136915.15,High Salary,0
15688409,742,Very Good,France,Female,21-30,2,191864.51,Very High Balance,1,1,0,108457.99,High Salary,1
15742272,669,Fair,France,Female,41-50,8,96418.09,Medium Balance,1,0,0,131609.48,High Salary,1
15717898,542,Poor,Spain,Male,31-40,2,131945.94,High Balance,1,0,1,159737.56,Very High salary,0
15769582,586,Fair,France,Male,21-30,3,0,Zero Balance,2,1,1,142238.54,High Salary,0
15635660,612,Fair,Germany,Male,21-30,9,142910.15,High Balance,1,1,0,105890.55,High Salary,1
15576723,740,Very Good,France,Female,31-40,7,0,Zero Balance,2,1,1,194270.91,Very High salary,0
15591577,584,Fair,France,Male,31-40,3,146311.58,High Balance,1,1,1,105443.47,High Salary,0
15582325,524,Poor,France,Male,51-60,2,87894.26,Medium Balance,1,1,0,173899.42,Very High salary,1
15693947,614,Fair,France,Female,0-20,5,97445.49,Medium Balance,2,1,0,122823.34,High Salary,0
15760446,598,Fair,France,Female,60+,9,0,Zero Balance,1,0,1,13181.37,Low Salary,1
15611105,799,Very Good,Spain,Male,31-40,7,0,Zero Balance,2,0,1,140780.8,High Salary,0
15630920,724,Good,France,Male,31-40,2,154485.74,Very High Balance,2,0,0,78560.64,Medium Salary,0
15574910,601,Fair,France,Male,41-50,2,115625.07,High Balance,1,1,0,185855.21,Very High salary,0
15756472,804,Excellent,France,Male,21-30,7,108396.67,High Balance,1,1,0,128276.95,High Salary,0
15682890,745,Very Good,Germany,Male,31-40,5,65095.41,Medium Balance,2,1,1,140197.42,High Salary,0
15641994,667,Fair,Germany,Male,41-50,1,103018.45,High Balance,1,1,0,32462.39,Low Salary,1
15733297,518,Poor,France,Female,31-40,10,84764.79,Medium Balance,1,1,1,162253.9,Very High salary,0
15767793,819,Excellent,France,Female,31-40,10,0,Zero Balance,2,1,0,30498.7,Low Salary,0
15725698,520,Poor,Spain,Female,31-40,4,115680.81,High Balance,1,1,1,90280.7,Medium Salary,0
15813532,625,Fair,France,Female,31-40,5,0,Zero Balance,2,1,0,32615.21,Low Salary,0
15576760,673,Good,Germany,Male,31-40,5,73088.06,Medium Balance,2,0,0,196142.26,Very High salary,0
15732102,656,Fair,Germany,Female,21-30,3,150905.03,Very High Balance,2,1,0,16998.72,Low Salary,0
15739046,850,Excellent,Spain,Female,21-30,9,143054.85,High Balance,1,0,1,62980.96,Medium Salary,0
15631927,574,Poor,Spain,Female,21-30,7,0,Zero Balance,2,0,0,185660.3,Very High salary,0
15672115,679,Good,France,Male,51-60,6,0,Zero Balance,2,1,1,77331.77,Medium Salary,0
15618765,530,Poor,Germany,Female,41-50,0,99948.45,Medium Balance,1,0,1,97338.62,Medium Salary,0
15679148,508,Poor,France,Male,41-50,3,115451.05,High Balance,2,0,0,67234.33,Medium Salary,0
15728474,558,Poor,Germany,Male,31-40,4,108235.91,High Balance,1,1,1,143783.28,High Salary,0
15636999,414,Poor,France,Male,31-40,8,0,Zero Balance,1,0,1,77661.12,Medium Salary,1
15754261,648,Fair,Spain,Male,41-50,2,98795.61,Medium Balance,2,1,0,89123.99,Medium Salary,0
15629150,721,Good,France,Female,31-40,1,0,Zero Balance,2,1,0,70810.8,Medium Salary,0
15736274,751,Very Good,France,Male,31-40,8,0,Zero Balance,2,0,0,17550.49,Low Salary,0
15627697,662,Fair,France,Male,31-40,2,0,Zero Balance,2,0,1,21497.27,Low Salary,0
15721585,628,Fair,Germany,Male,21-30,3,113146.98,High Balance,2,0,1,124749.08,High Salary,0
15639946,597,Fair,Germany,Female,31-40,8,162532.14,Very High Balance,3,1,0,36051.46,Low Salary,1
15792176,698,Good,Spain,Female,31-40,0,92053.44,Medium Balance,1,1,1,143681.83,High Salary,0
15699450,723,Good,France,Male,41-50,7,0,Zero Balance,2,1,1,150694.58,Very High salary,0
15729954,586,Fair,France,Female,21-30,5,0,Zero Balance,3,1,0,170487.4,Very High salary,1
15600103,633,Fair,Germany,Female,21-30,8,104944.1,High Balance,1,1,1,97684.46,Medium Salary,0
15786200,564,Poor,France,Male,31-40,4,0,Zero Balance,2,1,0,53520.03,Medium Salary,0
15797010,649,Fair,France,Female,31-40,2,0,Zero Balance,2,1,0,15200.61,Low Salary,0
15670172,622,Fair,France,Female,21-30,4,107879.04,High Balance,1,0,1,196894.62,Very High salary,0
15627352,459,Poor,Germany,Male,41-50,7,110356.42,High Balance,1,1,0,4969.13,Low Salary,1
15622494,718,Good,France,Male,21-30,2,0,Zero Balance,2,0,0,26229.24,Low Salary,0
15585835,655,Fair,Spain,Female,31-40,4,109783.69,High Balance,2,1,0,134034.32,High Salary,0
15595071,696,Good,France,Male,21-30,9,149777,High Balance,1,1,1,198032.93,Very High salary,0
15628203,637,Fair,France,Female,31-40,3,104339.56,High Balance,1,0,0,119882.86,High Salary,0
15667190,630,Fair,Spain,Female,21-30,1,85818.18,Medium Balance,1,1,1,133102.3,High Salary,0
15780212,592,Fair,France,Male,31-40,4,212692.97,Very High Balance,1,0,0,176395.02,Very High salary,0
15766869,634,Fair,Germany,Male,31-40,1,89696.84,Medium Balance,2,1,1,193179.88,Very High salary,0
15775741,608,Fair,France,Female,21-30,9,0,Zero Balance,2,1,1,125062.02,High Salary,0
15628170,565,Poor,Germany,Female,31-40,9,68067.24,Medium Balance,1,1,0,143287.58,High Salary,0
15701318,763,Very Good,Spain,Male,60+,9,148564.66,High Balance,1,0,1,87236.4,Medium Salary,0
15710928,665,Fair,France,Female,51-60,8,136354.16,High Balance,1,1,1,93769.89,Medium Salary,0
15682547,649,Fair,France,Male,31-40,1,122214,High Balance,1,0,1,88965.46,Medium Salary,0
15631170,695,Good,France,Male,41-50,3,0,Zero Balance,2,1,1,30793.61,Low Salary,0
15648702,775,Very Good,Germany,Male,60+,6,119684.88,High Balance,2,1,1,74532.02,Medium Salary,0
15783444,788,Very Good,France,Female,31-40,3,135139.33,High Balance,1,0,1,113086.08,High Salary,0
15809178,569,Poor,Germany,Female,41-50,9,146100.75,High Balance,1,1,0,32574.01,Low Salary,1
15806688,726,Good,Spain,Female,51-60,8,123110.9,High Balance,3,0,1,130113.78,High Salary,1
15576824,564,Poor,Germany,Female,41-50,3,111760.4,High Balance,3,1,1,104722.47,High Salary,1
15675422,544,Poor,France,Female,31-40,9,110728.39,High Balance,1,1,1,14559.62,Low Salary,0
15681550,614,Fair,France,Female,41-50,8,121558.46,High Balance,1,1,1,598.8,Low Salary,0
15812628,453,Poor,Germany,Female,31-40,8,120623.21,High Balance,1,1,0,129697.99,High Salary,0
15597951,471,Poor,France,Female,51-60,4,114713.57,High Balance,1,1,1,36315.03,Low Salary,0
15807045,829,Excellent,Germany,Female,31-40,3,103457.76,High Balance,1,0,0,1114.12,Low Salary,0
15581748,754,Very Good,Germany,Male,51-60,2,101134.87,High Balance,2,1,1,70954.41,Medium Salary,0
15770420,749,Very Good,Germany,Male,41-50,10,78136.36,Medium Balance,2,1,1,73470.98,Medium Salary,0
15608230,667,Fair,France,Male,21-30,1,0,Zero Balance,2,1,0,91573.19,Medium Salary,0
15730339,670,Good,Spain,Male,21-30,3,133446.34,High Balance,1,0,0,3154.95,Low Salary,0
15712584,670,Good,France,Female,31-40,7,0,Zero Balance,2,1,1,88187.81,Medium Salary,0
15592816,623,Fair,Germany,Female,41-50,1,108076.33,High Balance,1,1,0,118855.26,High Salary,1
15641480,571,Poor,France,Male,31-40,5,131354.25,High Balance,1,1,0,125256.53,High Salary,0
15708505,641,Fair,Germany,Female,31-40,7,62974.64,Medium Balance,2,0,1,39016.43,Low Salary,0
15791131,551,Poor,Germany,Female,21-30,2,143340.44,High Balance,1,1,0,145796.49,High Salary,0
15618225,741,Very Good,Germany,Male,31-40,8,116993.43,High Balance,2,1,0,168816.22,Very High salary,0
15644724,472,Poor,France,Male,31-40,4,58662.92,Medium Balance,2,0,1,73322,Medium Salary,0
15662098,650,Fair,Spain,Male,41-50,3,128808.65,High Balance,3,0,0,113677.53,High Salary,1
15723894,625,Fair,France,Male,41-50,7,137555.44,High Balance,1,0,0,124607.7,High Salary,0
15787699,650,Fair,Germany,Male,31-40,4,142393.11,High Balance,1,1,1,11276.48,Low Salary,0
15687738,535,Poor,France,Female,31-40,8,0,Zero Balance,2,1,0,136620.64,High Salary,0
15576126,649,Fair,France,Female,41-50,2,125785.23,High Balance,1,1,1,70523.92,Medium Salary,0
15658889,689,Good,France,Male,21-30,4,136444.25,High Balance,1,1,0,51980.25,Medium Salary,1
15667046,694,Good,Spain,Male,31-40,7,121527.4,High Balance,1,1,0,113481.02,High Salary,0
15669957,655,Fair,Germany,Male,51-60,9,144696.75,High Balance,1,1,1,49025.79,Low Salary,0
15655794,620,Fair,France,Male,31-40,8,0,Zero Balance,2,1,1,145937.99,High Salary,0
15599829,577,Poor,France,Female,31-40,10,0,Zero Balance,2,1,1,25161.61,Low Salary,0
15753332,401,Poor,Germany,Male,41-50,8,128140.17,High Balance,1,1,0,175753.55,Very High salary,1
15671124,599,Fair,France,Male,21-30,6,120383.41,High Balance,1,1,1,24903.09,Low Salary,0
15767474,481,Poor,France,Female,51-60,9,0,Zero Balance,3,1,1,169719.35,Very High salary,1
15720671,704,Good,France,Male,41-50,8,129735.3,High Balance,2,1,1,179565.57,Very High salary,0
15626787,698,Good,Spain,Female,31-40,8,185078.26,Very High Balance,1,0,0,115337.74,High Salary,1
15774491,480,Poor,France,Female,21-30,6,0,Zero Balance,2,0,0,48131.92,Low Salary,0
15579647,682,Good,France,Male,41-50,0,0,Zero Balance,1,1,1,160828.98,Very High salary,0
15625522,700,Good,Spain,Male,31-40,7,0,Zero Balance,2,0,1,145151.96,High Salary,0
15765806,492,Poor,France,Male,21-30,1,144591.96,High Balance,1,1,1,196293.76,Very High salary,0
15566708,444,Poor,France,Female,41-50,4,0,Zero Balance,2,1,0,161653.5,Very High salary,1
15668347,624,Fair,France,Male,31-40,6,0,Zero Balance,2,0,0,84635.64,Medium Salary,0
15575214,709,Good,France,Male,31-40,7,0,Zero Balance,1,1,0,159486.76,Very High salary,0
15591123,557,Poor,Germany,Male,60+,2,100194.44,High Balance,1,1,1,38596.34,Low Salary,0
15573280,646,Fair,Germany,Male,41-50,6,145295.31,High Balance,2,1,1,27814.74,Low Salary,0
15589018,719,Good,Germany,Male,21-30,3,106070.29,High Balance,2,1,1,183893.31,Very High salary,0
15654495,706,Good,Germany,Female,41-50,6,120621.89,High Balance,1,1,1,140803.7,High Salary,0
15597265,660,Fair,France,Male,31-40,7,0,Zero Balance,2,0,1,146585.53,High Salary,0
15733876,667,Fair,France,Male,31-40,9,0,Zero Balance,2,1,1,40062.29,Low Salary,0
15677217,705,Good,France,Male,21-30,1,0,Zero Balance,1,1,1,181300.32,Very High salary,0
15747265,598,Fair,Germany,Female,21-30,10,171283.91,Very High Balance,1,1,1,84136.12,Medium Salary,0
15713379,669,Fair,France,Male,21-30,4,0,Zero Balance,2,1,1,197594.34,Very High salary,0
15730433,580,Fair,Germany,Female,31-40,1,128218.47,High Balance,1,1,0,125953.83,High Salary,1
15693347,676,Good,France,Female,31-40,5,0,Zero Balance,2,1,1,75465.41,Medium Salary,0
15715465,714,Good,Germany,Male,21-30,7,77776.39,Medium Balance,1,1,0,177737.07,Very High salary,0
15680736,597,Fair,Germany,Female,60+,6,124978.19,High Balance,2,1,1,7144.46,Low Salary,0
15610765,559,Poor,France,Male,21-30,1,0,Zero Balance,2,0,0,155639.76,Very High salary,0
15650034,564,Poor,France,Female,21-30,1,0,Zero Balance,1,1,1,162428.05,Very High salary,0
15782468,850,Excellent,Spain,Male,51-60,3,109799.55,High Balance,2,1,1,12457.76,Low Salary,1
15685109,689,Good,France,Male,31-40,7,0,Zero Balance,2,0,0,14917.09,Low Salary,0
15776233,758,Very Good,Germany,Female,60+,8,125397.21,High Balance,1,1,0,182184.09,Very High salary,1
15761141,604,Fair,Spain,Female,60+,10,0,Zero Balance,2,1,1,129984.2,High Salary,0
15781702,733,Good,Germany,Male,31-40,9,111347.37,High Balance,2,0,1,194872.97,Very High salary,0
15790235,778,Very Good,Spain,Male,31-40,8,104291.41,High Balance,2,1,1,117507.11,High Salary,0
15641416,732,Good,Germany,Female,60+,9,94867.18,Medium Balance,2,1,1,157527.6,Very High salary,1
15775234,646,Fair,France,Male,21-30,8,0,Zero Balance,2,0,0,92612.88,Medium Salary,0
15659475,597,Fair,France,Female,31-40,6,135703.59,High Balance,2,0,0,74850.84,Medium Salary,0
15642202,821,Excellent,Germany,Female,31-40,5,106453.53,High Balance,2,0,1,127413,High Salary,0
15771417,640,Fair,France,Male,41-50,7,132412.38,High Balance,1,0,0,69584.3,Medium Salary,1
15585100,511,Poor,Germany,Female,31-40,9,124401.6,High Balance,1,1,0,198814.24,Very High salary,1
15700487,805,Excellent,France,Male,41-50,6,118022.06,High Balance,3,1,0,162643.15,Very High salary,1
15726589,540,Poor,Germany,Male,31-40,1,82531.11,Medium Balance,1,1,0,114092.52,High Salary,0
15747503,705,Good,Spain,Male,41-50,0,184552.12,Very High Balance,1,1,0,68860.3,Medium Salary,1
15595883,540,Poor,Germany,Male,31-40,4,127278.31,High Balance,1,1,1,16150.34,Low Salary,0
15663826,532,Poor,Spain,Female,60+,3,0,Zero Balance,1,1,1,115227.02,High Salary,0
15742820,535,Poor,France,Female,41-50,2,0,Zero Balance,2,0,1,170621.55,Very High salary,0
15624793,627,Fair,Germany,Male,21-30,5,184244.86,Very High Balance,1,1,0,103099.22,High Salary,0
15597930,646,Fair,France,Male,51-60,8,59669.43,Medium Balance,1,0,0,172495.81,Very High salary,1
15665110,515,Poor,France,Female,21-30,7,79543.59,Medium Balance,1,0,1,38772.82,Low Salary,0
15770719,697,Good,France,Female,31-40,6,151553.19,Very High Balance,1,1,1,44946.29,Low Salary,0
15731327,652,Fair,Germany,Male,21-30,2,166527.88,Very High Balance,2,0,1,146007.7,High Salary,0
15576044,579,Poor,Germany,Male,21-30,6,150329.15,Very High Balance,1,1,0,145558.42,High Salary,0
15775662,760,Very Good,France,Male,41-50,8,121911.59,High Balance,1,1,0,193312.33,Very High salary,0
15646817,769,Very Good,France,Male,51-60,9,156773.78,Very High Balance,2,1,0,40257.79,Low Salary,0
15596060,498,Poor,Spain,Male,21-30,8,127864.26,High Balance,1,1,1,46677.9,Low Salary,0
15723299,774,Very Good,France,Male,51-60,4,113709.28,High Balance,1,1,1,153887.93,Very High salary,1
15636982,705,Good,Germany,Female,41-50,7,79974.55,Medium Balance,1,1,1,103108.33,High Salary,0
15751175,648,Fair,France,Female,41-50,2,0,Zero Balance,2,1,1,58652.23,Medium Salary,0
15618936,688,Good,France,Female,51-60,5,0,Zero Balance,1,1,0,91624.11,Medium Salary,1
15787529,592,Fair,Spain,Male,31-40,0,0,Zero Balance,1,1,0,65986.48,Medium Salary,1
15780128,705,Good,France,Male,31-40,3,144427.96,High Balance,2,1,0,113845.19,High Salary,0
15615991,654,Fair,France,Male,41-50,7,99263.09,Medium Balance,1,1,1,67607.9,Medium Salary,0
15757001,624,Fair,France,Female,31-40,2,79368.87,Medium Balance,2,1,1,145471.94,High Salary,0
15595388,594,Fair,France,Female,21-30,10,0,Zero Balance,2,1,1,124071.71,High Salary,0
15699550,695,Good,Spain,Female,31-40,9,0,Zero Balance,2,1,1,67502.12,Medium Salary,0
15581620,597,Fair,France,Male,21-30,2,0,Zero Balance,3,1,1,78707.97,Medium Salary,0
15600934,758,Very Good,France,Female,51-60,7,125095.94,High Balance,1,1,0,171189.83,Very High salary,1
15738672,737,Good,Germany,Female,31-40,2,162485.8,Very High Balance,2,1,0,149381.32,High Salary,0
15721307,694,Good,Germany,Male,31-40,1,95668.82,Medium Balance,2,1,0,100335.55,High Salary,0
15619280,683,Good,France,Male,21-30,4,0,Zero Balance,2,1,0,152698.24,Very High salary,0
15768244,538,Poor,Spain,Female,21-30,8,0,Zero Balance,2,1,1,41192.95,Low Salary,0
15806837,669,Fair,France,Male,31-40,4,0,Zero Balance,1,1,0,132540.33,High Salary,0
15643496,730,Good,France,Female,31-40,5,74197.38,Medium Balance,2,1,0,96875.52,Medium Salary,0
15813916,622,Fair,France,Female,31-40,1,89688.94,Medium Balance,1,1,1,152305.47,Very High salary,0
15626385,714,Good,Spain,Female,31-40,10,103121.33,High Balance,2,1,1,49672.01,Low Salary,0
15603582,569,Poor,Spain,Female,31-40,3,0,Zero Balance,1,1,0,133997.53,High Salary,0
15764351,668,Fair,Germany,Female,51-60,5,120170.07,High Balance,1,0,1,50454.8,Medium Salary,0
15667938,628,Fair,France,Male,31-40,9,149136.31,High Balance,2,1,1,16402.11,Low Salary,0
15576360,600,Fair,France,Male,31-40,1,141136.79,High Balance,1,1,1,67803.83,Medium Salary,0
15628813,693,Good,France,Female,41-50,4,152341.55,Very High Balance,1,1,0,9241.78,Low Salary,0
15584190,704,Good,France,Male,31-40,7,120026.98,High Balance,2,0,1,100601.73,High Salary,0
15716449,527,Poor,Spain,Male,31-40,9,132168.28,High Balance,1,0,0,98734.15,Medium Salary,0
15759913,553,Poor,Germany,Male,41-50,6,85200.82,Medium Balance,2,1,1,160574.09,Very High salary,0
15701555,575,Poor,Spain,Male,51-60,1,84903.33,Medium Balance,2,0,1,26015.8,Low Salary,0
15758482,626,Fair,France,Female,31-40,0,0,Zero Balance,2,0,0,187172.54,Very High salary,0
15758171,582,Fair,France,Male,0-20,4,0,Zero Balance,1,1,1,55763.66,Medium Salary,0
15680346,683,Good,Spain,Male,31-40,8,0,Zero Balance,1,1,0,75848.22,Medium Salary,0
15649124,850,Excellent,France,Male,21-30,9,121535.18,High Balance,1,0,0,40313.47,Low Salary,0
15812917,653,Fair,Spain,Male,31-40,6,116662.96,High Balance,2,1,1,23864.21,Low Salary,0
15768455,679,Good,France,Male,51-60,8,0,Zero Balance,2,1,1,51380.9,Medium Salary,0
15703059,549,Poor,Germany,Female,41-50,6,124829.16,High Balance,1,0,1,93551.36,Medium Salary,0
15646196,850,Excellent,Spain,Female,31-40,2,155180.56,Very High Balance,2,0,0,169415.54,Very High salary,0
15585451,558,Poor,Germany,Female,31-40,1,108262.87,High Balance,1,1,1,6935.31,Low Salary,0
15714057,528,Poor,Spain,Male,31-40,4,0,Zero Balance,2,1,0,25399.7,Low Salary,0
15748473,801,Excellent,France,Male,31-40,5,0,Zero Balance,2,1,0,66256.27,Medium Salary,0
15785782,513,Poor,Spain,Male,41-50,2,0,Zero Balance,1,1,1,114709.13,High Salary,1
15693233,666,Fair,Germany,Male,31-40,6,99812.88,Medium Balance,2,1,1,158357.97,Very High salary,0
15757521,606,Fair,France,Male,31-40,2,132164.26,High Balance,1,0,1,164815.59,Very High salary,0
15812513,599,Fair,Germany,Male,41-50,10,103583.05,High Balance,1,1,0,132127.69,High Salary,1
15674950,544,Poor,Germany,Male,31-40,4,142406.43,High Balance,2,1,0,146637.45,High Salary,0
15678572,529,Poor,Spain,Male,31-40,7,99842.5,Medium Balance,2,1,0,90256.06,Medium Salary,1
15713608,850,Excellent,France,Female,41-50,5,0,Zero Balance,2,1,1,34827.43,Low Salary,0
15579262,497,Poor,France,Male,41-50,9,0,Zero Balance,1,0,0,22074.48,Low Salary,0
15610426,764,Very Good,France,Female,31-40,5,81042.42,Medium Balance,1,0,1,109805.17,High Salary,0
15776454,603,Fair,France,Female,41-50,5,0,Zero Balance,1,1,0,100478.6,High Salary,1
15771483,609,Fair,France,Male,31-40,6,0,Zero Balance,2,1,1,97416.34,Medium Salary,0
15648489,487,Poor,France,Male,51-60,4,199689.49,Very High Balance,1,1,1,24207.86,Low Salary,1
15646609,748,Very Good,France,Male,31-40,1,142645.43,High Balance,1,0,0,69132.66,Medium Salary,0
15693203,710,Good,Spain,Female,60+,5,0,Zero Balance,2,1,1,9376.89,Low Salary,0
15813067,432,Poor,Germany,Female,41-50,3,110219.14,High Balance,1,1,0,43046.7,Low Salary,1
15769829,534,Poor,Spain,Male,51-60,3,0,Zero Balance,2,0,1,20856.31,Low Salary,0
15662434,607,Fair,France,Male,21-30,3,0,Zero Balance,2,0,0,187048.72,Very High salary,0
15773503,551,Poor,Spain,Male,31-40,4,0,Zero Balance,2,1,0,53420.53,Medium Salary,0
15705890,674,Good,France,Male,41-50,7,142072.02,High Balance,1,1,0,37013.29,Low Salary,0
15711398,525,Poor,France,Female,21-30,6,0,Zero Balance,2,1,0,89566.64,Medium Salary,0
15752375,645,Fair,Germany,Male,31-40,8,149564.61,High Balance,1,0,0,149913.84,High Salary,0
15659175,755,Very Good,France,Female,41-50,9,0,Zero Balance,2,1,0,18066.69,Low Salary,0
15597033,708,Good,Germany,Male,31-40,8,153366.13,Very High Balance,1,1,1,26912.34,Low Salary,0
15590228,715,Good,France,Male,21-30,6,76467.16,Medium Balance,1,1,1,173511.72,Very High salary,0
15631848,727,Good,France,Female,21-30,9,121508.28,High Balance,1,1,1,146785.44,High Salary,0
15654211,559,Poor,Spain,Female,21-30,1,0,Zero Balance,1,0,1,1050.33,Low Salary,0
15707968,545,Poor,Spain,Male,31-40,8,73211.12,Medium Balance,2,1,0,89587.34,Medium Salary,1
15594084,524,Poor,France,Male,21-30,9,0,Zero Balance,2,1,0,74405.34,Medium Salary,0
15651093,707,Good,France,Female,51-60,1,0,Zero Balance,2,0,1,54409.48,Medium Salary,0
15798824,671,Good,Spain,Male,31-40,0,92674.94,Medium Balance,2,1,0,3647.57,Low Salary,0
15671591,439,Poor,Spain,Male,51-60,3,96196.24,Medium Balance,4,1,0,198874.52,Very High salary,1
15707189,667,Fair,Germany,Female,31-40,1,114391.62,High Balance,1,1,1,53412.54,Medium Salary,0
15733581,831,Excellent,Germany,Male,31-40,9,80262.66,Medium Balance,1,1,0,194867.78,Very High salary,0
15641640,545,Poor,Spain,Female,31-40,7,173331.52,Very High Balance,1,1,0,150452.88,Very High salary,0
15585284,604,Fair,Spain,Female,31-40,7,147285.52,High Balance,1,1,1,57807.05,Medium Salary,0
15617866,657,Fair,Spain,Male,60+,5,119785.47,High Balance,2,1,1,107534.32,High Salary,0
15667751,487,Poor,Spain,Female,31-40,1,140137.15,High Balance,1,1,0,194073.33,Very High salary,0
15669411,750,Very Good,Germany,Female,51-60,6,107467.56,High Balance,1,1,0,126233.18,High Salary,1
15789425,694,Good,Germany,Female,31-40,8,98218.04,Medium Balance,2,1,0,182354.46,Very High salary,1
15570943,711,Good,Germany,Female,31-40,2,133607.75,High Balance,1,1,1,120586.32,High Salary,0
15685829,551,Poor,France,Male,31-40,3,0,Zero Balance,2,1,1,50578.4,Medium Salary,0
15721917,559,Poor,France,Female,31-40,8,95139.41,Medium Balance,1,1,1,86575.46,Medium Salary,0
15776047,620,Fair,France,Female,21-30,3,0,Zero Balance,2,0,1,153392.28,Very High salary,0
15716024,660,Fair,Spain,Male,41-50,5,0,Zero Balance,2,1,0,115509.59,High Salary,0
15675328,449,Poor,France,Female,31-40,6,0,Zero Balance,2,1,0,82176.48,Medium Salary,0
15604314,703,Good,Germany,Female,21-30,1,97331.19,Medium Balance,1,1,0,63717.49,Medium Salary,0
15658339,795,Very Good,Germany,Male,31-40,2,139265.63,High Balance,2,1,1,198745.94,Very High salary,0
15630402,594,Fair,France,Female,31-40,9,0,Zero Balance,1,0,1,5719.11,Low Salary,0
15689616,586,Fair,Spain,Male,31-40,5,168094.01,Very High Balance,1,0,0,20058.61,Low Salary,0
15774224,613,Fair,Germany,Female,21-30,5,131563.88,High Balance,2,1,0,170638.98,Very High salary,0
15701291,601,Fair,France,Male,41-50,3,0,Zero Balance,2,1,0,30607.11,Low Salary,0
15719606,657,Fair,France,Male,41-50,9,0,Zero Balance,2,0,0,37171.46,Low Salary,0
15644119,531,Poor,France,Male,31-40,3,0,Zero Balance,1,1,1,42589.33,Low Salary,0
15646859,621,Fair,Germany,Male,41-50,7,107363.29,High Balance,1,1,1,66799.28,Medium Salary,0
15606836,782,Very Good,France,Female,31-40,2,94493.03,Medium Balance,1,0,1,101866.39,High Salary,0
15664150,528,Poor,Germany,Female,21-30,9,170214.23,Very High Balance,2,1,0,49284,Low Salary,0
15624510,696,Good,France,Male,51-60,6,139781.06,High Balance,1,1,0,27445.4,Low Salary,1
15810944,586,Fair,France,Female,31-40,7,0,Zero Balance,2,1,0,70760.69,Medium Salary,0
15668575,626,Fair,Spain,Female,21-30,8,148610.41,High Balance,3,0,1,104502.02,High Salary,1
15603246,498,Poor,France,Male,60+,2,170241.7,Very High Balance,2,1,1,165407.96,Very High salary,0
15804002,691,Good,France,Female,31-40,1,128306.83,High Balance,1,1,1,113580.79,High Salary,0
15728773,568,Poor,France,Female,41-50,7,0,Zero Balance,2,1,1,45978.39,Low Salary,0
15598044,715,Good,France,Female,31-40,3,0,Zero Balance,1,1,1,152012.36,Very High salary,0
15694829,680,Good,Germany,Male,31-40,7,175454,Very High Balance,1,0,1,77349.92,Medium Salary,0
15600575,802,Excellent,Spain,Male,41-50,6,0,Zero Balance,2,1,0,47322.05,Low Salary,0
15727311,539,Poor,France,Female,21-30,0,100885.93,High Balance,2,1,1,38772.65,Low Salary,0
15570769,494,Poor,France,Male,60+,9,93320.8,Medium Balance,1,1,1,24489.44,Low Salary,0
15606274,594,Fair,Germany,Male,31-40,6,63176.44,Medium Balance,2,1,1,14466.08,Low Salary,0
15746139,596,Fair,France,Male,31-40,2,139451.67,High Balance,1,0,0,63142.12,Medium Salary,0
15704987,649,Fair,France,Female,51-60,8,49113.75,Low Balance,1,1,0,41858.43,Low Salary,0
15628972,699,Good,Germany,Male,31-40,1,123906.22,High Balance,3,1,1,127443.82,High Salary,1
15697686,787,Very Good,France,Female,31-40,6,0,Zero Balance,2,1,1,84151.98,Medium Salary,0
15733883,604,Fair,France,Male,21-30,7,0,Zero Balance,2,0,0,58595.64,Medium Salary,0
15617482,489,Poor,Germany,Female,51-60,1,131441.51,High Balance,1,1,0,37240.11,Low Salary,1
15704583,651,Fair,France,Male,51-60,2,0,Zero Balance,1,1,0,114522.68,High Salary,1
15621083,698,Good,France,Male,51-60,6,136325.48,High Balance,2,1,1,72549.27,Medium Salary,1
15649487,578,Poor,Germany,Female,31-40,4,113150.44,High Balance,2,1,0,176712.59,Very High salary,1
15736760,538,Poor,Spain,Female,41-50,9,0,Zero Balance,1,0,0,152855.96,Very High salary,0
15714658,696,Good,France,Female,31-40,4,0,Zero Balance,2,1,1,73371.65,Medium Salary,0
15599081,507,Poor,Germany,Female,41-50,8,102785.16,High Balance,1,1,1,70323.68,Medium Salary,0
15705113,685,Good,Spain,Male,31-40,6,83264.28,Medium Balance,1,0,0,9663.28,Low Salary,0
15631159,705,Good,Germany,Male,41-50,4,72252.64,Medium Balance,2,1,1,142514.66,High Salary,0
15792818,499,Poor,Germany,Female,21-30,6,148051.52,High Balance,1,1,0,118623.94,High Salary,0
15633531,717,Good,France,Female,60+,9,138489.66,High Balance,1,1,1,68400.14,Medium Salary,0
15744529,510,Poor,France,Male,60+,8,0,Zero Balance,2,1,1,115291.86,High Salary,0
15669656,632,Fair,France,Male,31-40,6,111589.33,High Balance,1,1,1,170382.99,Very High salary,0
15581198,668,Fair,Germany,Female,31-40,0,122104.79,High Balance,1,1,0,112946.67,High Salary,1
15729054,744,Very Good,Germany,Male,31-40,4,96106.83,Medium Balance,1,1,1,79812.77,Medium Salary,0
15573452,663,Fair,Germany,Male,41-50,7,115930.87,High Balance,1,1,0,19862.78,Low Salary,0
15776733,638,Fair,Germany,Female,31-40,7,124513.66,High Balance,2,1,0,158610.89,Very High salary,0
15724858,688,Good,France,Female,51-60,9,0,Zero Balance,1,1,0,191212.63,Very High salary,1
15713144,588,Fair,Spain,Male,41-50,8,0,Zero Balance,1,1,0,61931.21,Medium Salary,0
15690188,631,Fair,France,Male,31-40,7,0,Zero Balance,1,1,1,58043.02,Medium Salary,1
15689425,687,Good,Spain,Male,31-40,8,100988.39,High Balance,2,1,0,22247.27,Low Salary,0
15671766,599,Fair,France,Male,41-50,10,118577.24,High Balance,1,1,1,31448.52,Low Salary,0
15782806,718,Good,Spain,Male,21-30,6,0,Zero Balance,2,1,0,146875.86,High Salary,0
15764419,730,Good,France,Male,21-30,5,0,Zero Balance,2,1,1,116081.93,High Salary,0
15591915,533,Poor,France,Female,31-40,2,0,Zero Balance,1,0,1,73669.94,Medium Salary,1
15772798,711,Good,Spain,Female,21-30,5,0,Zero Balance,2,1,1,93959.96,Medium Salary,0
15792008,555,Poor,Spain,Female,21-30,9,0,Zero Balance,2,0,1,158918.03,Very High salary,0
15715541,850,Excellent,France,Female,41-50,9,113311.11,High Balance,1,1,1,198193.75,Very High salary,0
15639277,678,Good,France,Female,41-50,9,0,Zero Balance,1,0,0,13160.03,Low Salary,0
15798850,576,Poor,France,Male,31-40,7,0,Zero Balance,2,1,0,4660.91,Low Salary,0
15776348,835,Excellent,Germany,Male,0-20,4,124365.42,High Balance,1,0,0,180197.74,Very High salary,1
15727696,592,Fair,France,Male,41-50,1,147249.29,High Balance,2,1,1,63023.02,Medium Salary,0
15793813,774,Very Good,France,Male,31-40,7,103688.19,High Balance,1,0,1,118971.74,High Salary,0
15694395,620,Fair,France,Female,21-30,1,138740.24,High Balance,2,0,0,154700.61,Very High salary,0
15764195,519,Poor,Spain,Male,31-40,4,111900.14,High Balance,1,1,1,97577.17,Medium Salary,0
15744919,734,Good,Spain,Female,31-40,0,152760.24,Very High Balance,1,1,1,48990.5,Low Salary,0
15671655,763,Very Good,Germany,Male,31-40,7,143966.3,High Balance,2,1,1,140262.96,High Salary,1
15654901,733,Good,France,Male,51-60,10,141556.96,High Balance,1,1,0,130189.53,High Salary,0
15649136,650,Fair,France,Female,41-50,6,0,Zero Balance,2,1,1,16301.91,Low Salary,0
15775562,538,Poor,France,Female,31-40,5,0,Zero Balance,2,1,0,126962.41,High Salary,0
15807481,577,Poor,France,Female,41-50,1,0,Zero Balance,1,1,1,158750.53,Very High salary,0
15642885,792,Very Good,France,Male,21-30,8,0,Zero Balance,2,1,0,199644.2,Very High salary,0
15789109,686,Good,France,Female,41-50,10,0,Zero Balance,1,1,1,144272.71,High Salary,1
15814004,589,Fair,France,Male,21-30,2,0,Zero Balance,2,0,1,98320.27,Medium Salary,0
15673619,530,Poor,France,Male,21-30,9,162560.32,Very High Balance,1,1,0,64129.03,Medium Salary,0
15595135,778,Very Good,Germany,Female,21-30,7,123229.46,High Balance,1,1,0,181221.09,Very High salary,0
15583681,616,Fair,Spain,Male,31-40,7,76665.71,Medium Balance,2,1,1,163809.08,Very High salary,0
15605000,550,Poor,France,Male,31-40,9,140278.99,High Balance,3,1,1,171457.06,Very High salary,1
15718071,655,Fair,France,Female,51-60,3,0,Zero Balance,2,0,1,15801.02,Low Salary,0
15679760,721,Good,France,Male,41-50,1,115764.32,High Balance,2,0,0,102950.79,High Salary,0
15654574,499,Poor,Germany,Male,31-40,5,131142.53,High Balance,2,1,0,174918.46,Very High salary,0
15577178,511,Poor,France,Male,41-50,5,68375.27,Medium Balance,1,1,0,193160.25,Very High salary,1
15595324,579,Poor,Germany,Female,31-40,5,117833.3,High Balance,3,0,0,5831,Low Salary,1
15756932,696,Good,Spain,Female,31-40,7,0,Zero Balance,2,1,1,82298.59,Medium Salary,0
15726358,681,Good,France,Male,31-40,7,0,Zero Balance,2,0,0,130686.59,High Salary,0
15595228,815,Excellent,France,Male,41-50,7,0,Zero Balance,1,0,1,52885.23,Medium Salary,1
15782530,681,Good,Spain,Male,21-30,2,111093.01,High Balance,1,1,0,68985.99,Medium Salary,0
15592877,641,Fair,Spain,Male,41-50,9,132657.55,High Balance,1,1,0,35367.19,Low Salary,0
15651983,591,Fair,France,Female,51-60,9,128882.49,High Balance,1,1,1,196241.94,Very High salary,1
15746737,565,Poor,Germany,Male,51-60,9,69129.59,Medium Balance,1,1,1,170705.53,Very High salary,0
15774179,487,Poor,France,Male,31-40,6,0,Zero Balance,2,1,1,126477.41,High Salary,0
15667265,729,Good,France,Male,31-40,4,121404.64,High Balance,1,1,1,159618.17,Very High salary,0
15655123,505,Poor,Spain,Female,41-50,9,131355.3,High Balance,3,1,0,195395.33,Very High salary,1
15595917,580,Fair,France,Female,31-40,1,102097.33,High Balance,1,0,1,168285.85,Very High salary,0
15668385,642,Fair,France,Male,31-40,1,154863.15,Very High Balance,1,1,1,138052.51,High Salary,0
15709476,850,Excellent,Spain,Female,41-50,3,99945.93,Medium Balance,2,1,0,71179.31,Medium Salary,0
15711218,616,Fair,Germany,Male,31-40,2,121704.32,High Balance,2,1,0,55556.3,Medium Salary,0
15798659,526,Poor,Spain,Female,41-50,3,0,Zero Balance,2,1,0,31705.19,Low Salary,0
15663939,523,Poor,Germany,Male,31-40,8,138782.76,High Balance,1,1,1,186118.93,Very High salary,0
15694946,663,Fair,France,Male,31-40,9,0,Zero Balance,2,1,1,195580.28,Very High salary,0
15631912,840,Excellent,France,Male,21-30,8,136291.71,High Balance,1,1,0,54113.38,Medium Salary,0
15768816,570,Poor,Germany,Male,41-50,0,107856.57,High Balance,2,1,0,127528.84,High Salary,0
15682268,676,Good,Germany,Female,21-30,1,108348.66,High Balance,1,0,0,60231.74,Medium Salary,1
15684801,689,Good,France,Male,41-50,1,93871.95,Medium Balance,3,1,0,156878.42,Very High salary,1
15636428,703,Good,Spain,Female,41-50,1,0,Zero Balance,1,1,0,182784.11,Very High salary,1
15809823,491,Poor,Germany,Male,0-20,2,125860.2,High Balance,1,0,0,129690.5,High Salary,0
15699284,584,Fair,France,Male,41-50,8,172713.44,Very High Balance,1,1,0,113860.81,High Salary,0
15786993,810,Excellent,France,Female,51-60,5,0,Zero Balance,2,0,1,184524.74,Very High salary,0
15709441,745,Very Good,Spain,Female,51-60,8,0,Zero Balance,1,1,1,36124.98,Low Salary,0
15710257,625,Fair,France,Female,31-40,3,130786.92,High Balance,1,0,1,121316.07,High Salary,0
15582492,535,Poor,France,Female,21-30,2,112367.34,High Balance,1,1,0,185630.76,Very High salary,0
15575694,729,Good,Spain,Female,41-50,7,91091.06,Medium Balance,2,1,0,71133.12,Medium Salary,0
15756820,655,Fair,France,Female,21-30,7,106198.5,High Balance,1,0,1,32020.42,Low Salary,0
15766289,751,Very Good,France,Male,41-50,5,142669.93,High Balance,2,1,0,162760.96,Very High salary,0
15593014,525,Poor,France,Male,31-40,1,112833.35,High Balance,1,0,1,175178.56,Very High salary,0
15584545,532,Poor,France,Female,31-40,5,0,Zero Balance,2,0,1,177099.71,Very High salary,0
15675949,696,Good,Spain,Female,41-50,4,0,Zero Balance,2,1,1,66406.37,Medium Salary,0
15672091,786,Very Good,Germany,Female,31-40,2,104336.43,High Balance,2,0,0,59559.81,Medium Salary,0
15801658,580,Fair,France,Male,51-60,6,104305.74,High Balance,1,0,1,175750.21,Very High salary,0
15706185,596,Fair,Germany,Male,41-50,5,140187.1,High Balance,2,1,1,174311.3,Very High salary,0
15789863,683,Good,France,Male,31-40,4,0,Zero Balance,2,1,0,171716.81,Very High salary,0
15720943,747,Very Good,France,Female,41-50,1,114959.12,High Balance,1,1,0,189362.39,Very High salary,1
15697997,602,Fair,France,Male,31-40,5,164704.38,Very High Balance,1,0,1,180716.1,Very High salary,1
15665416,779,Very Good,France,Male,60+,10,119096.55,High Balance,1,0,1,116977.89,High Salary,0
15660200,551,Poor,France,Male,31-40,1,0,Zero Balance,2,1,1,185105.44,Very High salary,0
15619653,666,Fair,France,Male,41-50,2,0,Zero Balance,1,1,0,35046.97,Low Salary,1
15773447,526,Poor,Spain,Male,21-30,8,0,Zero Balance,1,1,0,36251,Low Salary,0
15739160,849,Excellent,France,Female,41-50,9,115465.28,High Balance,1,1,0,103174.5,High Salary,0
15689237,471,Poor,France,Female,21-30,4,0,Zero Balance,2,1,0,122642.09,High Salary,0
15679297,628,Fair,Spain,Male,41-50,3,184926.61,Very High Balance,1,1,0,122937.57,High Salary,0
15591433,674,Good,Germany,Male,41-50,8,85957.88,Medium Balance,2,1,0,8757.39,Low Salary,0
15642725,797,Very Good,France,Male,31-40,10,114084.6,High Balance,1,0,1,125782.29,High Salary,0
15701962,590,Fair,Spain,Female,21-30,2,166930.76,Very High Balance,2,1,0,122487.73,High Salary,0
15811613,588,Fair,France,Female,21-30,8,0,Zero Balance,1,1,0,20066.38,Low Salary,0
15741049,577,Poor,France,Male,21-30,7,0,Zero Balance,2,1,1,55473.15,Medium Salary,0
15724423,571,Poor,France,Female,31-40,6,107193.82,High Balance,2,0,0,38962.94,Low Salary,0
15574305,680,Good,France,Male,31-40,3,116275.12,High Balance,1,1,1,63795.8,Medium Salary,0
15678168,648,Fair,Spain,Female,21-30,7,0,Zero Balance,2,1,1,163060.43,Very High salary,0
15697020,618,Fair,France,Male,31-40,2,91068.56,Medium Balance,1,1,0,26578.69,Low Salary,0
15610801,648,Fair,Germany,Male,41-50,5,123049.21,High Balance,1,0,1,5066.76,Low Salary,0
15745232,759,Very Good,France,Female,31-40,6,0,Zero Balance,2,1,1,140497.67,High Salary,0
15722758,585,Fair,France,Male,31-40,7,0,Zero Balance,2,0,0,146156.98,High Salary,0
15792102,774,Very Good,France,Female,41-50,3,137781.65,High Balance,1,0,0,199316.19,Very High salary,0
15675185,697,Good,Germany,Female,41-50,2,108128.96,High Balance,2,1,1,103944.37,High Salary,0
15801247,605,Fair,Spain,Male,31-40,10,105317.73,High Balance,2,1,0,138021.36,High Salary,0
15725660,676,Good,France,Male,0-20,1,80569.73,Medium Balance,1,0,0,68621.98,Medium Salary,0
15638963,678,Good,France,Female,21-30,4,174852.89,Very High Balance,1,1,1,28149.06,Low Salary,0
15800061,495,Poor,Spain,Female,41-50,3,89158.94,Medium Balance,3,1,0,135169.76,High Salary,1
15578006,787,Very Good,France,Female,60+,10,0,Zero Balance,2,1,1,116537.96,High Salary,0
15668504,770,Very Good,France,Male,31-40,2,89800.14,Medium Balance,1,1,1,105922.69,High Salary,0
15687491,817,Excellent,Germany,Male,41-50,9,101207.75,High Balance,1,0,0,88211.12,Medium Salary,1
15610403,659,Fair,France,Male,41-50,1,106086.42,High Balance,2,1,0,26900.63,Low Salary,0
15741094,693,Good,France,Male,21-30,1,0,Zero Balance,2,1,1,3494.02,Low Salary,0
15807909,744,Very Good,France,Male,41-50,9,0,Zero Balance,2,1,0,113163.17,High Salary,0
15666141,829,Excellent,Spain,Female,21-30,8,101440.36,High Balance,2,1,1,19324.5,Low Salary,0
15617134,716,Good,France,Male,31-40,4,0,Zero Balance,2,1,0,189678.7,Very High salary,0
15783029,671,Good,France,Male,31-40,7,106603.74,High Balance,2,1,1,26387.71,Low Salary,0
15622833,835,Excellent,Germany,Female,21-30,10,130420.2,High Balance,2,0,0,106276.55,High Salary,0
15746422,636,Fair,France,Female,31-40,1,0,Zero Balance,1,1,0,45015.38,Low Salary,0
15750839,649,Fair,Spain,Male,21-30,2,45022.23,Low Balance,1,1,1,173495.77,Very High salary,0
15749130,621,Fair,Germany,Male,21-30,1,74298.43,Medium Balance,1,1,1,52581.96,Medium Salary,0
15779862,658,Fair,Germany,Female,31-40,3,133003.03,High Balance,1,0,1,146339.27,High Salary,1
15767871,784,Very Good,Spain,Male,41-50,7,0,Zero Balance,2,1,1,182609.97,Very High salary,0
15679651,783,Very Good,Spain,Female,31-40,1,136689.66,High Balance,1,1,0,197890.65,Very High salary,0
15576219,615,Fair,France,Male,31-40,4,0,Zero Balance,2,1,1,6225.63,Low Salary,0
15699247,791,Very Good,France,Female,41-50,5,0,Zero Balance,2,1,1,123977.86,High Salary,1
15619087,762,Very Good,France,Male,51-60,1,102520.37,High Balance,1,1,1,170195.4,Very High salary,0
15605327,607,Fair,France,Male,31-40,2,0,Zero Balance,2,1,1,114190.3,High Salary,0
15610140,601,Fair,France,Female,31-40,5,0,Zero Balance,2,1,0,27022.57,Low Salary,0
15791174,540,Poor,Spain,Male,60+,1,88382.01,Medium Balance,1,0,1,59457,Medium Salary,0
15602373,812,Excellent,France,Male,41-50,4,115049.15,High Balance,2,1,0,165038.41,Very High salary,0
15762605,685,Good,France,Male,51-60,1,104796.54,High Balance,1,1,1,154181.41,Very High salary,0
15598840,680,Good,France,Male,31-40,1,123082.08,High Balance,1,1,0,134960.98,High Salary,0
15744279,680,Good,Spain,Female,51-60,8,0,Zero Balance,2,1,1,65708.5,Medium Salary,0
15670619,631,Fair,France,Female,31-40,8,0,Zero Balance,2,0,0,117374.22,High Salary,0
15599533,569,Poor,France,Female,41-50,7,0,Zero Balance,2,1,1,77703.19,Medium Salary,0
15757837,584,Fair,Germany,Male,31-40,3,88311.48,Medium Balance,2,1,1,177651.38,Very High salary,0
15697574,582,Fair,France,Female,31-40,9,0,Zero Balance,3,1,1,60954.45,Medium Salary,0
15578738,609,Fair,France,Male,31-40,7,71872.19,Medium Balance,1,1,1,151924.9,Very High salary,0
15762228,506,Poor,Spain,Male,31-40,6,110046.93,High Balance,2,1,0,26318.73,Low Salary,0
15614827,503,Poor,France,Male,41-50,8,104430.08,High Balance,1,1,1,147557.71,High Salary,0
15789815,503,Poor,France,Female,21-30,5,0,Zero Balance,2,1,0,125918.17,High Salary,0
15579781,806,Excellent,Germany,Male,31-40,10,138653.51,High Balance,1,1,0,190803.37,Very High salary,0
15587013,653,Fair,France,Female,31-40,7,102575.04,High Balance,1,1,1,11043.54,Low Salary,0
15570932,666,Fair,France,Male,41-50,7,137780.74,High Balance,2,1,1,119100.05,High Salary,1
15794661,674,Good,Spain,Male,31-40,2,0,Zero Balance,2,1,0,140579.17,High Salary,0
15581654,798,Very Good,France,Male,31-40,7,0,Zero Balance,2,0,1,37731.95,Low Salary,0
15644296,740,Very Good,France,Female,21-30,8,105209.54,High Balance,1,1,0,1852.58,Low Salary,0
15614420,531,Poor,Germany,Female,31-40,0,109570.21,High Balance,2,1,1,172049.84,Very High salary,0
15609653,614,Fair,Germany,Female,41-50,6,118715.86,High Balance,1,1,0,133591.11,High Salary,1
15594577,556,Poor,France,Male,31-40,10,0,Zero Balance,2,1,1,192751.18,Very High salary,0
15584114,678,Good,Germany,Female,41-50,2,153393.18,Very High Balance,2,1,1,193828.27,Very High salary,0
15673367,587,Fair,Germany,Male,31-40,6,132603.36,High Balance,1,1,0,55775.72,Medium Salary,0
15685576,527,Poor,Spain,Female,31-40,6,0,Zero Balance,2,1,1,102280.29,High Salary,0
15774727,757,Very Good,Germany,Female,31-40,1,129398.01,High Balance,2,0,0,44965.44,Low Salary,0
15694288,468,Poor,Spain,Male,21-30,3,0,Zero Balance,2,1,0,170661.02,Very High salary,0
15603319,693,Good,France,Male,21-30,2,151352.74,Very High Balance,1,0,0,197145.89,Very High salary,0
15759066,483,Poor,France,Female,41-50,5,136836.49,High Balance,1,1,0,192359.9,Very High salary,1
15814816,466,Poor,France,Male,31-40,4,91592.06,Medium Balance,1,1,0,141210.18,High Salary,1
15724402,770,Very Good,France,Female,21-30,8,0,Zero Balance,2,1,0,100557.03,High Salary,0
15571059,734,Good,France,Female,51-60,3,0,Zero Balance,1,1,0,130805.54,High Salary,1
15674206,716,Good,France,Female,21-30,8,0,Zero Balance,2,1,1,92606.98,Medium Salary,0
15715160,439,Poor,France,Male,31-40,2,165536.28,Very High Balance,2,1,1,123956.83,High Salary,0
15730448,538,Poor,Germany,Male,21-30,5,62482.95,Medium Balance,1,1,1,102758.43,High Salary,0
15662067,743,Very Good,France,Male,31-40,8,68155.59,Medium Balance,1,1,0,94876.65,Medium Salary,0
15779581,734,Good,Spain,Female,41-50,3,55853.33,Medium Balance,2,0,1,94811.85,Medium Salary,1
15662901,656,Fair,France,Male,31-40,2,0,Zero Balance,2,0,1,67840.81,Medium Salary,0
15689751,666,Fair,France,Female,31-40,2,79589.43,Medium Balance,1,0,0,4050.57,Low Salary,0
15667742,627,Fair,Spain,Male,41-50,5,100880.76,High Balance,1,0,1,134665.25,High Salary,0
15738448,480,Poor,Germany,Female,21-30,3,174330.35,Very High Balance,2,0,0,181647.13,Very High salary,0
15680243,792,Very Good,France,Male,0-20,7,143390.51,High Balance,1,1,0,33282.84,Low Salary,0
15745083,613,Fair,Germany,Male,51-60,8,91415.76,Medium Balance,1,0,0,27965,Low Salary,1
15708228,476,Poor,Germany,Male,21-30,3,134366.42,High Balance,1,1,0,68343.53,Medium Salary,0
15628523,539,Poor,France,Female,21-30,3,0,Zero Balance,2,1,1,198161.07,Very High salary,0
15708196,696,Good,Spain,Male,51-60,8,88786.81,Medium Balance,1,1,1,196858.4,Very High salary,0
15735549,810,Excellent,Germany,Male,31-40,3,96814.46,Medium Balance,2,1,1,120511.03,High Salary,0
15809347,763,Very Good,Germany,Male,31-40,9,160680.41,Very High Balance,1,1,0,30886.35,Low Salary,0
15660866,640,Fair,France,Female,21-30,3,0,Zero Balance,2,1,0,2743.69,Low Salary,0
15766609,655,Fair,France,Female,41-50,10,0,Zero Balance,2,1,0,167778.62,Very High salary,0
15654230,526,Poor,Germany,Male,31-40,5,145537.21,High Balance,1,1,0,132404.64,High Salary,0
15794566,678,Good,France,Female,21-30,4,0,Zero Balance,2,1,1,144423.17,High Salary,1
15800890,554,Poor,France,Female,41-50,6,0,Zero Balance,2,1,1,181204.5,Very High salary,0
15697424,597,Fair,Spain,Female,21-30,2,119370.11,High Balance,1,1,1,182726.22,Very High salary,1
15724536,560,Poor,Spain,Female,21-30,1,0,Zero Balance,2,1,1,120880.72,High Salary,0
15735878,850,Excellent,Germany,Female,41-50,10,134381.52,High Balance,1,0,0,26812.89,Low Salary,1
15707596,546,Poor,Germany,Female,60+,8,114888.74,High Balance,2,1,1,66732.63,Medium Salary,1
15657163,623,Fair,Germany,Male,41-50,1,149332.48,High Balance,2,1,0,100834.22,High Salary,0
15622478,698,Good,France,Female,31-40,7,105061.74,High Balance,3,1,0,107815.31,High Salary,1
15779529,620,Fair,France,Male,31-40,7,0,Zero Balance,2,1,1,34665.79,Low Salary,0
15636023,619,Fair,France,Female,31-40,10,0,Zero Balance,1,1,1,147093.84,High Salary,1
15582066,561,Poor,France,Male,21-30,4,0,Zero Balance,1,1,1,36942.35,Low Salary,0
15666675,753,Very Good,France,Female,31-40,7,155062.8,Very High Balance,1,1,1,16460.77,Low Salary,0
15732987,721,Good,Spain,Male,41-50,3,88798.34,Medium Balance,1,0,0,45610.63,Low Salary,0
15789432,451,Poor,France,Male,31-40,6,0,Zero Balance,2,1,0,184954.11,Very High salary,0
15663161,680,Good,Germany,Female,51-60,5,143139.87,High Balance,1,0,0,47795.43,Low Salary,1
15694879,590,Fair,Spain,Female,21-30,7,0,Zero Balance,2,1,0,196789.9,Very High salary,0
15593715,634,Fair,Germany,Male,21-30,3,107027.52,High Balance,1,1,0,173425.68,Very High salary,0
15575002,676,Good,France,Male,21-30,4,140720.93,High Balance,1,1,0,36221.18,Low Salary,0
15622171,642,Fair,France,Male,21-30,8,80964.57,Medium Balance,2,1,0,174738.2,Very High salary,0
15795224,760,Very Good,France,Male,31-40,6,178585.46,Very High Balance,1,1,0,67131.3,Medium Salary,1
15685346,736,Good,Spain,Female,21-30,4,135889.13,High Balance,1,1,1,165692.03,Very High salary,0
15691808,656,Fair,France,Male,41-50,7,134919.85,High Balance,1,1,0,194691.95,Very High salary,0
15721007,776,Very Good,Germany,Male,31-40,8,115130.34,High Balance,1,0,0,129525.5,High Salary,1
15794253,832,Excellent,Spain,Female,31-40,6,138190.13,High Balance,2,0,1,146511.2,High Salary,0
15694453,631,Fair,Germany,Male,31-40,9,131519.49,High Balance,2,1,1,51752.18,Medium Salary,0
15813113,795,Very Good,Spain,Female,51-60,5,0,Zero Balance,1,1,0,35418.69,Low Salary,1
15614187,648,Fair,Germany,Female,31-40,3,126935.98,High Balance,2,0,1,57995.74,Medium Salary,0
15619407,615,Fair,France,Male,31-40,4,133707.09,High Balance,1,1,1,108152.75,High Salary,0
15646227,682,Good,France,Female,21-30,1,97893.2,Medium Balance,1,1,0,166144.98,Very High salary,0
15660541,694,Good,France,Male,31-40,5,127900.03,High Balance,1,1,0,101737.8,High Salary,0
15753874,694,Good,France,Male,31-40,10,143835.47,High Balance,1,0,1,33326.71,Low Salary,0
15617877,607,Fair,France,Male,41-50,0,0,Zero Balance,2,1,1,81140.09,Medium Salary,0
15772073,664,Fair,France,Male,41-50,10,0,Zero Balance,1,1,0,140173.17,High Salary,1
15701537,756,Very Good,France,Male,51-60,2,0,Zero Balance,1,1,1,166513.49,Very High salary,1
15736228,645,Fair,France,Female,31-40,3,129596.77,High Balance,1,1,1,103232.6,High Salary,0
15780572,653,Fair,Spain,Male,21-30,4,0,Zero Balance,2,1,0,120736.04,High Salary,0
15769596,710,Good,Germany,Female,21-30,2,110407.44,High Balance,2,0,0,15832.43,Low Salary,1
15586996,697,Good,France,Female,60+,7,0,Zero Balance,2,0,1,188772.45,Very High salary,0
15722061,619,Fair,Germany,Female,41-50,8,142015.76,High Balance,2,1,0,114323.66,High Salary,0
15638003,648,Fair,Spain,Male,51-60,1,81370.07,Medium Balance,1,0,1,181534.04,Very High salary,0
15775590,482,Poor,Germany,Female,41-50,2,69329.47,Medium Balance,1,0,0,102640.52,High Salary,1
15730688,548,Poor,France,Female,21-30,8,116755.5,High Balance,2,1,1,158585.17,Very High salary,1
15753102,752,Very Good,Spain,Male,41-50,6,83870.33,Medium Balance,1,1,0,178722.24,Very High salary,0
15810075,648,Fair,France,Female,31-40,6,130694.89,High Balance,2,1,1,153955.38,Very High salary,1
15723373,643,Fair,Spain,Female,31-40,8,117451.47,High Balance,1,1,0,65374.86,Medium Salary,0
15795298,573,Poor,Germany,Female,31-40,9,206868.78,Very High Balance,2,0,1,102986.15,High Salary,0
15584320,686,Good,France,Female,31-40,3,111695.62,High Balance,1,0,0,136643.84,High Salary,0
15724161,644,Fair,France,Female,31-40,9,137285.26,High Balance,4,1,0,77063.63,Medium Salary,1
15750056,702,Good,France,Female,21-30,6,149218.39,High Balance,1,1,1,9633.01,Low Salary,0
15609637,652,Fair,France,Male,51-60,7,0,Zero Balance,2,0,1,43496.36,Low Salary,0
15794493,641,Fair,Spain,Male,31-40,7,0,Zero Balance,2,1,1,24267.28,Low Salary,0
15569641,692,Good,Germany,Female,41-50,8,130701.29,High Balance,1,1,0,59354.24,Medium Salary,1
15815236,574,Poor,Spain,Male,31-40,5,0,Zero Balance,2,0,0,28269.86,Low Salary,0
15811177,643,Fair,France,Female,31-40,3,167949.48,Very High Balance,1,1,0,143162.34,High Salary,0
15680587,834,Excellent,France,Male,21-30,4,131254.81,High Balance,1,1,0,20199.3,Low Salary,0
15672821,591,Fair,France,Male,21-30,5,0,Zero Balance,2,1,1,48606.92,Low Salary,0
15767681,470,Poor,Spain,Male,31-40,9,0,Zero Balance,2,0,1,89013.67,Medium Salary,0
15600379,608,Fair,Spain,Male,31-40,7,86656.13,Medium Balance,1,0,1,59890.29,Medium Salary,0
15801336,649,Fair,Germany,Female,31-40,8,114737.26,High Balance,1,1,1,106655.88,High Salary,1
15721592,665,Fair,France,Female,31-40,5,0,Zero Balance,2,1,0,156439.56,Very High salary,0
15581282,651,Fair,France,Female,31-40,6,0,Zero Balance,1,1,0,24176.44,Low Salary,0
15746203,555,Poor,Germany,Male,60+,4,119817.33,High Balance,1,0,1,43507.1,Low Salary,1
15583137,637,Fair,France,Female,41-50,7,130806.99,High Balance,2,1,1,132005.85,High Salary,1
15680752,675,Good,France,Female,41-50,0,0,Zero Balance,1,1,1,80496.71,Medium Salary,1
15688172,677,Good,Spain,Male,31-40,5,0,Zero Balance,2,1,0,88947.56,Medium Salary,0
15791373,850,Excellent,Germany,Female,31-40,2,80931.75,Medium Balance,1,0,0,12639.67,Low Salary,1
15589449,815,Excellent,France,Female,51-60,3,0,Zero Balance,3,1,1,94248.16,Medium Salary,1
15692819,665,Fair,Germany,Male,31-40,1,132178.67,High Balance,1,0,0,11865.76,Low Salary,0
15727467,485,Poor,France,Female,21-30,3,0,Zero Balance,2,1,0,141449.86,High Salary,0
15734312,577,Poor,Spain,Male,41-50,6,0,Zero Balance,2,1,1,149457.81,High Salary,0
15764604,586,Fair,France,Female,31-40,7,164769.02,Very High Balance,3,1,0,119814.25,High Salary,1
15613014,722,Good,Germany,Male,21-30,1,107233.85,High Balance,2,1,0,24924.92,Low Salary,0
15759684,528,Poor,France,Female,21-30,7,176227.07,Very High Balance,2,0,1,139481.53,High Salary,0
15609669,542,Poor,France,Female,31-40,4,109949.39,High Balance,2,1,1,41268.65,Low Salary,0
15685536,552,Poor,France,Female,31-40,5,0,Zero Balance,2,1,1,1351.41,Low Salary,0
15750447,678,Good,France,Female,51-60,10,117738.81,High Balance,1,1,0,147489.76,High Salary,1
15663249,575,Poor,Spain,Female,31-40,9,133292.45,High Balance,1,1,0,111175.09,High Salary,0
15638646,669,Fair,France,Female,41-50,1,160474.59,Very High Balance,1,1,1,95963.14,Medium Salary,0
15734161,636,Fair,France,Male,41-50,6,0,Zero Balance,2,1,0,43128.95,Low Salary,0
15631070,667,Fair,Germany,Male,51-60,9,154393.43,Very High Balance,1,1,1,137674.96,High Salary,1
15761950,652,Fair,Germany,Female,41-50,9,110827.49,High Balance,1,1,1,153383.54,Very High salary,1
15649668,637,Fair,Germany,Female,31-40,10,145750.45,High Balance,2,1,1,96660.76,Medium Salary,0
15713912,516,Poor,Spain,Female,41-50,8,109044.3,High Balance,1,0,1,115818.16,High Salary,0
15586757,801,Excellent,France,Female,31-40,4,75170.54,Medium Balance,1,1,1,37898.5,Low Salary,0
15596522,692,Good,France,Female,41-50,2,0,Zero Balance,2,1,0,145222.93,High Salary,0
15625395,585,Fair,France,Female,21-30,6,105795.9,High Balance,1,1,1,41219.09,Low Salary,0
15760570,590,Fair,France,Male,31-40,5,0,Zero Balance,2,1,0,59249.83,Medium Salary,0
15566689,554,Poor,Spain,Male,60+,8,0,Zero Balance,2,1,1,116747.62,High Salary,0
15725794,659,Fair,France,Female,41-50,1,0,Zero Balance,1,1,0,116249.72,High Salary,1
15673539,690,Good,France,Female,21-30,3,118097.87,High Balance,1,1,0,61257.83,Medium Salary,0
15705298,697,Good,Germany,Male,21-30,0,172693.54,Very High Balance,1,0,0,141798.98,High Salary,0
15675791,610,Fair,France,Male,31-40,4,129440.3,High Balance,2,1,0,102638.35,High Salary,0
15747043,599,Fair,Spain,Male,31-40,4,0,Zero Balance,2,0,0,13210.56,Low Salary,0
15736397,544,Poor,France,Male,21-30,1,96471.2,Medium Balance,1,1,0,35550.97,Low Salary,0
15678201,548,Poor,France,Female,41-50,1,0,Zero Balance,1,1,1,104469.06,High Salary,1
15720745,635,Fair,Spain,Male,21-30,4,140197.18,High Balance,1,1,1,142935.83,High Salary,0
15637593,722,Good,France,Male,0-20,6,0,Zero Balance,2,1,0,195486.28,Very High salary,0
15598070,564,Poor,France,Female,31-40,4,135946.26,High Balance,1,1,0,63170,Medium Salary,0
15787550,719,Good,France,Male,60+,3,0,Zero Balance,2,1,1,58320.06,Medium Salary,0
15603942,547,Poor,Germany,Male,41-50,3,81290.02,Medium Balance,3,0,1,177747.03,Very High salary,1
15733973,850,Excellent,France,Female,41-50,8,0,Zero Balance,1,1,0,19632.64,Low Salary,1
15596761,515,Poor,Germany,Male,51-60,9,113715.36,High Balance,1,1,0,18424.24,Low Salary,1
15652400,667,Fair,Spain,Male,51-60,2,168883.08,Very High Balance,1,0,1,18897.78,Low Salary,0
15717893,607,Fair,Germany,Male,31-40,8,143421.74,High Balance,1,1,0,97879.02,Medium Salary,0
15622585,525,Poor,France,Male,21-30,7,153644.39,Very High Balance,1,1,1,63197.88,Medium Salary,0
15733964,606,Fair,Spain,Female,51-60,1,109330.06,High Balance,1,1,1,75860.01,Medium Salary,0
15753861,686,Good,Germany,Female,21-30,1,115095.88,High Balance,2,0,0,78622.46,Medium Salary,0
15747097,611,Fair,France,Male,31-40,10,0,Zero Balance,1,1,1,23598.23,Low Salary,1
15594762,827,Excellent,Spain,Male,41-50,1,183276.32,Very High Balance,1,1,1,13460.27,Low Salary,0
15667417,572,Poor,France,Male,31-40,9,68193.72,Medium Balance,1,1,0,19998.31,Low Salary,0
15684861,726,Good,France,Female,31-40,8,0,Zero Balance,2,0,0,185075.63,Very High salary,0
15742204,579,Poor,Germany,Male,31-40,6,139729.54,High Balance,1,0,1,135815.38,High Salary,0
15623502,598,Fair,Spain,Female,51-60,4,98365.33,Medium Balance,1,1,1,44251.33,Low Salary,0
15774872,663,Fair,France,Male,31-40,10,0,Zero Balance,2,1,0,136349.55,High Salary,0
15611191,505,Poor,Germany,Female,31-40,10,122453.97,High Balance,2,1,1,52693.99,Medium Salary,0
15674331,576,Poor,Germany,Male,21-30,7,132174.41,High Balance,2,0,0,93767.03,Medium Salary,0
15619465,555,Poor,Spain,Female,21-30,2,0,Zero Balance,2,0,1,197866.55,Very High salary,0
15575247,524,Poor,France,Male,21-30,1,0,Zero Balance,2,1,0,126812.85,High Salary,0
15695679,776,Very Good,Spain,Male,31-40,2,104349.45,High Balance,1,0,0,79503.05,Medium Salary,0
15713463,645,Fair,Germany,Female,41-50,2,138881.04,High Balance,1,1,0,129936.53,High Salary,1
15785170,850,Excellent,Germany,Female,31-40,0,116968.91,High Balance,1,0,0,175094.62,Very High salary,0
15796351,603,Fair,Germany,Male,31-40,1,105346.03,High Balance,2,1,1,130379.5,High Salary,0
15639576,691,Good,France,Male,21-30,9,136623.19,High Balance,1,1,0,153228,Very High salary,0
15693264,583,Fair,France,Female,21-30,10,0,Zero Balance,2,1,1,111285.85,High Salary,0
15589715,584,Fair,France,Female,60+,5,0,Zero Balance,1,1,0,49553.38,Low Salary,1
15769902,679,Good,France,Female,31-40,6,0,Zero Balance,2,1,1,98015.85,Medium Salary,0
15587177,646,Fair,France,Male,31-40,6,124445.52,High Balance,1,1,0,88481.32,Medium Salary,0
15814553,559,Poor,France,Female,31-40,5,68999.66,Medium Balance,2,1,1,66879.27,Medium Salary,0
15601550,595,Fair,Spain,Male,31-40,6,85768.42,Medium Balance,1,1,1,24802.77,Low Salary,0
15664907,527,Poor,France,Male,41-50,1,0,Zero Balance,1,1,0,21312.16,Low Salary,1
15612465,684,Good,Spain,Male,31-40,9,100628,High Balance,2,1,1,190263.78,Very High salary,0
15810800,673,Good,Spain,Female,31-40,0,0,Zero Balance,1,1,1,72873.33,Medium Salary,0
15665760,802,Excellent,Spain,Male,31-40,7,0,Zero Balance,2,0,1,57764.65,Medium Salary,0
15588080,675,Good,France,Male,51-60,6,0,Zero Balance,1,1,0,110273.84,High Salary,1
15776844,762,Very Good,Spain,Female,0-20,6,0,Zero Balance,2,1,0,55500.17,Medium Salary,0
15717560,580,Fair,France,Male,41-50,0,125647.36,High Balance,1,1,0,57541.08,Medium Salary,1
15629739,621,Fair,Germany,Female,31-40,8,100375.39,High Balance,1,1,1,90384.26,Medium Salary,0
15729908,411,Poor,France,Female,31-40,10,0,Zero Balance,1,0,0,120694.35,High Salary,0
15716781,815,Excellent,France,Male,21-30,7,171922.72,Very High Balance,1,0,1,178028.96,Very High salary,0
15646936,631,Fair,Germany,Female,31-40,2,146810.99,High Balance,2,1,1,180990.29,Very High salary,0
15768151,514,Poor,Germany,Female,41-50,3,109032.23,High Balance,1,0,1,155407.21,Very High salary,1
15579212,638,Fair,France,Male,51-60,6,0,Zero Balance,1,1,0,33676.48,Low Salary,1
15721835,791,Very Good,Spain,Male,21-30,7,0,Zero Balance,1,1,0,89666.28,Medium Salary,0
15800515,516,Poor,France,Male,31-40,5,128653.59,High Balance,1,1,0,127558.26,High Salary,0
15591279,734,Good,France,Male,31-40,3,80387.81,Medium Balance,1,0,1,77272.62,Medium Salary,0
15587419,611,Fair,France,Male,51-60,8,0,Zero Balance,2,0,1,107665.68,High Salary,1
15750335,850,Excellent,Germany,Male,41-50,0,108508.82,High Balance,3,1,0,184044.8,Very High salary,1
15699619,641,Fair,France,Male,31-40,10,155978.17,Very High Balance,1,1,0,91510.71,Medium Salary,0
15606472,585,Fair,France,Female,31-40,5,0,Zero Balance,1,1,1,87363.56,Medium Salary,0
15778368,552,Poor,Germany,Male,41-50,4,121175.56,High Balance,1,1,0,117505.07,High Salary,1
15671387,507,Poor,France,Female,21-30,4,89349.47,Medium Balance,2,0,0,180626.68,Very High salary,0
15573926,735,Good,Spain,Male,31-40,7,86131.71,Medium Balance,2,0,0,93478.96,Medium Salary,0
15709183,707,Good,France,Female,51-60,3,102346.86,High Balance,1,1,1,114672.64,High Salary,0
15577514,698,Good,Germany,Female,31-40,7,121263.62,High Balance,1,1,1,13387.88,Low Salary,0
15778830,841,Excellent,France,Male,31-40,2,0,Zero Balance,2,1,0,173240.52,Very High salary,0
15768072,688,Good,Spain,Female,31-40,2,0,Zero Balance,1,0,0,27557.18,Low Salary,1
15768293,614,Fair,France,Male,51-60,3,0,Zero Balance,2,1,1,5552.37,Low Salary,0
15654456,511,Poor,Germany,Male,41-50,6,149726.08,High Balance,1,0,0,88307.87,Medium Salary,1
15807525,447,Poor,France,Male,41-50,2,0,Zero Balance,2,1,0,33879.26,Low Salary,1
15574372,738,Good,France,Male,31-40,5,161274.05,Very High Balance,2,1,0,181429.87,Very High salary,0
15671249,422,Poor,France,Female,31-40,2,0,Zero Balance,2,1,0,102655.31,High Salary,0
15779744,537,Poor,Spain,Male,21-30,1,103138.17,High Balance,1,1,1,96555.42,Medium Salary,0
15624755,707,Good,Germany,Female,31-40,3,109628.44,High Balance,1,1,0,189366.03,Very High salary,0
15611430,690,Good,France,Male,51-60,5,0,Zero Balance,1,1,0,12847.61,Low Salary,1
15774744,664,Fair,Germany,Male,31-40,7,97286.16,Medium Balance,2,1,0,143433.33,High Salary,0
15629885,850,Excellent,France,Female,31-40,7,118004.26,High Balance,1,1,0,183983.82,Very High salary,0
15708791,584,Fair,Spain,Male,31-40,9,85534.83,Medium Balance,1,0,0,169137.24,Very High salary,0
15793890,728,Good,France,Female,51-60,4,0,Zero Balance,1,1,1,163365.85,Very High salary,1
15646091,560,Poor,Spain,Female,41-50,4,95140.44,Medium Balance,2,1,0,123181.44,High Salary,1
15596984,629,Fair,France,Female,31-40,6,0,Zero Balance,1,1,1,16447.6,Low Salary,1
15800215,658,Fair,France,Male,21-30,3,0,Zero Balance,2,0,1,173948.4,Very High salary,0
15577806,794,Very Good,Germany,Female,51-60,1,75900.84,Medium Balance,1,1,1,192154.66,Very High salary,0
15749381,790,Very Good,France,Female,41-50,2,126619.27,High Balance,1,1,0,198224.38,Very High salary,0
15683758,640,Fair,France,Male,41-50,7,111833.47,High Balance,1,1,0,67202.74,Medium Salary,0
15670615,652,Fair,Spain,Male,31-40,7,0,Zero Balance,2,1,0,68789.93,Medium Salary,0
15715622,583,Fair,France,Female,51-60,3,238387.56,Very High Balance,1,0,1,147964.99,High Salary,1
15707634,775,Very Good,France,Female,31-40,2,108698.96,High Balance,2,1,1,161069.73,Very High salary,0
15806901,584,Fair,France,Female,31-40,2,112687.69,High Balance,1,1,1,127749.61,High Salary,0
15775335,635,Fair,Germany,Female,41-50,4,81556.89,Medium Balance,2,1,0,191914.37,Very High salary,0
15724150,814,Excellent,France,Male,41-50,9,136596.85,High Balance,1,1,1,185791.9,Very High salary,0
15627220,735,Good,Germany,Female,41-50,9,98807.45,Medium Balance,1,0,0,184570.04,Very High salary,1
15672330,678,Good,France,Female,31-40,1,0,Zero Balance,2,0,1,130446.65,High Salary,0
15668521,693,Good,France,Male,31-40,1,0,Zero Balance,2,1,1,82867.55,Medium Salary,0
15807837,640,Fair,France,Female,21-30,6,107499.7,High Balance,1,1,1,187632.22,Very High salary,0
15592570,773,Very Good,Spain,Female,21-30,8,0,Zero Balance,2,1,0,56759.79,Medium Salary,0
15748589,736,Good,France,Female,21-30,9,0,Zero Balance,2,1,0,34180.33,Low Salary,0
15635893,693,Good,France,Female,21-30,8,0,Zero Balance,2,1,1,158545.25,Very High salary,0
15757632,496,Poor,France,Female,41-50,1,176024.05,Very High Balance,2,1,0,182337.98,Very High salary,0
15691863,751,Very Good,France,Female,31-40,3,0,Zero Balance,2,1,1,84175.34,Medium Salary,0
15706071,528,Poor,Germany,Male,31-40,0,127631.62,High Balance,1,0,1,22197.8,Low Salary,1
15654296,754,Very Good,Spain,Female,0-20,9,0,Zero Balance,1,1,0,189641.11,Very High salary,0
15755018,568,Poor,Germany,Female,21-30,10,109819.16,High Balance,2,1,0,154491.39,Very High salary,0
15594041,592,Fair,Spain,Female,41-50,2,138734.94,High Balance,1,1,0,90020.74,Medium Salary,0
15670587,558,Poor,Germany,Male,21-30,10,111363.1,High Balance,2,1,0,197264.35,Very High salary,0
15724527,825,Excellent,France,Male,31-40,9,0,Zero Balance,2,1,1,31933.06,Low Salary,0
15801904,677,Good,Germany,Male,21-30,0,143988,High Balance,2,1,0,8755.69,Low Salary,1
15658195,653,Fair,France,Male,31-40,5,118838.75,High Balance,1,1,1,52820.13,Medium Salary,0
15630113,593,Fair,Spain,Male,31-40,4,161637.75,Very High Balance,1,1,1,20008.46,Low Salary,0
15784320,632,Fair,France,Female,41-50,3,133793.89,High Balance,1,1,1,34607.14,Low Salary,1
15676513,601,Fair,Germany,Male,31-40,8,71553.83,Medium Balance,1,1,0,177384.45,Very High salary,0
15574072,786,Very Good,France,Female,60+,8,0,Zero Balance,1,1,1,165702.64,Very High salary,0
15633854,654,Fair,France,Female,31-40,3,0,Zero Balance,2,1,0,167889.1,Very High salary,0
15618566,572,Poor,France,Female,31-40,7,0,Zero Balance,2,1,1,133122.62,High Salary,0
15733014,813,Excellent,France,Female,60+,10,64667.95,Medium Balance,2,0,1,140454.14,High Salary,0
15753343,523,Poor,France,Female,21-30,2,121164.11,High Balance,1,1,1,59938.81,Medium Salary,0
15746076,506,Poor,Spain,Male,41-50,3,0,Zero Balance,2,1,0,12016.79,Low Salary,0
15608226,513,Poor,Spain,Male,60+,3,98903.06,Medium Balance,1,1,1,81251.24,Medium Salary,0
15605684,664,Fair,France,Female,31-40,7,104158.84,High Balance,1,1,0,134169.85,High Salary,0
15638988,684,Good,France,Male,51-60,6,0,Zero Balance,2,1,1,94888.6,Medium Salary,0
15628767,608,Fair,Spain,Female,60+,3,139529.93,High Balance,2,1,1,175696.16,Very High salary,1
15737977,527,Poor,France,Female,21-30,6,0,Zero Balance,2,0,1,96758.58,Medium Salary,0
15758116,666,Fair,France,Male,51-60,5,64646.7,Medium Balance,1,1,0,128019.48,High Salary,1
15575119,779,Very Good,France,Male,60+,3,0,Zero Balance,2,1,1,146895.36,High Salary,1
15625126,629,Fair,France,Female,31-40,6,0,Zero Balance,2,1,1,139356.3,High Salary,0
15567114,430,Poor,France,Male,31-40,1,118894.22,High Balance,1,0,0,2923.61,Low Salary,0
15672242,712,Good,France,Male,21-30,2,0,Zero Balance,1,0,1,121232.51,High Salary,0
15681327,682,Good,France,Male,21-30,9,0,Zero Balance,2,1,1,2053.42,Low Salary,0
15802585,634,Fair,France,Female,41-50,8,68213.99,Medium Balance,1,1,1,6382.46,Low Salary,0
15740630,487,Poor,Spain,Female,31-40,1,0,Zero Balance,2,1,0,158750.13,Very High salary,0
15815420,808,Excellent,Spain,Male,41-50,8,139196,High Balance,1,0,1,74028.36,Medium Salary,0
15711468,527,Poor,France,Female,31-40,7,0,Zero Balance,2,1,1,44099.75,Low Salary,0
15799626,637,Fair,Germany,Male,41-50,4,126345.55,High Balance,1,0,1,17323,Low Salary,1
15659325,802,Excellent,Spain,Male,31-40,5,0,Zero Balance,2,1,1,175043.69,Very High salary,0
15651352,529,Poor,France,Female,31-40,2,0,Zero Balance,1,1,0,146388.85,High Salary,1
15684925,850,Excellent,France,Female,41-50,3,0,Zero Balance,2,0,0,2465.8,Low Salary,0
15657439,738,Good,France,Male,0-20,4,0,Zero Balance,2,1,1,47799.15,Low Salary,0
15574122,817,Excellent,France,Male,31-40,5,129278.43,High Balance,1,0,0,165562.84,Very High salary,0
15720508,735,Good,France,Male,31-40,3,119558.35,High Balance,1,0,0,72927.68,Medium Salary,0
15599078,619,Fair,Germany,Female,41-50,5,92467.58,Medium Balance,1,1,0,38270.47,Low Salary,0
15702300,671,Good,France,Male,21-30,5,0,Zero Balance,2,0,0,120893.07,High Salary,0
15660735,581,Fair,Spain,Female,31-40,6,0,Zero Balance,2,1,0,188377.21,Very High salary,0
15671390,690,Good,Spain,Male,31-40,10,0,Zero Balance,2,1,0,55902.93,Medium Salary,0
15647385,579,Poor,Spain,Male,51-60,4,99340.83,Medium Balance,1,0,0,4523.74,Low Salary,1
15739223,688,Good,Spain,Female,21-30,3,0,Zero Balance,2,1,1,102195.16,High Salary,0
15631305,599,Fair,Spain,Female,21-30,4,126833.79,High Balance,2,1,0,60843.09,Medium Salary,1
15809263,729,Good,Germany,Male,21-30,5,109676.52,High Balance,1,1,1,25548.47,Low Salary,0
15640866,718,Good,France,Female,21-30,3,0,Zero Balance,1,0,1,134462.29,High Salary,0
15775663,712,Good,Germany,Male,51-60,6,134729.99,High Balance,2,1,1,132702.64,High Salary,0
15631800,474,Poor,France,Male,31-40,3,98431.37,Medium Balance,1,0,0,75698.44,Medium Salary,0
15654292,565,Poor,Germany,Male,31-40,8,130368.31,High Balance,2,1,0,105642.43,High Salary,0
15648320,658,Fair,France,Female,31-40,7,123974.96,High Balance,1,1,0,102153.75,High Salary,0
15726747,714,Good,France,Male,60+,4,138082.16,High Balance,1,0,1,166677.54,Very High salary,0
15694510,725,Good,France,Male,41-50,1,129855.32,High Balance,1,0,0,24218.65,Low Salary,0
15572291,825,Excellent,France,Male,31-40,6,132308.22,High Balance,1,0,0,117122.5,High Salary,0
15603465,665,Fair,Germany,Female,41-50,5,155447.65,Very High Balance,2,1,0,51871.95,Medium Salary,1
15685628,670,Good,Spain,Male,31-40,2,124268.64,High Balance,2,0,1,84321.03,Medium Salary,0
15792729,474,Poor,Germany,Female,31-40,9,176311.36,Very High Balance,1,1,0,160213.27,Very High salary,0
15767414,591,Fair,France,Male,31-40,2,99886.42,Medium Balance,2,1,1,88695.19,Medium Salary,0
15568044,508,Poor,France,Female,31-40,7,0,Zero Balance,2,1,1,6123.15,Low Salary,0
15751333,695,Good,France,Female,31-40,2,0,Zero Balance,2,0,1,167749.54,Very High salary,0
15623062,660,Fair,Germany,Male,21-30,5,85089.3,Medium Balance,1,1,1,71638,Medium Salary,0
15713621,687,Good,Germany,Male,41-50,10,134318.21,High Balance,2,1,1,198064.52,Very High salary,0
15670668,658,Fair,Germany,Male,21-30,5,75395.53,Medium Balance,2,0,1,54914.92,Medium Salary,0
15750638,705,Good,Germany,Female,31-40,5,116765.7,High Balance,1,0,0,190659.17,Very High salary,1
15747878,739,Good,Spain,Male,51-60,4,0,Zero Balance,1,1,1,51637.67,Medium Salary,0
15726796,844,Excellent,France,Male,31-40,7,111501.66,High Balance,1,1,1,119333.38,High Salary,0
15754952,602,Fair,Germany,Female,41-50,7,76595.08,Medium Balance,2,0,0,127095.14,High Salary,0
15652192,759,Very Good,France,Female,31-40,9,160541.36,Very High Balance,2,0,0,93541.14,Medium Salary,0
15681924,747,Very Good,Germany,Male,31-40,2,129728.6,High Balance,1,1,0,89289.54,Medium Salary,0
15763544,673,Good,France,Male,41-50,1,0,Zero Balance,2,0,0,108762.16,High Salary,0
15764431,671,Good,Spain,Female,31-40,5,130929.02,High Balance,4,1,1,28238.25,Low Salary,1
15684010,640,Fair,Germany,Female,60+,2,116800.25,High Balance,1,1,1,34130.43,Low Salary,0
15648881,581,Fair,Germany,Male,31-40,0,101016.53,High Balance,1,0,1,7926.35,Low Salary,1
15733303,630,Fair,France,Male,60+,5,0,Zero Balance,2,1,1,27330.27,Low Salary,0
15643294,703,Good,France,Female,31-40,8,190566.65,Very High Balance,1,1,1,79997.14,Medium Salary,0
15749905,698,Good,Spain,Female,41-50,6,0,Zero Balance,1,1,0,50213.81,Medium Salary,1
15625175,742,Very Good,Germany,Female,41-50,6,97067.69,Medium Balance,1,0,1,60920.03,Medium Salary,1
15643967,652,Fair,France,Female,31-40,4,92208.54,Medium Balance,1,0,1,197699.8,Very High salary,1
15578251,644,Fair,France,Male,31-40,2,186347.97,Very High Balance,2,1,0,92809.73,Medium Salary,0
15772573,735,Good,Spain,Male,51-60,2,103176.62,High Balance,1,0,1,163516.16,Very High salary,0
15733234,777,Very Good,France,Female,51-60,4,0,Zero Balance,1,1,1,62449.07,Medium Salary,1
15721582,644,Fair,Germany,Female,31-40,4,77270.08,Medium Balance,2,1,1,115800.1,High Salary,1
15628219,665,Fair,Germany,Female,31-40,3,111911.63,High Balance,1,1,1,110359.68,High Salary,1
15571302,529,Poor,Germany,Male,60+,5,94216.05,Medium Balance,1,1,1,78695.68,Medium Salary,0
15637178,803,Excellent,Spain,Female,41-50,7,0,Zero Balance,2,1,1,128378.04,High Salary,0
15601184,604,Fair,Spain,Female,21-30,3,0,Zero Balance,2,1,0,155248.62,Very High salary,0
15629511,738,Good,France,Male,41-50,6,106770.82,High Balance,1,1,0,123499.27,High Salary,0
15570629,655,Fair,Germany,Female,60+,5,138089.97,High Balance,2,1,1,99920.41,Medium Salary,0
15665766,698,Good,Germany,Male,31-40,9,133191.19,High Balance,2,0,1,53289.49,Medium Salary,0
15693732,775,Very Good,France,Female,60+,9,0,Zero Balance,2,1,1,67622.34,Medium Salary,0
15765982,735,Good,France,Male,41-50,7,74135.85,Medium Balance,1,1,1,11783.1,Low Salary,1
15582016,766,Very Good,Spain,Male,41-50,6,99208.46,Medium Balance,2,1,0,62402.38,Medium Salary,0
15798024,537,Poor,Germany,Male,60+,8,92242.34,Medium Balance,1,1,1,186235.98,Very High salary,0
15588622,599,Fair,Germany,Male,21-30,7,108380.72,High Balance,1,1,1,79005.95,Medium Salary,0
15724863,420,Poor,Spain,Female,51-60,4,91893.32,Medium Balance,1,1,0,144870.28,High Salary,1
15618213,674,Good,France,Female,31-40,7,85757.93,Medium Balance,1,1,1,95481,Medium Salary,0
15780411,570,Poor,France,Female,41-50,3,0,Zero Balance,2,0,0,820.46,Low Salary,0
15725429,623,Fair,Germany,Male,31-40,8,96759.42,Medium Balance,1,1,1,174777.98,Very High salary,0
15600626,710,Good,France,Male,21-30,6,0,Zero Balance,2,1,1,8991.17,Low Salary,0
15668460,466,Poor,France,Male,21-30,6,0,Zero Balance,2,1,1,2797.27,Low Salary,0
15576263,759,Very Good,France,Female,21-30,5,0,Zero Balance,1,1,0,22303.17,Low Salary,0
15720354,581,Fair,France,Male,60+,4,0,Zero Balance,2,1,1,197562.08,Very High salary,0
15691624,820,Excellent,France,Male,31-40,2,132150.26,High Balance,2,1,0,23067.97,Low Salary,0
15793196,759,Very Good,France,Male,41-50,9,0,Zero Balance,2,0,1,190294.12,Very High salary,0
15633352,628,Fair,France,Female,31-40,6,175443.75,Very High Balance,1,1,0,113167.17,High Salary,1
15750874,676,Good,France,Male,31-40,3,78990.15,Medium Balance,1,1,1,124777.14,High Salary,0
15588923,591,Fair,France,Female,31-40,4,113743.37,High Balance,1,1,0,124625.08,High Salary,0
15715745,690,Good,France,Female,21-30,5,157624.84,Very High Balance,1,1,1,49599.27,Low Salary,0
15611800,624,Fair,France,Female,60+,7,125163.62,High Balance,2,1,1,151411.5,Very High salary,0
15576928,573,Poor,France,Female,21-30,2,0,Zero Balance,1,1,0,122964.18,High Salary,0
15793693,694,Good,France,Male,51-60,9,0,Zero Balance,1,1,1,57088.97,Medium Salary,0
15581252,632,Fair,Spain,Female,21-30,7,80922.75,Medium Balance,1,1,0,7820.78,Low Salary,0
15797760,632,Fair,France,Male,31-40,3,193354.86,Very High Balance,2,1,0,149188.41,High Salary,0
15790564,832,Excellent,Germany,Female,31-40,9,107648.94,High Balance,2,1,1,134638.97,High Salary,0
15593736,598,Fair,Germany,Female,41-50,7,131769.04,High Balance,1,0,0,184980.23,Very High salary,1
15595937,430,Poor,Germany,Male,31-40,1,138992.48,High Balance,2,0,0,122373.42,High Salary,0
15815628,711,Good,France,Female,31-40,8,113899.92,High Balance,1,0,0,80215.2,Medium Salary,0
15782802,582,Fair,Germany,Male,21-30,6,114450.32,High Balance,1,1,1,14081.64,Low Salary,0
15627412,605,Fair,France,Male,31-40,3,0,Zero Balance,2,1,0,199390.45,Very High salary,0
15734609,657,Fair,France,Female,31-40,2,0,Zero Balance,2,1,1,7667.48,Low Salary,0
15710689,578,Poor,Spain,Male,31-40,6,63609.92,Medium Balance,1,0,0,74965.61,Medium Salary,1
15565806,532,Poor,France,Male,31-40,9,0,Zero Balance,2,0,0,30583.95,Low Salary,0
15815530,612,Fair,France,Female,41-50,10,75497.51,Medium Balance,1,0,0,149682.78,High Salary,0
15632272,792,Very Good,France,Female,41-50,2,0,Zero Balance,2,1,0,92664.09,Medium Salary,0
15684103,674,Good,France,Female,21-30,10,0,Zero Balance,2,1,1,138423.1,High Salary,0
15654519,680,Good,France,Male,31-40,1,0,Zero Balance,2,1,1,3148.2,Low Salary,0
15767722,593,Fair,France,Female,31-40,0,117704.73,High Balance,1,1,0,197933.5,Very High salary,0
15654346,679,Good,Germany,Male,31-40,1,130463.55,High Balance,2,1,1,37341.17,Low Salary,0
15660147,493,Poor,Spain,Male,31-40,8,46161.18,Low Balance,1,1,1,79577.4,Medium Salary,0
15814998,688,Good,Spain,Male,41-50,5,0,Zero Balance,2,0,0,197602.29,Very High salary,0
15802207,769,Very Good,Germany,Male,41-50,4,110182.54,High Balance,2,1,1,87537.32,Medium Salary,0
15658668,581,Fair,Spain,Male,41-50,10,0,Zero Balance,2,0,0,41623.59,Low Salary,0
15715079,465,Poor,France,Male,41-50,9,117221.15,High Balance,1,1,0,168280.95,Very High salary,0
15570360,641,Fair,France,Female,31-40,4,0,Zero Balance,2,0,0,125986.18,High Salary,0
15674678,731,Good,Germany,Female,41-50,9,79120.27,Medium Balance,1,0,0,548.52,Low Salary,1
15780925,625,Fair,France,Male,31-40,1,177069.24,Very High Balance,2,1,1,96088.54,Medium Salary,0
15688193,468,Poor,France,Male,31-40,3,61636.97,Medium Balance,1,0,0,107787.42,High Salary,0
15778219,790,Very Good,France,Male,21-30,5,0,Zero Balance,1,1,0,20510.79,Low Salary,0
15696514,587,Fair,Germany,Female,31-40,6,104414.03,High Balance,1,1,0,192026.02,Very High salary,0
15712303,692,Good,France,Male,60+,4,159732.02,Very High Balance,1,1,1,118188.15,High Salary,0
15719090,676,Good,Germany,Female,31-40,4,89437.03,Medium Balance,1,1,1,189540.95,Very High salary,0
15735632,571,Poor,France,Male,41-50,8,0,Zero Balance,1,1,1,63736.17,Medium Salary,0
15619436,700,Good,France,Female,31-40,3,0,Zero Balance,1,0,0,95740.37,Medium Salary,0
15722404,445,Poor,France,Female,21-30,3,0,Zero Balance,2,1,1,127939.19,High Salary,0
15662063,746,Very Good,France,Male,31-40,7,142400.77,High Balance,1,1,1,193438.69,Very High salary,0
15745605,722,Good,France,Female,41-50,2,88011.4,Medium Balance,1,1,1,90655.94,Medium Salary,1
15636658,596,Fair,France,Male,31-40,2,0,Zero Balance,2,1,1,12067.39,Low Salary,0
15784130,850,Excellent,Germany,Female,21-30,8,154870.28,Very High Balance,1,1,1,54191.38,Medium Salary,0
15606755,597,Fair,Spain,Female,41-50,4,0,Zero Balance,2,1,0,58667.16,Medium Salary,1
15801699,436,Poor,Spain,Male,41-50,5,0,Zero Balance,2,1,1,35687.43,Low Salary,0
15784097,660,Fair,Germany,Male,21-30,1,118402.25,High Balance,2,1,0,14288.93,Low Salary,0
15764654,649,Fair,France,Male,31-40,9,87374.88,Medium Balance,2,1,1,247.36,Low Salary,0
15612092,646,Fair,Germany,Male,31-40,8,105397.8,High Balance,1,1,0,78111.84,Medium Salary,1
15610903,560,Poor,Spain,Female,31-40,5,125341.69,High Balance,1,1,0,79547.39,Medium Salary,0
15705777,710,Good,Germany,Male,41-50,10,129164.88,High Balance,1,1,1,193266.72,Very High salary,0
15661936,513,Poor,France,Male,31-40,3,141004.46,High Balance,1,1,0,105028.46,High Salary,0
15700864,607,Fair,France,Female,21-30,0,0,Zero Balance,2,1,0,116106.52,High Salary,0
15722965,757,Very Good,France,Male,51-60,3,89079.41,Medium Balance,1,1,1,53179.21,Medium Salary,1
15737521,619,Fair,Germany,Male,31-40,9,103604.31,High Balance,2,0,0,140947.05,High Salary,0
15814465,612,Fair,France,Male,21-30,1,182705.05,Very High Balance,1,1,1,171837.06,Very High salary,0
15580988,842,Excellent,France,Male,21-30,8,0,Zero Balance,2,1,1,123437.05,High Salary,0
15789974,713,Good,France,Male,31-40,6,94598.48,Medium Balance,1,0,0,197519.66,Very High salary,1
15713370,657,Fair,Spain,Male,31-40,8,188241.05,Very High Balance,2,0,0,183058.51,Very High salary,1
15748673,770,Very Good,France,Female,31-40,9,0,Zero Balance,2,0,0,22710.72,Low Salary,0
15754919,773,Very Good,France,Female,31-40,10,0,Zero Balance,2,0,1,69303.15,Medium Salary,0
15641662,470,Poor,Germany,Male,31-40,5,117469.91,High Balance,2,0,0,63705.9,Medium Salary,0
15813422,781,Very Good,Spain,Male,31-40,4,80790.74,Medium Balance,1,1,0,116429.51,High Salary,0
15713596,428,Poor,France,Female,60+,1,107735.93,High Balance,1,0,1,58381.77,Medium Salary,0
15791216,600,Fair,Germany,Male,41-50,8,133379.41,High Balance,1,1,0,177378.66,Very High salary,1
15689031,697,Good,Spain,Female,31-40,7,168066.87,Very High Balance,1,1,0,35450.53,Low Salary,0
15763704,692,Good,Germany,Female,41-50,2,69014.49,Medium Balance,2,0,0,164621.43,Very High salary,0
15631339,791,Very Good,France,Male,21-30,4,0,Zero Balance,1,1,0,174435.48,Very High salary,0
15771509,538,Poor,Germany,Female,41-50,1,98548.62,Medium Balance,2,0,1,94047.75,Medium Salary,0
15769586,820,Excellent,France,Female,41-50,1,0,Zero Balance,2,1,1,119087.25,High Salary,0
15656096,679,Good,Spain,Female,21-30,3,76554.06,Medium Balance,1,1,1,184800.27,Very High salary,0
15585280,649,Fair,France,Female,31-40,2,0,Zero Balance,2,0,1,75035.48,Medium Salary,0
15743582,632,Fair,France,Female,21-30,3,107375.82,High Balance,1,1,1,62703.38,Medium Salary,0
15761692,594,Fair,France,Male,31-40,9,122417.17,High Balance,2,0,1,190882.69,Very High salary,0
15627840,682,Good,France,Female,41-50,0,0,Zero Balance,1,0,1,91981.85,Medium Salary,1
15778861,720,Good,Spain,Male,31-40,6,97188.62,Medium Balance,1,0,0,91881.29,Medium Salary,0
15770554,769,Very Good,France,Male,31-40,4,61297.05,Medium Balance,2,1,1,7118.02,Low Salary,0
15806956,746,Very Good,Spain,Male,21-30,1,112666.67,High Balance,1,0,0,11710.4,Low Salary,1
15701908,623,Fair,Spain,Female,31-40,7,0,Zero Balance,1,1,1,25904.12,Low Salary,0
15736990,537,Poor,France,Male,21-30,3,157842.07,Very High Balance,1,1,0,86911.49,Medium Salary,0
15743714,468,Poor,France,Male,41-50,7,91443.75,Medium Balance,1,1,0,10958.18,Low Salary,0
15807993,588,Fair,Germany,Female,21-30,0,110148.49,High Balance,1,1,0,5790.9,Low Salary,1
15644686,729,Good,Spain,Female,31-40,9,53299.96,Medium Balance,2,1,1,42855.97,Low Salary,0
15677377,543,Poor,Spain,Male,31-40,3,0,Zero Balance,2,1,1,78915.68,Medium Salary,0
15626412,499,Poor,Spain,Male,31-40,6,0,Zero Balance,2,1,1,81409,Medium Salary,0
15643679,784,Very Good,Germany,Male,21-30,2,70233.74,Medium Balance,2,1,1,179252.73,Very High salary,0
15728456,604,Fair,France,Male,31-40,3,0,Zero Balance,1,1,0,42171.13,Low Salary,1
15630661,614,Fair,Spain,Female,21-30,10,75212.28,Medium Balance,1,1,0,58965.04,Medium Salary,0
15734044,671,Good,France,Female,31-40,7,41299.03,Low Balance,1,0,1,102681.32,High Salary,0
15705001,587,Fair,Spain,Female,31-40,3,83286.56,Medium Balance,1,1,0,125553.52,High Salary,0
15809817,593,Fair,Spain,Male,41-50,10,0,Zero Balance,2,0,0,53478.02,Medium Salary,0
15809137,453,Poor,France,Male,21-30,6,0,Zero Balance,1,0,0,198376.02,Very High salary,1
15751593,570,Poor,Germany,Male,31-40,6,85668.59,Medium Balance,1,1,0,105525.36,High Salary,0
15626491,655,Fair,France,Female,41-50,7,57327.04,Medium Balance,1,0,1,47349,Low Salary,0
15765461,632,Fair,Spain,Male,41-50,3,0,Zero Balance,2,1,0,178822.32,Very High salary,0
15568120,681,Good,France,Female,31-40,7,69609.85,Medium Balance,1,1,1,72127.83,Medium Salary,0
15787161,591,Fair,Germany,Male,41-50,4,129269.27,High Balance,1,1,0,163504.33,Very High salary,0
15812324,779,Very Good,France,Male,21-30,1,0,Zero Balance,2,1,1,190623.02,Very High salary,0
15588944,456,Poor,France,Female,60+,1,165350.61,Very High Balance,2,0,0,140758.07,High Salary,1
15694253,686,Good,France,Female,41-50,7,152105.57,Very High Balance,2,0,1,132374.41,High Salary,0
15759566,617,Fair,France,Male,60+,10,0,Zero Balance,2,1,1,53949.98,Medium Salary,0
15675675,850,Excellent,France,Female,31-40,5,106290.64,High Balance,1,1,0,121982.73,High Salary,0
15802060,646,Fair,Germany,Female,21-30,10,100548.67,High Balance,2,0,0,136983.77,High Salary,0
15660505,735,Good,Germany,Male,41-50,2,106344.95,High Balance,1,1,0,114371.33,High Salary,1
15782630,543,Poor,France,Male,31-40,5,137482.19,High Balance,1,0,0,62389.35,Medium Salary,0
15700710,490,Poor,France,Female,31-40,3,116465.53,High Balance,1,0,1,24435.77,Low Salary,0
15742834,640,Fair,France,Male,41-50,1,0,Zero Balance,1,1,1,10908.33,Low Salary,0
15806511,445,Poor,Spain,Male,41-50,10,0,Zero Balance,2,0,1,90977.48,Medium Salary,0
15608166,761,Very Good,France,Male,31-40,9,127637.92,High Balance,1,1,1,81062.93,Medium Salary,0
15614230,426,Poor,France,Female,31-40,3,0,Zero Balance,2,1,1,61230.83,Medium Salary,0
15729958,777,Very Good,France,Male,31-40,1,0,Zero Balance,1,1,1,126837.72,High Salary,0
15800814,534,Poor,France,Male,31-40,2,81951.74,Medium Balance,2,1,0,115668.53,High Salary,0
15674727,777,Very Good,France,Female,41-50,5,147531.82,High Balance,1,1,1,38819.45,Low Salary,0
15657779,806,Excellent,Spain,Male,0-20,3,0,Zero Balance,2,1,1,86994.54,Medium Salary,0
15801395,790,Very Good,France,Female,31-40,10,135120.72,High Balance,1,0,0,195204.99,Very High salary,0
15757911,643,Fair,Spain,Female,31-40,2,0,Zero Balance,1,0,0,131301.74,High Salary,0
15665340,584,Fair,Spain,Female,31-40,8,0,Zero Balance,2,0,1,100835.19,High Salary,0
15787151,638,Fair,France,Female,31-40,7,0,Zero Balance,2,1,1,198969.78,Very High salary,0
15757821,771,Very Good,Spain,Male,0-20,1,0,Zero Balance,2,0,0,41542.95,Low Salary,0
15600688,600,Fair,France,Female,31-40,5,0,Zero Balance,2,0,0,118272.07,High Salary,0
15594878,661,Fair,Spain,Female,41-50,5,28082.95,Low Balance,1,1,0,69586.27,Medium Salary,1
15569248,554,Poor,France,Female,41-50,10,0,Zero Balance,2,1,0,149629.13,High Salary,1
15812706,627,Fair,Spain,Male,41-50,4,111087.5,High Balance,1,0,1,146680.25,High Salary,0
15645045,659,Fair,France,Female,31-40,9,0,Zero Balance,2,1,1,132809.18,High Salary,0
15766746,835,Excellent,France,Male,31-40,6,127120.07,High Balance,1,1,0,28707.69,Low Salary,0
15700383,763,Very Good,France,Female,31-40,7,115651.6,High Balance,2,1,1,104706.29,High Salary,0
15632551,625,Fair,Germany,Male,31-40,4,77743.01,Medium Balance,2,1,0,75335.68,Medium Salary,0
15795129,799,Very Good,France,Female,21-30,9,0,Zero Balance,2,1,0,136827.96,High Salary,0
15650545,849,Excellent,France,Male,60+,7,71996.09,Medium Balance,1,1,1,139065.94,High Salary,0
15612769,692,Good,France,Male,21-30,5,61581.97,Medium Balance,1,1,1,70179.91,Medium Salary,0
15710853,623,Fair,France,Female,21-30,5,0,Zero Balance,2,1,0,116160.04,High Salary,0
15623712,453,Poor,Spain,Female,41-50,5,0,Zero Balance,3,1,0,83008.49,Medium Salary,1
15653251,408,Poor,France,Female,60+,8,87873.39,Medium Balance,1,0,0,188484.52,Very High salary,1
15755077,778,Very Good,Germany,Female,31-40,0,105617.73,High Balance,2,1,1,133699.82,High Salary,1
15808557,695,Good,France,Female,41-50,5,0,Zero Balance,1,0,1,72172.13,Medium Salary,1
15614687,677,Good,Germany,Female,41-50,4,148770.61,High Balance,2,1,1,191057.76,Very High salary,0
15626882,662,Fair,Spain,Male,31-40,5,94901.09,Medium Balance,1,1,1,48233.75,Low Salary,0
15748034,534,Poor,France,Male,21-30,7,174851.9,Very High Balance,1,1,1,79178.31,Medium Salary,0
15632324,602,Fair,France,Male,51-60,7,0,Zero Balance,2,1,1,162347.05,Very High salary,0
15761023,554,Poor,Germany,Female,41-50,2,120847.11,High Balance,1,1,0,7611.61,Low Salary,1
15761453,667,Fair,France,Male,41-50,6,0,Zero Balance,1,1,0,88890.05,Medium Salary,0
15646726,672,Good,France,Male,41-50,5,0,Zero Balance,1,0,0,63833.09,Medium Salary,0
15637169,838,Excellent,Spain,Female,60+,4,103267.8,High Balance,1,1,1,78310.04,Medium Salary,0
15636024,692,Good,Spain,Female,31-40,4,109699.08,High Balance,1,1,1,37898.91,Low Salary,0
15801218,675,Good,France,Male,41-50,8,135133.39,High Balance,1,0,1,179521.24,Very High salary,1
15642655,731,Good,Spain,Male,31-40,1,0,Zero Balance,1,1,0,130726.96,High Salary,0
15690130,468,Poor,France,Female,31-40,8,137649.47,High Balance,1,0,0,198714.29,Very High salary,0
15653753,542,Poor,Spain,Male,41-50,6,113567.94,High Balance,1,1,0,89543.25,Medium Salary,0
15641359,662,Fair,Spain,Female,31-40,6,0,Zero Balance,2,0,0,2423.9,Low Salary,1
15776827,770,Very Good,Germany,Male,31-40,5,141547.26,High Balance,2,0,1,180326.83,Very High salary,0
15647725,675,Good,France,Female,60+,5,62055.17,Medium Balance,3,1,0,166305.16,Very High salary,1
15648455,647,Fair,Germany,Male,51-60,4,131156.76,High Balance,1,1,0,29883.63,Low Salary,0
15580629,604,Fair,France,Male,31-40,6,134837.58,High Balance,1,1,0,192029.19,Very High salary,0
15730161,833,Excellent,France,Female,31-40,3,0,Zero Balance,2,1,0,1710.89,Low Salary,0
15626612,741,Very Good,Spain,Male,31-40,4,104784.23,High Balance,1,1,0,135163.76,High Salary,1
15662865,658,Fair,Spain,Male,31-40,1,0,Zero Balance,2,0,1,84927.42,Medium Salary,0
15629094,528,Poor,France,Female,31-40,1,156948.41,Very High Balance,1,1,1,149912.28,High Salary,1
15651823,590,Fair,France,Female,51-60,6,147751.75,High Balance,1,1,0,88206.04,Medium Salary,1
15594827,675,Good,France,Male,31-40,1,124619.33,High Balance,2,0,1,163667.56,Very High salary,0
15786392,765,Very Good,France,Male,41-50,4,124182.21,High Balance,1,0,0,100153.43,High Salary,0
15727353,650,Fair,France,Female,60+,7,142028.36,High Balance,1,1,0,32275.09,Low Salary,1
15733777,817,Excellent,France,Male,41-50,8,0,Zero Balance,1,0,0,65501.91,Medium Salary,1
15614302,699,Good,Germany,Female,31-40,10,125837.86,High Balance,2,1,0,189392.66,Very High salary,0
15723263,495,Poor,Germany,Female,31-40,9,117160.32,High Balance,1,1,1,116069.24,High Salary,1
15687270,491,Poor,Spain,Female,60+,8,0,Zero Balance,2,0,1,139861.53,High Salary,0
15803121,847,Excellent,France,Male,51-60,5,97565.74,Medium Balance,1,0,0,144184.06,High Salary,1
15598700,676,Good,Spain,Female,21-30,5,0,Zero Balance,2,0,1,157888.5,Very High salary,0
15741875,746,Very Good,Spain,Female,21-30,3,104833.79,High Balance,1,0,0,71911.3,Medium Salary,0
15631709,470,Poor,Spain,Female,31-40,2,101675.22,High Balance,2,1,0,45033.75,Low Salary,0
15672970,714,Good,Spain,Male,0-20,3,0,Zero Balance,2,0,1,150465.93,Very High salary,0
15761670,695,Good,France,Female,41-50,8,0,Zero Balance,1,1,0,126381.6,High Salary,1
15706005,674,Good,France,Male,41-50,2,174701.05,Very High Balance,1,1,0,90189.72,Medium Salary,1
15790336,664,Fair,Germany,Male,31-40,6,71142.77,Medium Balance,2,1,0,122433.09,High Salary,0
15754267,697,Good,Germany,Male,31-40,3,108805.42,High Balance,2,0,1,123825.83,High Salary,0
15791988,670,Good,France,Male,60+,4,0,Zero Balance,2,1,1,11426.7,Low Salary,0
15683375,541,Poor,France,Female,31-40,4,0,Zero Balance,1,1,1,114951.42,High Salary,0
15625151,640,Fair,France,Female,60+,9,116037.76,High Balance,1,0,1,184636.05,Very High salary,0
15635285,647,Fair,France,Male,21-30,8,0,Zero Balance,2,1,1,91055.27,Medium Salary,0
15574296,757,Very Good,France,Male,21-30,2,80673.96,Medium Balance,2,1,0,93991.65,Medium Salary,0
15711618,704,Good,Germany,Female,31-40,1,124640.51,High Balance,1,1,0,116511.12,High Salary,1
15670943,778,Very Good,Germany,Male,31-40,9,182275.23,Very High Balance,2,1,0,190631.23,Very High salary,0
15634359,639,Fair,Germany,Female,41-50,5,98635.77,Medium Balance,1,1,0,199970.74,Very High salary,0
15586629,637,Fair,France,Male,31-40,5,0,Zero Balance,2,1,0,139947.17,High Salary,0
15588461,686,Good,France,Male,31-40,4,0,Zero Balance,1,1,0,8816.37,Low Salary,0
15773221,577,Poor,Spain,Male,41-50,8,79757.21,Medium Balance,1,1,0,135650.72,High Salary,1
15664227,506,Poor,Germany,Male,21-30,8,53053.76,Medium Balance,1,0,1,24577.34,Low Salary,0
15741745,757,Very Good,France,Male,21-30,7,120911.75,High Balance,2,1,1,131249.46,High Salary,0
15652626,826,Excellent,France,Male,51-60,4,115285.85,High Balance,1,1,0,140126.17,High Salary,0
15599410,721,Good,France,Male,41-50,2,0,Zero Balance,2,1,0,168219.75,Very High salary,0
15571958,489,Poor,Spain,Male,31-40,3,221532.8,Very High Balance,1,1,0,171867.08,Very High salary,0
15785406,446,Poor,France,Female,51-60,4,105056.13,High Balance,1,0,0,70613.52,Medium Salary,0
15687884,677,Good,France,Male,31-40,3,88363.03,Medium Balance,1,0,1,117946.3,High Salary,0
15621685,769,Very Good,France,Male,21-30,2,123757.52,High Balance,2,1,0,84872.66,Medium Salary,0
15628886,677,Good,Spain,Male,51-60,5,123959.97,High Balance,1,1,1,60590.72,Medium Salary,1
15699325,555,Poor,Germany,Female,60+,10,114822.64,High Balance,1,0,1,8444.5,Low Salary,0
15578369,652,Fair,Germany,Female,31-40,9,145219.3,High Balance,1,1,0,159132.83,Very High salary,0
15654156,722,Good,Germany,Female,31-40,5,106807.64,High Balance,1,1,1,76998.69,Medium Salary,0
15707199,643,Fair,France,Male,31-40,0,148159.71,High Balance,1,0,0,55835.66,Medium Salary,0
15671630,796,Very Good,Germany,Female,31-40,1,99745.95,Medium Balance,1,1,0,177524.19,Very High salary,0
15632079,720,Good,Germany,Female,31-40,8,156282.79,Very High Balance,1,1,0,45985.52,Low Salary,0
15767921,613,Fair,France,Male,41-50,7,0,Zero Balance,2,1,0,60297.72,Medium Salary,0
15573599,506,Poor,France,Female,51-60,6,0,Zero Balance,2,0,1,194421.12,Very High salary,1
15747208,608,Fair,France,Male,41-50,6,0,Zero Balance,1,1,0,93568.77,Medium Salary,1
15582762,667,Fair,Spain,Male,60+,2,0,Zero Balance,1,1,1,34702.92,Low Salary,0
15772528,750,Very Good,France,Female,41-50,7,121376.15,High Balance,2,1,0,54473.6,Medium Salary,1
15755798,610,Fair,France,Male,31-40,4,111582.11,High Balance,1,0,0,113943.17,High Salary,0
15788683,588,Fair,Germany,Female,31-40,10,129417.82,High Balance,1,1,0,153727.32,Very High salary,0
15616922,479,Poor,France,Female,21-30,1,0,Zero Balance,2,1,1,19116.97,Low Salary,0
15771855,682,Good,France,Male,31-40,5,0,Zero Balance,2,0,1,112554.68,High Salary,0
15601873,677,Good,France,Female,31-40,7,0,Zero Balance,1,1,0,47318.75,Low Salary,0
15657868,850,Excellent,Germany,Male,31-40,6,94607.08,Medium Balance,1,1,0,36690.49,Low Salary,0
15711716,580,Fair,France,Female,51-60,1,131368.3,High Balance,1,1,0,106918.67,High Salary,1
15734246,746,Very Good,France,Female,21-30,8,166883.07,Very High Balance,2,0,1,194563.65,Very High salary,0
15792151,635,Fair,Spain,Female,31-40,3,0,Zero Balance,2,1,0,91086.73,Medium Salary,0
15770159,664,Fair,Germany,Male,21-30,6,172812.72,Very High Balance,2,1,1,108008.65,High Salary,0
15747649,558,Poor,Germany,Female,31-40,0,126606.63,High Balance,2,1,1,172363.52,Very High salary,0
15639357,415,Poor,France,Male,41-50,9,134950.19,High Balance,3,0,0,178587.36,Very High salary,1
15738907,798,Very Good,France,Female,51-60,6,96956.1,Medium Balance,1,1,0,31907.44,Low Salary,1
15663446,792,Very Good,Germany,Female,21-30,4,107601.79,High Balance,1,1,0,18922.18,Low Salary,1
15750867,489,Poor,Germany,Female,41-50,8,92060.06,Medium Balance,1,1,0,147222.95,High Salary,1
15715939,730,Good,France,Male,31-40,0,0,Zero Balance,2,1,0,1474.79,Low Salary,0
15763806,773,Very Good,France,Male,41-50,4,0,Zero Balance,2,1,1,24924.92,Low Salary,0
15637993,711,Good,France,Male,31-40,9,137688.71,High Balance,1,1,1,46884.1,Low Salary,0
15720338,592,Fair,Spain,Male,51-60,8,85845.43,Medium Balance,2,1,1,128918.42,High Salary,0
15627162,695,Good,Germany,Male,21-30,6,125552.96,High Balance,1,1,0,105291.26,High Salary,0
15596710,640,Fair,France,Female,31-40,1,167298.42,Very High Balance,1,0,1,145381.65,High Salary,0
15781678,470,Poor,Spain,Male,31-40,4,55732.92,Medium Balance,2,1,1,103792.53,High Salary,0
15634968,789,Very Good,Germany,Female,31-40,6,110689.07,High Balance,1,1,1,71121.04,Medium Salary,1
15609475,604,Fair,Spain,Female,31-40,7,98544.11,Medium Balance,1,1,1,52327.57,Medium Salary,0
15573319,493,Poor,Germany,Female,31-40,8,178317.6,Very High Balance,1,0,0,197428.64,Very High salary,0
15738291,671,Good,France,Female,41-50,8,115713.84,High Balance,2,0,0,83210.84,Medium Salary,0
15782456,656,Fair,France,Male,41-50,9,143267.14,High Balance,2,0,0,193099.43,Very High salary,0
15794841,739,Good,Spain,Male,0-20,5,89750.21,Medium Balance,1,1,0,193008.52,Very High salary,0
15684696,560,Poor,Spain,Female,21-30,3,116576.45,High Balance,1,1,0,157567.37,Very High salary,0
15629846,827,Excellent,Germany,Female,41-50,8,143001.5,High Balance,2,1,0,108977.5,High Salary,0
15674442,681,Good,France,Male,21-30,7,157761.56,Very High Balance,1,0,0,147759.84,High Salary,0
15571689,740,Very Good,France,Female,31-40,5,0,Zero Balance,2,1,1,27528.4,Low Salary,0
15730469,663,Fair,Spain,Male,31-40,4,103430.11,High Balance,2,0,1,36479.27,Low Salary,0
15809320,845,Excellent,Spain,Female,51-60,0,0,Zero Balance,1,1,0,31726.76,Low Salary,1
15684367,555,Poor,Spain,Male,21-30,5,0,Zero Balance,2,0,0,96398.51,Medium Salary,0
15793049,680,Good,Germany,Female,41-50,8,115115.38,High Balance,1,1,0,139558.6,High Salary,1
15603665,638,Fair,Germany,Female,31-40,0,122501.28,High Balance,2,1,1,95007.8,Medium Salary,0
15613623,640,Fair,Spain,Male,60+,3,0,Zero Balance,1,1,1,101663.47,High Salary,0
15569572,778,Very Good,France,Male,41-50,6,0,Zero Balance,2,1,1,106197.44,High Salary,0
15698791,679,Good,France,Male,41-50,3,146758.24,High Balance,1,1,0,48466.89,Low Salary,0
15626233,593,Fair,France,Female,31-40,3,0,Zero Balance,2,1,1,151978.36,Very High salary,0
15607263,788,Very Good,France,Male,51-60,3,0,Zero Balance,1,0,1,13288.46,Low Salary,1
15610900,770,Very Good,France,Female,60+,9,110738.89,High Balance,1,1,0,22666.77,Low Salary,1
15624775,729,Good,France,Male,60+,2,94203.8,Medium Balance,1,0,1,102391.06,High Salary,0
15691703,545,Poor,France,Male,41-50,8,105792.49,High Balance,1,0,1,67830.2,Medium Salary,1
15745355,597,Fair,France,Male,41-50,4,153198.23,Very High Balance,1,1,1,92090.36,Medium Salary,0
15724955,537,Poor,France,Male,31-40,3,0,Zero Balance,2,0,0,141023.01,High Salary,0
15628999,732,Good,France,Male,60+,10,61811.23,Medium Balance,1,1,1,104222.8,High Salary,0
15654341,542,Poor,France,Male,31-40,8,101116.06,High Balance,1,1,0,196395.05,Very High salary,0
15744240,688,Good,Germany,Female,41-50,0,74458.25,Medium Balance,1,0,1,6866.31,Low Salary,0
15632365,542,Poor,Germany,Male,31-40,8,142871.27,High Balance,2,0,0,77737.86,Medium Salary,0
15729689,754,Very Good,Germany,Male,31-40,6,98585.94,Medium Balance,2,0,1,106116.84,High Salary,0
15759284,750,Very Good,France,Female,31-40,6,0,Zero Balance,1,1,1,117948,High Salary,1
15602124,731,Good,France,Male,21-30,7,0,Zero Balance,2,1,1,184581.68,Very High salary,0
15661903,699,Good,France,Female,41-50,3,80764.03,Medium Balance,1,1,0,199378.58,Very High salary,1
15664668,534,Poor,France,Female,41-50,9,144801.97,High Balance,1,0,1,12483.39,Low Salary,1
15736431,494,Poor,Spain,Male,21-30,2,0,Zero Balance,2,1,0,22404.64,Low Salary,0
15748639,497,Poor,Germany,Male,31-40,7,110053.62,High Balance,2,1,1,92887.06,Medium Salary,0
15628123,632,Fair,France,Female,21-30,5,118890.81,High Balance,1,0,1,145157.97,High Salary,0
15602731,724,Good,France,Male,31-40,5,0,Zero Balance,1,1,0,134889.95,High Salary,1
15794137,751,Very Good,Germany,Female,31-40,0,151218.98,Very High Balance,1,1,1,109309.29,High Salary,0
15748696,733,Good,France,Male,41-50,9,150507.21,Very High Balance,1,0,1,169964.12,Very High salary,0
15725068,701,Good,Spain,Female,21-30,9,0,Zero Balance,2,1,1,26327.42,Low Salary,0
15807340,525,Poor,Germany,Male,31-40,4,131023.76,High Balance,2,0,0,55072.93,Medium Salary,0
15586133,666,Fair,Germany,Female,41-50,2,122314.5,High Balance,1,0,0,68574.88,Medium Salary,1
15576185,653,Fair,France,Male,21-30,2,0,Zero Balance,2,1,1,41671.81,Low Salary,0
15660809,850,Excellent,France,Male,21-30,4,0,Zero Balance,2,1,1,12409.01,Low Salary,0
15616666,646,Fair,Germany,Female,51-60,6,111739.4,High Balance,2,0,1,68367.18,Medium Salary,0
15706904,750,Very Good,France,Male,41-50,6,113882.31,High Balance,1,1,1,74564.41,Medium Salary,0
15606915,764,Very Good,France,Male,21-30,7,98148.61,Medium Balance,1,1,0,26843.76,Low Salary,0
15749693,658,Fair,France,Female,31-40,9,0,Zero Balance,2,1,0,156774.75,Very High salary,0
15791743,727,Good,France,Male,31-40,1,59271.82,Medium Balance,1,1,1,46019.43,Low Salary,0
15796480,687,Good,France,Female,31-40,2,0,Zero Balance,2,0,1,145411.39,High Salary,0
15790442,631,Fair,Spain,Male,31-40,2,0,Zero Balance,2,1,1,158268.84,Very High salary,0
15609458,797,Very Good,France,Male,21-30,10,69413.44,Medium Balance,1,1,1,74637.57,Medium Salary,0
15593897,650,Fair,Spain,Male,21-30,7,160599.06,Very High Balance,2,1,1,28391.52,Low Salary,0
15604576,850,Excellent,Spain,Male,21-30,3,0,Zero Balance,1,1,1,144385.54,High Salary,0
15666270,676,Good,France,Female,31-40,2,147803.48,High Balance,1,1,0,95181.06,Medium Salary,1
15572626,620,Fair,Spain,Male,41-50,8,0,Zero Balance,2,1,1,15627.51,Low Salary,0
15727197,576,Poor,France,Female,51-60,9,170228.59,Very High Balance,2,0,0,148477.57,High Salary,1
15714006,482,Poor,France,Female,31-40,2,133111.73,High Balance,1,0,1,79957.95,Medium Salary,0
15642137,695,Good,Spain,Female,31-40,5,0,Zero Balance,2,0,0,102763.69,High Salary,0
15665327,706,Good,France,Male,0-20,2,176139.5,Very High Balance,2,1,0,129654.22,High Salary,0
15626806,668,Fair,France,Female,31-40,2,0,Zero Balance,2,1,1,40652.33,Low Salary,0
15662578,679,Good,Germany,Male,31-40,1,110245.13,High Balance,1,1,1,178291.09,Very High salary,0
15790829,703,Good,France,Female,41-50,5,0,Zero Balance,2,1,0,131906.44,High Salary,0
15654959,670,Good,Spain,Male,60+,6,158719.57,Very High Balance,1,1,1,118607.4,High Salary,0
15760244,590,Fair,France,Female,60+,5,160979.68,Very High Balance,1,0,1,13848.58,Low Salary,0
15715394,613,Fair,Spain,Male,31-40,4,123557.65,High Balance,2,0,1,170903.4,Very High salary,0
15722246,742,Very Good,France,Female,51-60,4,0,Zero Balance,1,1,1,13161.66,Low Salary,1
15609704,608,Fair,France,Female,31-40,4,0,Zero Balance,1,1,0,79304.38,Medium Salary,1
15757628,571,Poor,France,Male,31-40,10,112896.86,High Balance,1,1,1,121402.53,High Salary,0
15633586,595,Fair,France,Female,31-40,7,120962.13,High Balance,1,0,0,23305.01,Low Salary,0
15565796,745,Very Good,Germany,Male,41-50,10,96048.55,Medium Balance,1,1,0,74510.65,Medium Salary,0
15717935,589,Fair,France,Female,21-30,3,0,Zero Balance,2,0,1,55601.44,Medium Salary,0
15577700,749,Very Good,France,Male,31-40,10,185063.7,Very High Balance,2,1,1,134526.87,High Salary,0
15747345,678,Good,France,Female,21-30,6,118064.93,High Balance,2,1,1,195424.01,Very High salary,0
15678317,603,Fair,France,Male,41-50,2,0,Zero Balance,2,1,1,59563.49,Medium Salary,0
15698335,504,Poor,France,Female,60+,8,0,Zero Balance,1,1,1,34595.58,Low Salary,0
15768451,739,Good,Germany,Male,31-40,5,149131.03,High Balance,3,1,1,60036.99,Medium Salary,1
15753213,604,Fair,France,Female,31-40,7,0,Zero Balance,2,1,0,193021.49,Very High salary,0
15769645,612,Fair,France,Female,31-40,3,0,Zero Balance,1,1,1,48108.72,Low Salary,0
15657565,629,Fair,Spain,Female,41-50,6,125512.98,High Balance,2,0,0,79082.76,Medium Salary,0
15620323,652,Fair,Spain,Female,41-50,3,83492.07,Medium Balance,2,1,0,37914.12,Low Salary,0
15679983,565,Poor,France,Male,31-40,7,0,Zero Balance,1,0,0,74593.84,Medium Salary,0
15812616,707,Good,France,Female,41-50,10,0,Zero Balance,1,1,0,82967.97,Medium Salary,1
15601796,645,Fair,France,Male,21-30,1,125739.26,High Balance,1,1,1,193441.23,Very High salary,0
15729489,762,Very Good,Germany,Female,31-40,8,98592.88,Medium Balance,1,0,1,191790.29,Very High salary,1
15613216,639,Fair,Spain,Female,31-40,1,141789.15,High Balance,1,1,0,92455.96,Medium Salary,0
15657937,709,Good,Germany,Male,21-30,0,112949.71,High Balance,1,0,0,155231.55,Very High salary,0
15815428,823,Excellent,France,Male,31-40,3,105057.33,High Balance,1,1,0,9217.92,Low Salary,0
15640409,817,Excellent,Germany,Female,41-50,0,89087.89,Medium Balance,1,0,1,87941.85,Medium Salary,1
15699492,665,Fair,Germany,Female,21-30,2,147435.96,High Balance,1,0,0,187508.06,Very High salary,0
15623536,646,Fair,Germany,Male,31-40,0,154439.86,Very High Balance,1,1,0,171519.06,Very High salary,0
15707551,568,Poor,France,Male,21-30,8,73054.37,Medium Balance,2,1,1,27012,Low Salary,0
15577999,850,Excellent,France,Female,60+,1,124678.35,High Balance,1,1,0,70916,Medium Salary,1
15788775,473,Poor,Germany,Male,31-40,8,152576.25,Very High Balance,2,1,0,73073.68,Medium Salary,0
15758362,731,Good,France,Female,41-50,9,152243.57,Very High Balance,1,1,1,88783.59,Medium Salary,0
15807961,619,Fair,France,Male,21-30,4,0,Zero Balance,1,1,0,145524.36,High Salary,0
15710978,715,Good,Germany,Male,41-50,2,88120.97,Medium Balance,2,1,1,21333.22,Low Salary,0
15703541,772,Very Good,Germany,Female,51-60,9,143930.92,High Balance,1,0,1,46675.51,Low Salary,1
15626474,686,Good,France,Female,31-40,1,0,Zero Balance,2,1,0,4802.25,Low Salary,0
15608344,749,Very Good,Germany,Female,21-30,7,137059.05,High Balance,3,1,0,102975.72,High Salary,1
15768367,781,Very Good,France,Female,21-30,7,186558.55,Very High Balance,1,1,1,175071.29,Very High salary,1
15806210,675,Good,Spain,Male,60+,5,115654.47,High Balance,2,1,1,131970.86,High Salary,0
15697702,730,Good,Spain,Male,21-30,2,0,Zero Balance,2,1,0,14174.09,Low Salary,0
15689152,683,Good,Spain,Male,31-40,3,126152.84,High Balance,1,0,0,15378.75,Low Salary,0
15568573,554,Poor,Germany,Female,51-60,7,105701.91,High Balance,1,0,1,179797.79,Very High salary,1
15689598,722,Good,France,Male,41-50,6,0,Zero Balance,1,1,1,93917.68,Medium Salary,1
15713374,689,Good,Germany,Male,60+,9,157094.78,Very High Balance,1,1,1,99490.01,Medium Salary,0
15679733,796,Very Good,Germany,Male,31-40,2,113228.38,High Balance,2,1,1,46415.09,Low Salary,0
15759274,447,Poor,France,Female,31-40,10,0,Zero Balance,1,1,1,151815.76,Very High salary,0
15607748,498,Poor,Germany,Male,31-40,8,108432.88,High Balance,2,1,1,14865.05,Low Salary,0
15607577,663,Fair,Spain,Male,21-30,8,0,Zero Balance,1,1,1,188007.99,Very High salary,0
15813697,498,Poor,Germany,Female,41-50,2,120702.67,High Balance,2,1,1,98175.74,Medium Salary,0
15801125,627,Fair,France,Female,31-40,1,0,Zero Balance,1,1,0,106851.7,High Salary,0
15777855,649,Fair,France,Male,41-50,7,0,Zero Balance,2,0,1,75204.21,Medium Salary,0
15635396,738,Good,Germany,Female,21-30,9,139106.19,High Balance,1,1,0,141872.05,High Salary,1
15698031,587,Fair,Germany,Female,31-40,6,101851.8,High Balance,2,1,0,7103.71,Low Salary,0
15678944,655,Fair,Germany,Female,31-40,6,130935.56,High Balance,1,1,0,9241.83,Low Salary,1
15718507,647,Fair,Germany,Male,31-40,3,116509.99,High Balance,1,1,1,149517.71,High Salary,1
15808334,776,Very Good,Germany,Female,31-40,1,93124.04,Medium Balance,2,1,1,196079.32,Very High salary,0
15804709,688,Good,Germany,Male,31-40,5,111578.18,High Balance,1,0,0,166165.93,Very High salary,1
15645835,605,Fair,France,Male,31-40,9,0,Zero Balance,2,1,1,55724.24,Medium Salary,0
15738166,596,Fair,France,Female,31-40,10,86546.29,Medium Balance,1,0,1,131768.98,High Salary,0
15675360,427,Poor,France,Male,31-40,8,0,Zero Balance,1,1,1,13858.95,Low Salary,0
15793042,629,Fair,France,Male,31-40,2,129669.32,High Balance,2,1,0,82774.07,Medium Salary,0
15630106,496,Poor,Spain,Male,21-30,2,0,Zero Balance,2,1,0,55389.59,Medium Salary,0
15810385,717,Good,Spain,Female,31-40,2,164557.95,Very High Balance,1,0,1,82336.73,Medium Salary,0
15578211,777,Very Good,France,Male,21-30,6,0,Zero Balance,2,1,1,163225.48,Very High salary,0
15572792,535,Poor,Spain,Male,31-40,8,118989.92,High Balance,1,1,1,135536.72,High Salary,0
15620030,744,Very Good,France,Male,21-30,1,0,Zero Balance,1,0,0,82422.97,Medium Salary,0
15783541,755,Very Good,France,Male,31-40,5,0,Zero Balance,2,0,1,194660.78,Very High salary,0
15679284,593,Fair,Spain,Female,41-50,6,79259.75,Medium Balance,1,1,0,55347.28,Medium Salary,0
15582910,514,Poor,France,Male,31-40,4,112230.38,High Balance,1,1,0,16717.11,Low Salary,1
15688337,721,Good,France,Male,31-40,9,118129.87,High Balance,1,1,1,160277.65,Very High salary,0
15734970,835,Excellent,Spain,Male,31-40,7,86824.09,Medium Balance,1,0,0,175905.97,Very High salary,0
15759140,682,Good,France,Female,60+,10,128306.7,High Balance,1,0,1,66040.83,Medium Salary,0
15643042,590,Fair,Germany,Female,31-40,2,117641.43,High Balance,2,0,0,92198.05,Medium Salary,0
15773868,653,Fair,Germany,Female,31-40,3,125734.2,High Balance,2,1,0,134625.09,High Salary,1
15615820,837,Excellent,France,Male,41-50,8,103302.37,High Balance,1,1,1,50974.57,Medium Salary,0
15730273,841,Excellent,France,Male,21-30,8,0,Zero Balance,1,1,0,171922.72,Very High salary,0
15724890,584,Fair,Spain,Male,31-40,4,82696.09,Medium Balance,2,0,0,83058.14,Medium Salary,0
15765952,769,Very Good,France,Male,21-30,4,145471.37,High Balance,1,1,0,188382.77,Very High salary,0
15685920,599,Fair,Spain,Male,31-40,2,101506.66,High Balance,1,0,0,198030.24,Very High salary,0
15663263,698,Good,France,Male,41-50,5,156265.31,Very High Balance,2,0,0,1055.66,Low Salary,0
15568953,477,Poor,France,Male,21-30,1,128554.98,High Balance,1,1,1,133173.19,High Salary,0
15643361,477,Poor,Germany,Male,31-40,8,139959.55,High Balance,2,1,1,189875.83,Very High salary,0
15699486,745,Very Good,Spain,Male,31-40,7,132944.53,High Balance,1,1,1,31802.92,Low Salary,0
15747854,749,Very Good,France,Female,31-40,3,0,Zero Balance,3,1,1,132649.85,High Salary,0
15691785,850,Excellent,France,Male,60+,1,0,Zero Balance,1,1,0,53067.83,Medium Salary,1
15709004,528,Poor,Germany,Male,21-30,5,93547.23,Medium Balance,2,0,1,961.57,Low Salary,0
15652218,750,Very Good,France,Male,31-40,2,152302.72,Very High Balance,1,1,0,71333.44,Medium Salary,0
15697127,543,Poor,France,Female,31-40,2,147674.26,High Balance,1,1,1,16658.76,Low Salary,0
15658486,579,Poor,Spain,Female,51-60,3,148021.12,High Balance,1,1,1,74878.22,Medium Salary,0
15694160,624,Fair,France,Male,31-40,0,0,Zero Balance,2,0,0,112104.55,High Salary,0
15685290,595,Fair,Germany,Male,41-50,5,142360.62,High Balance,2,1,0,48421.4,Low Salary,1
15701042,596,Fair,Germany,Female,21-30,2,151027.56,Very High Balance,1,1,0,170320.58,Very High salary,0
15680449,431,Poor,Germany,Female,41-50,2,138843.7,High Balance,1,1,0,37688.31,Low Salary,1
15599860,647,Fair,Spain,Female,21-30,8,109958.15,High Balance,1,1,1,136592.24,High Salary,1
15723169,640,Fair,France,Female,31-40,9,138857.59,High Balance,1,1,0,48640.77,Low Salary,0
15803842,752,Very Good,Germany,Female,41-50,3,105426.5,High Balance,2,0,1,89773.45,Medium Salary,0
15728224,710,Good,Germany,Female,41-50,9,149155.53,High Balance,2,1,0,42131.26,Low Salary,1
15644174,638,Fair,Germany,Male,21-30,4,135096.05,High Balance,1,1,1,186523.72,Very High salary,1
15707110,660,Fair,Germany,Male,21-30,2,170890.05,Very High Balance,2,1,0,41758.9,Low Salary,0
15765415,609,Fair,Spain,Female,41-50,4,89122.3,Medium Balance,1,1,1,199256.98,Very High salary,0
15756751,596,Fair,Spain,Female,51-60,0,78126.28,Medium Balance,1,1,1,153482.91,Very High salary,1
15795151,705,Good,France,Female,31-40,3,123894.43,High Balance,1,1,0,21177.1,Low Salary,0
15632859,444,Poor,France,Male,31-40,7,0,Zero Balance,2,0,1,138743.86,High Salary,0
15584037,727,Good,Germany,Male,51-60,5,106913.43,High Balance,1,1,0,25881,Low Salary,1
15621409,496,Poor,France,Male,31-40,4,127845.83,High Balance,1,1,0,66469.2,Medium Salary,0
15581102,554,Poor,France,Female,21-30,8,0,Zero Balance,2,0,1,142670.61,High Salary,0
15578096,537,Poor,France,Male,21-30,7,106397.75,High Balance,1,0,0,103563.23,High Salary,0
15669887,839,Excellent,France,Female,51-60,3,0,Zero Balance,1,1,1,69101.23,Medium Salary,1
15621834,700,Good,Spain,Female,41-50,0,0,Zero Balance,2,1,0,59475.35,Medium Salary,0
15655341,458,Poor,Spain,Female,31-40,5,166492.48,Very High Balance,1,1,0,135287.74,High Salary,0
15685314,850,Excellent,France,Female,21-30,2,0,Zero Balance,2,1,1,38773.74,Low Salary,0
15653997,699,Good,Spain,Male,31-40,6,114493.68,High Balance,1,0,0,138396.32,High Salary,0
15629551,615,Fair,Germany,Female,41-50,9,126104.98,High Balance,2,0,1,110718.02,High Salary,0
15651264,850,Excellent,Germany,Male,51-60,4,124425.99,High Balance,1,0,0,118545.49,High Salary,1
15760825,604,Fair,France,Female,31-40,1,0,Zero Balance,2,1,0,123207.17,High Salary,0
15597394,668,Fair,Spain,Male,31-40,0,0,Zero Balance,1,0,0,99984.86,Medium Salary,0
15740383,594,Fair,Spain,Female,31-40,10,0,Zero Balance,2,1,0,58332.91,Medium Salary,0
15670562,470,Poor,France,Male,21-30,3,101140.76,High Balance,1,1,1,50906.65,Medium Salary,0
15698117,701,Good,Germany,Male,41-50,0,150844.94,Very High Balance,1,0,1,127623.36,High Salary,0
15694805,664,Fair,Spain,Male,31-40,1,115024.5,High Balance,1,0,1,169665.79,Very High salary,0
15746802,477,Poor,France,Female,21-30,6,131286.46,High Balance,1,1,0,194144.45,Very High salary,0
15589428,756,Very Good,France,Female,41-50,9,0,Zero Balance,2,1,0,35673.42,Low Salary,0
15790267,625,Fair,France,Female,31-40,7,141267.67,High Balance,1,0,1,177397.49,Very High salary,0
15665402,703,Good,Spain,Male,60+,5,137761.55,High Balance,1,1,1,159677.46,Very High salary,0
15642093,646,Fair,France,Male,21-30,7,0,Zero Balance,2,1,0,153566.97,Very High salary,0
15666181,650,Fair,France,Male,31-40,0,98064.97,Medium Balance,1,1,0,52411.99,Medium Salary,0
15602554,664,Fair,France,Female,31-40,9,114519.57,High Balance,2,0,1,79222.02,Medium Salary,0
15724251,682,Good,Germany,Female,21-30,6,101012.77,High Balance,1,0,0,32589.89,Low Salary,1
15740147,725,Good,France,Female,41-50,10,0,Zero Balance,1,0,1,93777.61,Medium Salary,0
15718289,553,Poor,Germany,Male,41-50,3,82291.1,Medium Balance,1,1,0,112549.99,High Salary,1
15763148,576,Poor,France,Male,31-40,9,84719.98,Medium Balance,1,0,0,191063.36,Very High salary,0
15685245,608,Fair,Spain,Female,51-60,5,0,Zero Balance,2,0,1,153810.41,Very High salary,0
15626985,850,Excellent,France,Female,31-40,0,104386.53,High Balance,1,1,0,105886.77,High Salary,0
15585823,627,Fair,France,Male,31-40,8,128131.73,High Balance,1,1,0,96131.47,Medium Salary,0
15728167,667,Fair,France,Male,41-50,2,122806.95,High Balance,1,0,0,15120.86,Low Salary,0
15762928,548,Poor,Spain,Male,41-50,8,0,Zero Balance,1,1,0,16989.77,Low Salary,0
15751774,774,Very Good,France,Male,60+,4,112510.89,High Balance,1,1,1,143133.18,High Salary,0
15654733,794,Very Good,Germany,Male,51-60,3,117056.46,High Balance,1,1,0,93336.93,Medium Salary,1
15809777,497,Poor,Germany,Female,51-60,7,131778.66,High Balance,1,1,1,9972.64,Low Salary,0
15744200,587,Fair,France,Female,31-40,1,70784.27,Medium Balance,1,1,0,30579.82,Low Salary,0
15720713,850,Excellent,France,Female,21-30,10,0,Zero Balance,2,1,1,199775.67,Very High salary,0
15695356,722,Good,France,Male,41-50,5,0,Zero Balance,2,1,0,179908.71,Very High salary,0
15653315,555,Poor,Spain,Female,31-40,1,0,Zero Balance,2,1,0,101667,High Salary,0
15604792,609,Fair,Germany,Male,31-40,6,140752.06,High Balance,2,0,1,171430.16,Very High salary,0
15704819,734,Good,Spain,Female,31-40,6,92126.26,Medium Balance,2,0,0,112973.34,High Salary,0
15670859,718,Good,Germany,Female,31-40,7,93148.74,Medium Balance,2,1,1,190746.38,Very High salary,0
15602797,645,Fair,Spain,Female,41-50,5,110132.55,High Balance,3,0,1,187689.91,Very High salary,1
15662533,598,Fair,Spain,Female,21-30,6,0,Zero Balance,2,1,0,153229.19,Very High salary,0
15778154,628,Fair,Germany,Male,41-50,4,122227.71,High Balance,1,0,1,14217.77,Low Salary,1
15806230,629,Fair,Germany,Male,31-40,2,121647.54,High Balance,2,1,1,64849.74,Medium Salary,1
15662884,739,Good,Germany,Male,51-60,1,110597.76,High Balance,1,0,1,160122.66,Very High salary,1
15750778,653,Fair,France,Female,51-60,2,120731.39,High Balance,4,1,1,138160.11,High Salary,1
15717185,711,Good,France,Male,21-30,8,0,Zero Balance,2,1,1,64286.39,Medium Salary,0
15677804,783,Very Good,Spain,Male,31-40,1,0,Zero Balance,3,1,1,80178.54,Medium Salary,1
15568915,681,Good,France,Male,31-40,6,153722.47,Very High Balance,1,1,0,101319.76,High Salary,0
15736495,712,Good,France,Male,31-40,8,114088.32,High Balance,1,1,0,92794.61,Medium Salary,0
15737354,554,Poor,France,Female,41-50,7,0,Zero Balance,2,1,1,63708.07,Medium Salary,0
15667889,611,Fair,France,Female,31-40,6,0,Zero Balance,2,1,0,110782.88,High Salary,0
15577831,560,Poor,Germany,Male,41-50,4,152532.3,Very High Balance,1,0,0,10779.69,Low Salary,0
15729836,646,Fair,Spain,Male,31-40,1,0,Zero Balance,2,1,0,183289.22,Very High salary,0
15775293,680,Good,France,Male,31-40,3,143292.95,High Balance,1,1,0,66526.01,Medium Salary,0
15697597,631,Fair,France,Male,21-30,1,149144.61,High Balance,1,0,1,123697.95,High Salary,0
15639669,746,Very Good,France,Male,31-40,9,127157.04,High Balance,1,1,1,155700.15,Very High salary,0
15631392,654,Fair,Germany,Male,41-50,9,84673.17,Medium Balance,2,0,1,82081.35,Medium Salary,0
15580935,687,Good,Germany,Male,31-40,9,135962.4,High Balance,2,1,0,121747.96,High Salary,0
15590344,708,Good,Germany,Male,31-40,3,151691.44,Very High Balance,2,1,1,172810.51,Very High salary,0
15653306,679,Good,Germany,Female,31-40,0,88335.05,Medium Balance,1,0,0,159584.81,Very High salary,0
15805025,636,Fair,France,Female,41-50,7,139859.23,High Balance,1,1,1,108402.54,High Salary,0
15658449,695,Good,France,Male,41-50,9,43134.65,Low Balance,1,0,1,77330.35,Medium Salary,0
15694450,677,Good,France,Male,41-50,5,99580.13,Medium Balance,1,1,0,21007.96,Low Salary,0
15605666,720,Good,France,Female,31-40,6,110717.38,High Balance,1,1,1,9398.45,Low Salary,0
15615126,780,Very Good,France,Female,31-40,3,0,Zero Balance,2,0,0,182156.81,Very High salary,1
15726588,653,Fair,Spain,Female,31-40,3,0,Zero Balance,2,0,0,110525.6,High Salary,0
15645095,674,Good,France,Female,21-30,3,0,Zero Balance,1,1,0,51536.99,Medium Salary,0
15808960,620,Fair,Germany,Male,31-40,5,108197.11,High Balance,2,1,0,49722.34,Low Salary,0
15729435,623,Fair,France,Male,31-40,6,0,Zero Balance,2,1,1,66119.07,Medium Salary,0
15656840,547,Poor,France,Female,21-30,6,104450.86,High Balance,1,1,1,37160.28,Low Salary,0
15659149,530,Poor,France,Male,31-40,2,0,Zero Balance,2,1,0,197923.05,Very High salary,0
15585490,746,Very Good,France,Female,31-40,4,0,Zero Balance,1,0,1,65166.6,Medium Salary,0
15674929,512,Poor,France,Female,31-40,7,0,Zero Balance,2,0,0,49326.07,Low Salary,0
15746341,630,Fair,France,Male,31-40,8,0,Zero Balance,2,1,1,42495.81,Low Salary,0
15662091,570,Poor,Spain,Male,21-30,7,116099.82,High Balance,1,1,1,148087.62,High Salary,0
15620123,605,Fair,France,Male,31-40,6,111169.91,High Balance,1,0,0,9641.4,Low Salary,0
15616240,530,Poor,Spain,Male,31-40,4,0,Zero Balance,2,1,1,164844.37,Very High salary,0
15624186,813,Excellent,Germany,Female,21-30,5,123616.43,High Balance,1,0,1,132959.33,High Salary,0
15605036,704,Good,Spain,Female,31-40,9,155619.58,Very High Balance,1,1,1,135088.58,High Salary,0
15805151,565,Poor,Germany,Male,31-40,2,89558.39,Medium Balance,2,1,1,4441.54,Low Salary,0
15753847,645,Fair,Spain,Male,41-50,4,0,Zero Balance,1,0,1,174916.85,Very High salary,1
15653222,526,Poor,Germany,Female,31-40,6,131938.92,High Balance,2,1,1,1795.93,Low Salary,0
15757541,778,Very Good,France,Female,31-40,9,151772.63,Very High Balance,2,0,0,180249.94,Very High salary,1
15726945,677,Good,France,Female,60+,8,0,Zero Balance,2,1,1,153604.44,Very High salary,0
15794276,588,Fair,France,Female,60+,3,0,Zero Balance,1,1,1,189703.65,Very High salary,0
15568328,488,Poor,France,Female,21-30,6,0,Zero Balance,2,1,1,66393.89,Medium Salary,0
15604355,519,Poor,France,Male,31-40,1,97700.02,Medium Balance,1,1,1,30709.03,Low Salary,0
15735788,709,Good,France,Male,31-40,6,0,Zero Balance,2,1,1,71009.84,Medium Salary,0
15618255,642,Fair,Germany,Female,51-60,6,103244.86,High Balance,2,1,0,143049.72,High Salary,1
15720941,710,Good,Germany,Male,31-40,8,147833.3,High Balance,2,0,1,1561.58,Low Salary,0
15769110,653,Fair,France,Female,41-50,5,0,Zero Balance,2,1,0,49707.85,Low Salary,0
15576094,743,Very Good,France,Male,60+,0,0,Zero Balance,2,0,1,29837.65,Low Salary,0
15756150,418,Poor,France,Female,31-40,2,0,Zero Balance,2,0,0,9041.71,Low Salary,0
15719579,670,Good,Germany,Female,31-40,9,84521.48,Medium Balance,2,0,1,198017.05,Very High salary,0
15748854,723,Good,Germany,Female,21-30,5,91938.31,Medium Balance,1,1,0,143481.85,High Salary,0
15612455,549,Poor,Germany,Male,41-50,6,124240.93,High Balance,1,1,1,146372.51,High Salary,0
15664802,543,Poor,France,Female,41-50,5,0,Zero Balance,2,0,0,101905.34,High Salary,0
15735687,595,Fair,Spain,Male,31-40,2,157084.99,Very High Balance,1,1,0,134767.13,High Salary,0
15664734,673,Good,Germany,Female,21-30,3,108244.82,High Balance,2,1,1,103573.96,High Salary,0
15767894,741,Very Good,France,Female,21-30,9,0,Zero Balance,2,0,1,139259.54,High Salary,0
15666884,508,Poor,Germany,Female,41-50,5,82161.7,Medium Balance,2,1,0,187776.49,Very High salary,0
15750156,662,Fair,Germany,Male,51-60,2,104568.41,High Balance,1,1,0,8059.44,Low Salary,1
15751120,752,Very Good,France,Female,31-40,2,119912.46,High Balance,1,1,0,124354.92,High Salary,0
15575748,809,Excellent,France,Male,31-40,9,68881.59,Medium Balance,2,0,1,109135.11,High Salary,0
15714610,575,Poor,Spain,Male,21-30,2,0,Zero Balance,2,1,1,82222.86,Medium Salary,0
15720305,591,Fair,Spain,Female,31-40,1,86376.29,Medium Balance,1,0,1,136767.16,High Salary,1
15678129,643,Fair,Spain,Female,41-50,9,150840.03,Very High Balance,2,1,0,155516.35,Very High salary,0
15566633,698,Good,Germany,Male,51-60,8,155059.1,Very High Balance,2,1,1,144584.29,High Salary,0
15680436,496,Poor,France,Female,21-30,4,0,Zero Balance,2,1,0,164806.89,Very High salary,0
15674343,597,Fair,France,Male,41-50,8,78128.13,Medium Balance,2,0,1,109153.04,High Salary,0
15658890,603,Fair,Germany,Male,41-50,4,98899.76,Medium Balance,2,1,1,86190.34,Medium Salary,0
15599004,655,Fair,Spain,Male,31-40,1,0,Zero Balance,1,1,1,106040.97,High Salary,0
15726487,431,Poor,France,Male,60+,6,160982.89,Very High Balance,1,1,1,168008.17,Very High salary,0
15698716,620,Fair,France,Female,60+,3,87926.24,Medium Balance,2,1,0,33350.26,Low Salary,1
15710527,782,Very Good,France,Female,31-40,4,0,Zero Balance,1,1,1,119565.34,High Salary,0
15655590,581,Fair,Spain,Male,41-50,2,79385.21,Medium Balance,2,0,0,188492.82,Very High salary,0
15732266,553,Poor,Germany,Male,51-60,5,127997.83,High Balance,1,1,0,165378.66,Very High salary,1
15669326,658,Fair,France,Male,41-50,2,168396.34,Very High Balance,1,1,1,14178.73,Low Salary,0
15672246,686,Good,Germany,Male,41-50,2,134896.03,High Balance,1,1,1,97847.05,Medium Salary,0
15620276,539,Poor,Spain,Male,31-40,6,0,Zero Balance,3,1,1,118959.64,High Salary,0
15640258,685,Good,France,Female,41-50,6,94238.75,Medium Balance,2,1,1,50664.07,Medium Salary,1
15740283,850,Excellent,France,Male,21-30,1,0,Zero Balance,2,0,0,152996.89,Very High salary,0
15759717,763,Very Good,Spain,Female,31-40,7,0,Zero Balance,2,1,0,19458.75,Low Salary,0
15620268,634,Fair,Germany,Male,41-50,3,212696.32,Very High Balance,1,1,0,115268.86,High Salary,0
15743871,567,Poor,France,Male,51-60,3,0,Zero Balance,2,1,0,25843.7,Low Salary,1
15614491,539,Poor,France,Male,31-40,3,139153.68,High Balance,2,1,0,147662.33,High Salary,0
15595047,764,Very Good,France,Male,41-50,7,0,Zero Balance,2,0,0,134878.34,High Salary,0
15732334,653,Fair,France,Female,31-40,0,0,Zero Balance,2,1,0,35795.85,Low Salary,0
15701206,566,Poor,Spain,Male,41-50,5,0,Zero Balance,2,1,0,66462.79,Medium Salary,0
15581280,714,Good,Germany,Male,21-30,6,92887.13,Medium Balance,1,1,1,69578.49,Medium Salary,0
15651943,580,Fair,Spain,Female,60+,1,0,Zero Balance,2,0,1,103182.46,High Salary,0
15609545,548,Poor,France,Male,21-30,5,83442.98,Medium Balance,1,0,1,177017.39,Very High salary,0
15658548,646,Fair,Germany,Female,31-40,6,144773.29,High Balance,2,1,0,53217.3,Medium Salary,0
15626008,622,Fair,Germany,Female,51-60,9,111973.97,High Balance,1,1,1,162756.29,Very High salary,1
15774133,706,Good,France,Female,31-40,8,178032.53,Very High Balance,1,0,1,42181.68,Low Salary,0
15763798,680,Good,France,Male,21-30,5,140007.19,High Balance,1,0,1,31714.08,Low Salary,0
15758013,698,Good,France,Male,31-40,5,98400.61,Medium Balance,2,0,0,25017.28,Low Salary,0
15705765,581,Fair,Spain,Female,41-50,1,0,Zero Balance,2,1,0,104272.04,High Salary,0
15648362,728,Good,Germany,Male,41-50,3,108924.33,High Balance,2,1,0,84300.4,Medium Salary,1
15761102,707,Good,Spain,Female,31-40,4,132835.56,High Balance,1,0,0,136877.24,High Salary,0
15610165,761,Very Good,France,Female,21-30,1,0,Zero Balance,2,1,1,199409.19,Very High salary,0
15723717,483,Poor,Germany,Male,41-50,1,118334.44,High Balance,1,0,0,163147.99,Very High salary,1
15654611,736,Good,Germany,Female,21-30,9,81732.88,Medium Balance,2,1,0,136497.28,High Salary,0
15659736,716,Good,Germany,Male,60+,5,121411.9,High Balance,1,0,0,10070.4,Low Salary,1
15603170,654,Fair,France,Male,31-40,9,121455.65,High Balance,1,1,0,190068.53,Very High salary,1
15786167,649,Fair,Spain,Male,0-20,5,0,Zero Balance,2,1,1,58309.54,Medium Salary,0
15671915,649,Fair,France,Male,41-50,5,0,Zero Balance,2,1,1,76946.6,Medium Salary,0
15794792,612,Fair,France,Female,31-40,8,117989.76,High Balance,1,1,1,54129.86,Medium Salary,0
15652789,657,Fair,Spain,Male,31-40,10,0,Zero Balance,2,1,1,52990.7,Medium Salary,0
15739168,511,Poor,France,Female,31-40,5,137411.29,High Balance,1,0,1,161854.98,Very High salary,0
15719950,682,Good,France,Male,60+,10,73688.2,Medium Balance,1,1,1,172141.33,Very High salary,0
15743818,748,Very Good,Spain,Male,51-60,9,122330.7,High Balance,2,0,1,124429.19,High Salary,0
15717937,554,Poor,Germany,Male,41-50,5,99906.89,Medium Balance,1,0,0,24983.39,Low Salary,0
15602841,794,Very Good,Spain,Female,21-30,5,0,Zero Balance,2,0,1,86699.98,Medium Salary,0
15619972,807,Excellent,France,Female,41-50,9,167664.83,Very High Balance,1,0,0,125440.11,High Salary,1
15796114,594,Fair,France,Female,31-40,7,141525.55,High Balance,1,0,0,9443.15,Low Salary,0
15633546,652,Fair,Spain,Female,31-40,3,124832.51,High Balance,1,1,0,195877.06,Very High salary,0
15758755,729,Good,France,Female,31-40,9,132121.71,High Balance,1,0,1,105409.31,High Salary,0
15695168,625,Fair,France,Male,31-40,2,0,Zero Balance,2,1,0,100403.05,High Salary,0
15754342,597,Fair,Germany,Female,51-60,0,78539.84,Medium Balance,1,0,1,48502.88,Low Salary,0
15756610,657,Fair,Germany,Female,31-40,5,123770.46,High Balance,1,0,0,47019.66,Low Salary,1
15640917,633,Fair,France,Male,41-50,5,0,Zero Balance,2,1,1,48249.88,Low Salary,0
15663164,663,Fair,Germany,Male,41-50,7,116150.65,High Balance,3,1,1,84358.71,Medium Salary,1
15616811,535,Poor,France,Male,41-50,0,160729.1,Very High Balance,1,0,1,145986.35,High Salary,0
15610781,702,Good,France,Female,21-30,10,88378.6,Medium Balance,1,1,0,88550.28,Medium Salary,0
15600911,712,Good,France,Male,31-40,2,182888.08,Very High Balance,1,1,0,3061,Low Salary,0
15629603,607,Fair,France,Male,31-40,8,0,Zero Balance,2,1,1,43196.5,Low Salary,0
15714981,476,Poor,France,Male,31-40,4,0,Zero Balance,1,1,1,55775.84,Medium Salary,1
15775892,748,Very Good,Spain,Female,21-30,8,85600.08,Medium Balance,1,0,0,134077.71,High Salary,0
15782778,815,Excellent,France,Male,31-40,4,0,Zero Balance,2,0,1,198490.33,Very High salary,0
15786643,602,Fair,France,Male,31-40,10,0,Zero Balance,2,1,1,116052.92,High Salary,0
15595657,649,Fair,Germany,Male,31-40,4,95001.33,Medium Balance,1,0,1,123202.99,High Salary,0
15743673,551,Poor,Spain,Male,21-30,2,113873.22,High Balance,1,1,1,85129.77,Medium Salary,1
15634310,509,Poor,France,Male,21-30,6,0,Zero Balance,2,1,0,180598.86,Very High salary,0
15790809,685,Good,Spain,Male,31-40,7,74896.92,Medium Balance,1,1,0,198694.2,Very High salary,0
15668695,536,Poor,France,Female,21-30,5,89492.62,Medium Balance,1,0,0,42934.43,Low Salary,0
15669281,711,Good,Spain,Male,31-40,3,128718.78,High Balance,1,0,0,114793.45,High Salary,0
15621031,761,Very Good,Spain,Male,21-30,8,0,Zero Balance,2,1,0,63297.7,Medium Salary,0
15720071,535,Poor,France,Female,41-50,3,0,Zero Balance,1,0,0,61820.41,Medium Salary,1
15792180,566,Poor,Germany,Male,21-30,7,144954.75,High Balance,2,1,0,102246,High Salary,0
15813894,620,Fair,Spain,Male,21-30,9,0,Zero Balance,2,0,0,154882.79,Very High salary,0
15669490,837,Excellent,Germany,Male,31-40,6,94001.61,Medium Balance,2,1,0,140723.05,High Salary,0
15783030,685,Good,France,Female,31-40,7,0,Zero Balance,1,1,0,72852.74,Medium Salary,1
15695792,673,Good,France,Male,60+,0,0,Zero Balance,1,1,1,85733.33,Medium Salary,0
15575676,638,Fair,France,Male,21-30,1,0,Zero Balance,2,0,1,162597.15,Very High salary,0
15627665,614,Fair,France,Male,41-50,4,0,Zero Balance,1,1,0,74379.57,Medium Salary,1
15814092,626,Fair,France,Female,41-50,2,0,Zero Balance,1,0,1,173117.22,Very High salary,1
15695225,834,Excellent,Spain,Male,31-40,8,0,Zero Balance,2,1,1,66485.26,Medium Salary,0
15615091,691,Good,France,Male,21-30,6,0,Zero Balance,2,1,1,92811.2,Medium Salary,0
15794345,706,Good,Spain,Male,31-40,8,0,Zero Balance,2,0,1,46635.11,Low Salary,0
15726484,633,Fair,France,Male,31-40,7,141546.35,High Balance,1,1,1,124830.11,High Salary,0
15650442,644,Fair,Germany,Female,31-40,8,141528.88,High Balance,1,1,1,167087.34,Very High salary,1
15714256,666,Fair,France,Male,21-30,7,109805.3,High Balance,1,0,1,163625.56,Very High salary,0
15778752,708,Good,France,Male,31-40,10,86614.06,Medium Balance,2,1,1,172129.26,Very High salary,0
15601659,496,Poor,Germany,Female,51-60,7,91680.1,Medium Balance,2,1,0,163141.18,Very High salary,1
15602811,730,Good,Germany,Male,31-40,0,38848.19,Low Balance,2,0,0,94003.11,Medium Salary,0
15779414,696,Good,Spain,Male,31-40,3,153639.11,Very High Balance,1,1,1,138351.68,High Salary,0
15763097,809,Excellent,Spain,Male,60+,8,0,Zero Balance,2,0,1,34164.05,Low Salary,0
15633666,701,Good,Spain,Female,31-40,7,123870.07,High Balance,1,1,0,97794.71,Medium Salary,0
15718789,604,Fair,France,Male,21-30,5,0,Zero Balance,2,1,0,75786.55,Medium Salary,0
15690620,665,Fair,France,Male,31-40,10,46323.57,Low Balance,1,1,0,136812.02,High Salary,0
15737071,639,Fair,France,Female,51-60,5,162039.78,Very High Balance,1,1,1,84361.72,Medium Salary,1
15665062,696,Good,France,Male,0-20,1,110928.51,High Balance,1,1,1,2766.63,Low Salary,0
15600692,520,Poor,France,Male,31-40,5,0,Zero Balance,2,1,0,163185.76,Very High salary,0
15792064,545,Poor,Germany,Male,51-60,5,114421.55,High Balance,1,1,0,180598.28,Very High salary,1
15811486,634,Fair,Germany,Female,21-30,8,130036.21,High Balance,2,0,1,69849.55,Medium Salary,0
15626141,750,Very Good,France,Female,21-30,1,151510.17,Very High Balance,2,1,1,19921.72,Low Salary,0
15738546,530,Poor,Spain,Female,41-50,4,0,Zero Balance,2,0,1,147606.71,High Salary,0
15677052,589,Fair,France,Female,51-60,2,0,Zero Balance,2,1,1,126160.24,High Salary,1
15656454,654,Fair,France,Male,31-40,6,83568.55,Medium Balance,1,1,0,47046.72,Low Salary,0
15645496,648,Fair,France,Female,41-50,7,139972.18,High Balance,1,1,0,143668.58,High Salary,0
15612505,835,Excellent,Spain,Male,41-50,3,100212.13,High Balance,1,1,0,152577.62,Very High salary,0
15708513,446,Poor,France,Female,31-40,1,90217.07,Medium Balance,1,1,0,191350.48,Very High salary,0
15685654,514,Poor,Spain,Male,60+,9,0,Zero Balance,2,1,1,14234.31,Low Salary,0
15732307,694,Good,Germany,Male,31-40,4,124067.32,High Balance,1,1,1,77906.87,Medium Salary,0
15726814,554,Poor,Spain,Male,41-50,4,0,Zero Balance,2,0,1,57320.92,Medium Salary,0
15653776,720,Good,Germany,Female,51-60,1,162082.31,Very High Balance,4,0,0,27145.73,Low Salary,1
15597914,641,Fair,Germany,Female,51-60,2,117306.69,High Balance,4,1,1,26912.72,Low Salary,1
15631603,813,Excellent,France,Male,31-40,1,122889.88,High Balance,1,1,1,26476.18,Low Salary,0
15789753,480,Poor,France,Male,31-40,6,148790.61,High Balance,1,0,1,79329.7,Medium Salary,0
15678034,811,Excellent,France,Male,41-50,9,180226.24,Very High Balance,1,1,0,13464.64,Low Salary,1
15690209,715,Good,Germany,Female,31-40,3,104857.19,High Balance,2,1,0,114149.8,High Salary,0
15592091,620,Fair,Spain,Male,31-40,2,166833.86,Very High Balance,2,1,1,135171.6,High Salary,0
15647453,721,Good,France,Male,41-50,4,102936.72,High Balance,1,0,0,1187.88,Low Salary,0
15697100,772,Very Good,Germany,Female,41-50,6,108736.52,High Balance,1,1,0,184564.67,Very High salary,1
15811290,680,Good,Germany,Male,41-50,0,129974.79,High Balance,2,1,1,33391.38,Low Salary,0
15629187,535,Poor,France,Male,31-40,8,85982.07,Medium Balance,1,1,0,9238.35,Low Salary,0
15758073,655,Fair,France,Female,0-20,7,134397.61,High Balance,1,0,0,28029.54,Low Salary,0
15640769,660,Fair,France,Male,60+,8,137841.53,High Balance,1,1,1,42790.29,Low Salary,0
15606641,762,Very Good,Germany,Male,51-60,10,100260.88,High Balance,3,1,1,77142.42,Medium Salary,1
15718280,662,Fair,Germany,Male,31-40,5,139822.11,High Balance,2,1,1,146219.9,High Salary,0
15764335,463,Poor,Germany,Female,41-50,8,123151.51,High Balance,2,1,0,70127.93,Medium Salary,0
15634218,501,Poor,Germany,Male,21-30,4,95331.83,Medium Balance,2,1,0,132104.76,High Salary,0
15808760,603,Fair,Spain,Female,41-50,6,0,Zero Balance,1,1,1,90437.87,Medium Salary,0
15648461,688,Good,Spain,Male,31-40,7,138162.41,High Balance,2,1,1,113926.31,High Salary,0
15593555,430,Poor,France,Male,31-40,9,0,Zero Balance,2,1,1,12050.77,Low Salary,0
15569079,632,Fair,Germany,Male,41-50,6,126066.26,High Balance,1,1,0,64345.61,Medium Salary,1
15800736,601,Fair,Spain,Female,41-50,4,96763.89,Medium Balance,1,1,1,199242.65,Very High salary,0
15792607,769,Very Good,France,Female,31-40,2,0,Zero Balance,2,0,0,75578.67,Medium Salary,0
15640034,551,Poor,France,Male,41-50,2,139561.46,High Balance,1,1,0,43435.43,Low Salary,1
15807563,841,Excellent,France,Female,51-60,5,0,Zero Balance,1,0,0,183239.71,Very High salary,1
15684461,469,Poor,Spain,Female,31-40,6,0,Zero Balance,1,1,0,146213.75,High Salary,1
15580134,479,Poor,Spain,Male,21-30,2,172463.45,Very High Balance,1,1,1,40315.27,Low Salary,0
15679075,701,Good,France,Male,31-40,8,107798.85,High Balance,1,1,0,16966.73,Low Salary,0
15742504,593,Fair,France,Male,31-40,2,70181.48,Medium Balance,2,1,0,80608.12,Medium Salary,0
15567328,738,Good,Spain,Male,31-40,5,177997.07,Very High Balance,1,0,1,19233.41,Low Salary,0
15698294,635,Fair,Spain,Male,31-40,1,0,Zero Balance,2,1,0,135382.23,High Salary,0
15607142,658,Fair,France,Male,31-40,8,0,Zero Balance,1,1,1,80410.68,Medium Salary,0
15738516,687,Good,Spain,Female,31-40,5,0,Zero Balance,1,1,0,17696.22,Low Salary,0
15806403,650,Fair,France,Male,31-40,9,0,Zero Balance,2,1,0,17974.08,Low Salary,0
15656707,720,Good,Spain,Male,21-30,2,123200.78,High Balance,1,1,1,180712.28,Very High salary,0
15653715,602,Fair,France,Female,60+,7,0,Zero Balance,2,1,1,56323.21,Medium Salary,0
15806184,618,Fair,Spain,Male,31-40,4,0,Zero Balance,2,1,1,77550.18,Medium Salary,0
15585734,803,Excellent,Germany,Male,41-50,9,137742.9,High Balance,2,1,1,166957.82,Very High salary,0
15725639,793,Very Good,France,Female,60+,9,116270.72,High Balance,1,1,1,184243.25,Very High salary,0
15618401,616,Fair,Germany,Male,41-50,10,113220.2,High Balance,2,1,1,114072.91,High Salary,0
15785385,550,Poor,Spain,Male,51-60,5,0,Zero Balance,2,1,0,153917.41,Very High salary,0
15734762,602,Fair,France,Female,51-60,3,115895.22,High Balance,3,1,0,4176.17,Low Salary,1
15767129,452,Poor,France,Female,51-60,6,121730.49,High Balance,1,1,1,142963.29,High Salary,0
15797204,655,Fair,Spain,Female,21-30,3,113811.85,High Balance,2,0,1,76844.23,Medium Salary,0
15769272,510,Poor,France,Female,21-30,6,136214.08,High Balance,1,0,0,159742.33,Very High salary,0
15771966,557,Poor,France,Male,31-40,8,146200.01,High Balance,1,1,0,177944.64,Very High salary,0
15691952,676,Good,France,Male,31-40,10,106242.67,High Balance,1,1,1,166678.28,Very High salary,0
15593250,640,Fair,France,Female,21-30,4,0,Zero Balance,2,1,0,44904.26,Low Salary,0
15605333,529,Poor,Spain,Male,31-40,6,0,Zero Balance,1,1,0,10625.91,Low Salary,0
15800083,559,Poor,France,Male,41-50,8,24043.45,Low Balance,1,0,1,169781.45,Very High salary,1
15575691,689,Good,France,Female,51-60,5,0,Zero Balance,2,0,1,49848.86,Low Salary,0
15689886,626,Fair,Germany,Male,31-40,10,132287.92,High Balance,3,1,1,51467.92,Medium Salary,1
15809838,697,Good,Spain,Male,21-30,1,0,Zero Balance,2,0,0,735.79,Low Salary,0
15736154,823,Excellent,France,Female,41-50,1,0,Zero Balance,2,0,1,182495.7,Very High salary,0
15767391,565,Poor,Germany,Female,31-40,4,90322.99,Medium Balance,2,0,1,118740.37,High Salary,0
15704910,631,Fair,Spain,Male,21-30,3,0,Zero Balance,2,1,0,13813.24,Low Salary,0
15656613,646,Fair,France,Female,31-40,3,131283.11,High Balance,1,0,0,130500.65,High Salary,0
15611551,676,Good,Spain,Male,41-50,1,131659.59,High Balance,2,0,1,14152.15,Low Salary,0
15732430,850,Excellent,Spain,Female,51-60,4,120952.74,High Balance,1,1,0,66963.15,Medium Salary,0
15741865,810,Excellent,France,Female,31-40,9,153166.17,Very High Balance,1,1,1,93261.69,Medium Salary,0
15634143,581,Fair,Spain,Male,21-30,0,53291.86,Medium Balance,1,0,0,196582.28,Very High salary,0
15609676,718,Good,France,Female,31-40,2,167924.95,Very High Balance,1,1,0,43024.64,Low Salary,0
15761600,713,Good,France,Male,41-50,5,86394.14,Medium Balance,1,1,1,130001.13,High Salary,0
15676404,672,Good,France,Female,41-50,1,0,Zero Balance,1,1,0,12106.82,Low Salary,1
15659236,781,Very Good,Spain,Male,31-40,3,0,Zero Balance,2,1,1,42556.33,Low Salary,0
15690440,656,Fair,Spain,Male,41-50,1,0,Zero Balance,2,1,1,197961.93,Very High salary,0
15694601,583,Fair,France,Female,31-40,4,158978.79,Very High Balance,1,1,0,12538.92,Low Salary,0
15812262,808,Excellent,Germany,Female,31-40,2,100431.84,High Balance,1,1,0,35140.49,Low Salary,1
15762821,721,Good,Spain,Male,31-40,5,0,Zero Balance,2,0,1,117626.9,High Salary,0
15669301,778,Very Good,Germany,Female,21-30,6,150358.97,Very High Balance,1,1,0,62454.01,Medium Salary,1
15672640,850,Excellent,Spain,Female,41-50,4,114347.85,High Balance,2,1,1,109089.04,High Salary,0
15750458,693,Good,France,Female,31-40,4,0,Zero Balance,2,0,1,142331.39,High Salary,0
15627251,520,Poor,France,Male,31-40,4,134007.9,High Balance,1,1,1,193209.11,Very High salary,0
15764294,759,Very Good,Germany,Male,31-40,4,98899.91,Medium Balance,1,1,1,47832.82,Low Salary,0
15659962,637,Fair,France,Male,51-60,3,0,Zero Balance,2,1,1,70174.03,Medium Salary,0
15788536,755,Very Good,Germany,Male,31-40,2,137430.82,High Balance,2,0,0,176768.59,Very High salary,0
15596979,662,Fair,France,Female,41-50,6,0,Zero Balance,2,1,1,129392.75,High Salary,0
15681220,503,Poor,France,Female,31-40,8,0,Zero Balance,2,1,1,97893.32,Medium Salary,0
15635097,599,Fair,Germany,Male,31-40,2,188976.89,Very High Balance,2,0,1,176142.09,Very High salary,0
15780779,583,Fair,Spain,Female,31-40,4,0,Zero Balance,2,1,0,114093.73,High Salary,0
15798470,764,Very Good,Spain,Female,41-50,1,75990.97,Medium Balance,1,1,0,158323.81,Very High salary,1
15760880,513,Poor,France,Male,21-30,10,0,Zero Balance,2,0,1,25514.77,Low Salary,0
15616929,730,Good,Spain,Male,60+,5,112181.08,High Balance,1,0,1,61513.87,Medium Salary,0
15758775,820,Excellent,Spain,Male,31-40,10,97208.46,Medium Balance,1,1,1,59553.34,Medium Salary,0
15663386,597,Fair,Spain,Female,21-30,7,0,Zero Balance,2,1,0,110253.2,High Salary,0
15621267,637,Fair,France,Male,31-40,5,0,Zero Balance,1,0,0,148769.08,High Salary,0
15720509,696,Good,France,Male,31-40,9,150856.79,Very High Balance,1,0,1,8236.78,Low Salary,0
15693322,635,Fair,Germany,Female,31-40,9,146748.07,High Balance,1,0,1,11407.58,Low Salary,0
15589544,673,Good,Spain,Female,51-60,4,0,Zero Balance,2,1,1,49684.09,Low Salary,0
15772030,662,Fair,Spain,Male,31-40,3,0,Zero Balance,2,0,1,68064.83,Medium Salary,0
15693337,683,Good,Spain,Male,41-50,0,148863.17,High Balance,1,1,1,163911.32,Very High salary,0
15676571,850,Excellent,France,Male,51-60,6,0,Zero Balance,1,1,0,944.41,Low Salary,1
15701392,815,Excellent,Spain,Male,21-30,6,0,Zero Balance,2,0,1,185547.71,Very High salary,0
15741092,671,Good,Spain,Male,31-40,10,153360.02,Very High Balance,1,1,0,140509.86,High Salary,0
15643865,601,Fair,France,Female,31-40,3,92055.36,Medium Balance,1,0,1,164652.02,Very High salary,1
15769389,709,Good,Germany,Female,31-40,9,124723.92,High Balance,1,1,0,73641.86,Medium Salary,0
15807768,702,Good,Germany,Male,21-30,1,103033.83,High Balance,1,1,1,40321.87,Low Salary,0
15801630,558,Poor,France,Male,31-40,6,0,Zero Balance,2,1,0,173844.89,Very High salary,0
15705034,691,Good,Spain,Male,31-40,1,0,Zero Balance,2,1,1,145613.17,High Salary,0
15763107,700,Good,France,Female,21-30,9,0,Zero Balance,1,1,1,174971.64,Very High salary,0
15667085,667,Fair,France,Male,31-40,4,0,Zero Balance,2,1,1,131834.75,High Salary,0
15647008,624,Fair,Germany,Male,51-60,3,116726.22,High Balance,1,1,0,110498.1,High Salary,1
15584505,580,Fair,France,Female,21-30,5,113923.81,High Balance,2,0,0,196241.43,Very High salary,0
15748068,571,Poor,Spain,Female,31-40,3,0,Zero Balance,2,1,1,194667.92,Very High salary,0
15663964,561,Poor,France,Male,31-40,5,0,Zero Balance,2,1,0,83093.25,Medium Salary,0
15782311,529,Poor,France,Male,21-30,9,0,Zero Balance,2,1,1,52545.24,Medium Salary,0
15588197,670,Good,France,Male,31-40,7,0,Zero Balance,2,0,0,59571.5,Medium Salary,0
15610105,666,Fair,Germany,Female,21-30,1,121827.43,High Balance,2,1,1,99818.31,Medium Salary,0
15606133,628,Fair,Spain,Male,41-50,7,0,Zero Balance,2,0,1,172967.87,Very High salary,0
15599403,577,Poor,France,Male,51-60,10,125389.7,High Balance,2,1,1,178616.73,Very High salary,0
15648225,652,Fair,Spain,Female,31-40,1,103895.31,High Balance,1,0,1,159649.44,Very High salary,0
15608406,678,Good,France,Male,21-30,5,111128.04,High Balance,1,1,0,60941.27,Medium Salary,1
15633378,692,Good,Spain,Female,41-50,9,0,Zero Balance,2,1,0,178342.63,Very High salary,0
15664759,675,Good,Spain,Male,31-40,10,0,Zero Balance,2,1,0,191545.65,Very High salary,0
15625545,712,Good,Spain,Male,51-60,9,0,Zero Balance,1,1,1,117977.45,High Salary,1
15772148,639,Fair,Germany,Female,31-40,5,151242.48,Very High Balance,1,0,1,49637.65,Low Salary,0
15810829,618,Fair,France,Male,41-50,7,0,Zero Balance,1,1,0,13921.82,Low Salary,1
15731669,554,Poor,France,Male,31-40,2,129709.62,High Balance,1,1,0,173197.12,Very High salary,0
15738634,533,Poor,France,Male,41-50,9,83347.25,Medium Balance,1,1,1,137696.25,High Salary,0
15737571,540,Poor,Spain,Female,21-30,6,84121.04,Medium Balance,1,0,1,80698.54,Medium Salary,0
15667602,704,Good,Spain,Male,31-40,3,0,Zero Balance,2,1,0,73018.74,Medium Salary,0
15684147,678,Good,France,Male,41-50,5,102338.19,High Balance,1,1,1,79649.62,Medium Salary,0
15789874,712,Good,France,Female,21-30,3,87375.78,Medium Balance,2,0,0,166194.53,Very High salary,0
15757952,651,Fair,France,Male,41-50,2,0,Zero Balance,3,1,0,102530.35,High Salary,1
15698732,789,Very Good,Germany,Male,51-60,3,104677.09,High Balance,1,1,0,74265.38,Medium Salary,0
15714355,775,Very Good,Germany,Male,31-40,8,121669.23,High Balance,1,0,1,125898.39,High Salary,0
15599090,564,Poor,Germany,Male,31-40,7,108407.34,High Balance,1,1,1,83681.2,Medium Salary,0
15762048,841,Excellent,Germany,Female,31-40,7,154969.79,Very High Balance,2,1,1,99505.75,Medium Salary,0
15790596,850,Excellent,Spain,Male,31-40,0,141829.67,High Balance,1,1,1,92748.16,Medium Salary,0
15609623,637,Fair,France,Female,60+,5,0,Zero Balance,1,1,0,28092.77,Low Salary,1
15711901,500,Poor,France,Male,41-50,2,109162.82,High Balance,1,1,1,126145.08,High Salary,0
15779809,655,Fair,France,Male,41-50,8,87471.63,Medium Balance,1,0,1,188593.98,Very High salary,0
15729018,666,Fair,France,Female,31-40,2,147229.65,High Balance,1,1,1,56410.17,Medium Salary,0
15698246,658,Fair,France,Female,21-30,2,0,Zero Balance,2,1,1,84694.49,Medium Salary,0
15712409,749,Very Good,Germany,Male,60+,6,182532.23,Very High Balance,2,1,1,195429.92,Very High salary,0
15758306,654,Fair,France,Male,31-40,6,0,Zero Balance,2,1,1,137898.57,High Salary,0
15621435,623,Fair,France,Female,31-40,1,160903.2,Very High Balance,1,0,0,78774.36,Medium Salary,0
15566295,761,Very Good,France,Female,31-40,6,138053.79,High Balance,2,1,0,148779.41,High Salary,0
15569098,627,Fair,France,Male,41-50,6,153548.12,Very High Balance,1,0,0,35300.08,Low Salary,1
15662532,757,Very Good,Germany,Male,31-40,8,149085.9,High Balance,2,1,1,197077.36,Very High salary,0
15664001,695,Good,Germany,Female,51-60,8,95231.91,Medium Balance,1,0,0,70140.8,Medium Salary,1
15703437,726,Good,France,Male,31-40,3,0,Zero Balance,2,1,0,196288.46,Very High salary,0
15708003,587,Fair,Spain,Male,41-50,8,85109.21,Medium Balance,1,1,0,1557.82,Low Salary,0
15599452,605,Fair,Germany,Female,41-50,8,125338.8,High Balance,2,1,0,23970.13,Low Salary,0
15719793,850,Excellent,Spain,Male,60+,5,0,Zero Balance,2,1,1,180243.56,Very High salary,0
15771580,850,Excellent,France,Female,31-40,0,106831.69,High Balance,1,0,1,148977.72,High Salary,0
15732268,751,Very Good,France,Male,21-30,3,159597.45,Very High Balance,1,1,0,39934.41,Low Salary,0
15722350,627,Fair,Germany,Female,31-40,7,147361.57,High Balance,1,1,1,133031.96,High Salary,0
15611371,736,Good,France,Male,41-50,4,176134.54,Very High Balance,1,1,1,52856.88,Medium Salary,0
15673584,652,Fair,France,Female,60+,5,0,Zero Balance,2,1,1,937.15,Low Salary,0
15636396,627,Fair,France,Female,31-40,7,0,Zero Balance,2,0,1,193022.44,Very High salary,0
15706170,636,Fair,France,Male,31-40,1,84055.43,Medium Balance,1,0,0,37490.84,Low Salary,0
15725478,775,Very Good,France,Male,51-60,7,0,Zero Balance,2,1,1,111558.7,High Salary,0
15654562,850,Excellent,Spain,Female,41-50,5,174088.3,Very High Balance,4,1,0,5669.31,Low Salary,1
15737509,850,Excellent,Spain,Male,31-40,8,199229.14,Very High Balance,1,0,0,68106.29,Medium Salary,0
15690796,516,Poor,France,Male,31-40,8,0,Zero Balance,1,1,0,101834.58,High Salary,0
15716728,513,Poor,Spain,Female,41-50,10,0,Zero Balance,2,0,1,73151.25,Medium Salary,0
15605665,673,Good,Germany,Female,60+,3,78833.15,Medium Balance,2,1,1,37196.15,Low Salary,0
15748481,564,Poor,France,Female,21-30,6,0,Zero Balance,1,0,0,7819.76,Low Salary,0
15757777,636,Fair,France,Female,31-40,2,0,Zero Balance,2,1,1,23129.46,Low Salary,0
15747808,712,Good,France,Male,21-30,3,102540.61,High Balance,1,1,1,189680.79,Very High salary,0
15810593,568,Poor,France,Male,51-60,4,0,Zero Balance,3,1,1,66586.56,Medium Salary,0
15693376,741,Very Good,Spain,Male,41-50,0,0,Zero Balance,2,1,1,2920.63,Low Salary,1
15579808,754,Very Good,Germany,Female,31-40,8,129401.87,High Balance,1,1,1,87684.93,Medium Salary,0
15598275,709,Good,France,Female,31-40,7,0,Zero Balance,2,1,1,199418.02,Very High salary,0
15737080,510,Poor,France,Female,31-40,1,0,Zero Balance,2,0,1,28515.17,Low Salary,0
15668580,716,Good,Spain,Male,31-40,2,0,Zero Balance,2,1,1,92916.53,Medium Salary,0
15569438,607,Fair,Germany,Male,31-40,10,106702.94,High Balance,2,0,0,198313.69,Very High salary,0
15675842,656,Fair,Spain,Male,21-30,4,139584.57,High Balance,1,1,0,36308.93,Low Salary,0
15577587,550,Poor,Germany,Male,51-60,5,121016.23,High Balance,1,1,1,41730.37,Low Salary,1
15625592,486,Poor,France,Male,21-30,2,0,Zero Balance,2,1,1,31399.4,Low Salary,0
15635141,598,Fair,Germany,Male,51-60,8,118210.42,High Balance,2,0,0,60192.14,Medium Salary,1
15642570,675,Good,Spain,Male,31-40,8,0,Zero Balance,2,1,0,29062.25,Low Salary,0
15702175,755,Very Good,France,Female,21-30,4,148654.84,High Balance,2,1,1,28805.09,Low Salary,0
15677785,656,Fair,Spain,Male,31-40,5,136963.12,High Balance,1,1,0,133814.28,High Salary,0
15786153,644,Fair,Germany,Male,41-50,9,137774.11,High Balance,2,1,0,151902.78,Very High salary,0
15759499,598,Fair,France,Female,31-40,4,111156.52,High Balance,1,1,1,167376.26,Very High salary,0
15659568,850,Excellent,Spain,Female,31-40,3,121237.65,High Balance,1,1,1,31022.56,Low Salary,0
15715597,679,Good,France,Male,31-40,1,97234.58,Medium Balance,1,1,0,188997.08,Very High salary,0
15610147,632,Fair,France,Male,51-60,2,0,Zero Balance,2,0,1,2085.32,Low Salary,0
15802362,550,Poor,Spain,Male,41-50,0,0,Zero Balance,2,0,1,70399.71,Medium Salary,0
15660524,572,Poor,Germany,Female,51-60,9,97382.53,Medium Balance,1,1,1,195771.95,Very High salary,0
15747168,626,Fair,Germany,Female,41-50,2,103108.8,High Balance,1,0,1,166475.44,Very High salary,1
15796910,625,Fair,Spain,Female,51-60,7,0,Zero Balance,1,0,0,84106.17,Medium Salary,1
15707674,515,Poor,France,Female,51-60,2,131852.81,High Balance,1,1,0,81436.68,Medium Salary,1
15565706,612,Fair,Spain,Male,31-40,1,0,Zero Balance,1,1,1,83256.26,Medium Salary,1
15587596,628,Fair,Spain,Female,31-40,8,107553.33,High Balance,1,1,0,117523.41,High Salary,0
15751943,529,Poor,Spain,Female,41-50,5,0,Zero Balance,2,0,0,79476.63,Medium Salary,0
15621227,668,Fair,Germany,Female,41-50,7,161806.09,Very High Balance,1,1,1,173052.19,Very High salary,0
15757588,526,Poor,France,Male,21-30,9,0,Zero Balance,2,0,0,100995.68,High Salary,0
15640922,791,Very Good,France,Female,51-60,7,0,Zero Balance,1,1,1,122782.5,High Salary,0
15567557,573,Poor,France,Male,21-30,2,128243.03,High Balance,1,1,1,11631.34,Low Salary,0
15670103,565,Poor,France,Female,31-40,5,126645.13,High Balance,1,1,1,168303.55,Very High salary,0
15720929,604,Fair,France,Female,41-50,8,62094.71,Medium Balance,3,0,0,9308.1,Low Salary,1
15732774,656,Fair,France,Male,31-40,7,112291.34,High Balance,1,1,0,153157.97,Very High salary,0
15628558,447,Poor,France,Female,41-50,5,89188.83,Medium Balance,1,1,1,75408.24,Medium Salary,0
15729201,682,Good,France,Male,51-60,9,0,Zero Balance,1,1,0,153356.8,Very High salary,1
15731117,437,Poor,Spain,Male,21-30,2,109161.25,High Balance,1,1,0,152987.42,Very High salary,0
15615207,792,Very Good,Spain,Male,41-50,0,0,Zero Balance,1,1,1,5557.88,Low Salary,1
15773512,627,Fair,Spain,Female,21-30,4,0,Zero Balance,1,1,1,194313.93,Very High salary,0
15572145,767,Very Good,France,Female,31-40,8,0,Zero Balance,2,1,0,94767.77,Medium Salary,0
15642710,686,Good,France,Male,21-30,7,0,Zero Balance,2,1,0,1540.89,Low Salary,0
15574213,789,Very Good,France,Female,51-60,1,158271.74,Very High Balance,1,1,1,5036.39,Low Salary,1
15718852,794,Very Good,France,Male,51-60,9,96951.21,Medium Balance,1,1,1,71776.76,Medium Salary,0
15583840,587,Fair,Germany,Male,31-40,5,121863.61,High Balance,1,1,1,23481.69,Low Salary,1
15782418,589,Fair,Germany,Female,0-20,9,83495.11,Medium Balance,1,1,1,143022.31,High Salary,1
15813504,543,Poor,Germany,Female,21-30,1,146566.01,High Balance,1,0,1,161407.48,Very High salary,0
15711314,589,Fair,Spain,Female,41-50,1,0,Zero Balance,1,0,0,125939.22,High Salary,1
15621064,701,Good,Germany,Male,21-30,5,186101.18,Very High Balance,2,1,1,76611.33,Medium Salary,0
15627847,850,Excellent,France,Male,31-40,6,0,Zero Balance,1,1,0,136985.08,High Salary,1
15588090,726,Good,Germany,Female,51-60,8,107494.86,High Balance,2,1,0,140937.91,High Salary,1
15735270,767,Very Good,Spain,Male,41-50,2,0,Zero Balance,1,1,0,48161.18,Low Salary,1
15671804,648,Fair,Spain,Male,31-40,8,146943.38,High Balance,2,1,1,130041.45,High Salary,0
15753215,651,Fair,Spain,Female,31-40,8,0,Zero Balance,2,1,0,91652.43,Medium Salary,0
15789941,633,Fair,France,Female,31-40,6,125130.28,High Balance,1,0,0,125961.48,High Salary,0
15691061,740,Very Good,France,Female,31-40,9,0,Zero Balance,2,1,1,73225.31,Medium Salary,0
15808326,592,Fair,France,Female,31-40,9,0,Zero Balance,2,1,1,20460.2,Low Salary,0
15566660,670,Good,France,Female,41-50,10,0,Zero Balance,3,1,0,81602.02,Medium Salary,0
15778947,628,Fair,France,Male,31-40,3,0,Zero Balance,2,1,1,8742.91,Low Salary,0
15632977,745,Very Good,France,Male,41-50,5,0,Zero Balance,2,0,0,145789.71,High Salary,0
15591747,705,Good,France,Male,31-40,3,0,Zero Balance,2,0,0,129576.99,High Salary,0
15567335,559,Poor,France,Female,41-50,7,0,Zero Balance,2,1,1,190040.29,Very High salary,0
15609299,595,Fair,France,Male,21-30,6,150685.79,Very High Balance,1,1,0,87771.06,Medium Salary,0
15669945,492,Poor,France,Male,31-40,4,141359.37,High Balance,2,1,0,39519.53,Low Salary,0
15736271,498,Poor,France,Female,21-30,9,0,Zero Balance,1,1,0,190035.83,Very High salary,0
15710390,655,Fair,France,Female,31-40,6,94631.26,Medium Balance,2,1,1,148948.52,High Salary,0
15756481,636,Fair,France,Female,31-40,3,118336.14,High Balance,1,1,0,184691.77,Very High salary,0
15736730,634,Fair,France,Female,41-50,2,0,Zero Balance,1,1,1,143458.31,High Salary,0
15626040,793,Very Good,Spain,Male,60+,0,0,Zero Balance,2,0,1,27166.75,Low Salary,0
15746553,526,Poor,Germany,Male,41-50,5,124233.24,High Balance,1,0,1,159456.87,Very High salary,1
15622518,768,Very Good,France,Female,21-30,5,51116.26,Medium Balance,1,1,1,70454.79,Medium Salary,1
15684908,540,Poor,Germany,Male,60+,1,91869.69,Medium Balance,1,0,1,95421,Medium Salary,0
15569446,732,Good,France,Female,31-40,8,122338.43,High Balance,2,1,0,187985.85,Very High salary,0
15777504,617,Fair,France,Female,21-30,8,0,Zero Balance,1,1,1,92621.9,Medium Salary,0
15677906,637,Fair,Spain,Female,51-60,5,0,Zero Balance,1,0,1,150836.98,Very High salary,0
15703292,573,Poor,France,Male,21-30,8,86270.93,Medium Balance,2,1,1,90177.3,Medium Salary,0
15712938,531,Poor,France,Male,41-50,3,0,Zero Balance,2,1,1,34416.79,Low Salary,0
15631359,489,Poor,France,Female,31-40,5,117289.92,High Balance,1,0,0,85231.88,Medium Salary,0
15720847,601,Fair,France,Male,31-40,2,0,Zero Balance,2,1,1,118983.18,High Salary,0
15787830,452,Poor,Germany,Male,31-40,7,153663.27,Very High Balance,1,1,0,111868.23,High Salary,0
15599869,728,Good,Spain,Female,21-30,1,0,Zero Balance,1,1,1,83056.22,Medium Salary,0
15592078,590,Fair,Germany,Female,21-30,8,123599.49,High Balance,2,1,0,1676.92,Low Salary,0
15596228,490,Poor,France,Male,21-30,4,0,Zero Balance,2,1,0,32089.57,Low Salary,0
15578462,596,Fair,Spain,Female,60+,9,134208.25,High Balance,1,1,1,13455.43,Low Salary,0
15756894,635,Fair,France,Male,21-30,1,0,Zero Balance,1,0,1,24865.54,Low Salary,0
15796167,782,Very Good,Germany,Male,31-40,7,98556.89,Medium Balance,2,1,0,117644.36,High Salary,0
15664808,790,Very Good,Spain,Female,31-40,3,0,Zero Balance,3,0,0,98897.32,Medium Salary,0
15664555,587,Fair,France,Male,31-40,2,0,Zero Balance,4,0,1,106174.7,High Salary,1
15607278,794,Very Good,Spain,Female,41-50,8,134593.79,High Balance,1,1,1,46386.37,Low Salary,0
15585222,515,Poor,France,Male,41-50,8,0,Zero Balance,2,1,1,185054.14,Very High salary,0
15750299,746,Very Good,Spain,Male,21-30,10,68781.82,Medium Balance,1,0,1,47997.39,Low Salary,0
15761294,667,Fair,Germany,Female,51-60,8,137464.04,High Balance,1,1,0,130846.79,High Salary,1
15810454,709,Good,France,Male,31-40,4,147307.91,High Balance,1,0,1,40861.55,Low Salary,0
15673984,536,Poor,France,Female,31-40,8,0,Zero Balance,1,1,0,171840.24,Very High salary,1
15609319,711,Good,France,Female,41-50,3,145754.91,High Balance,1,1,1,101455.07,High Salary,0
15709941,753,Very Good,France,Male,41-50,8,0,Zero Balance,3,1,0,90747.94,Medium Salary,1
15580252,748,Very Good,France,Male,41-50,4,112610.77,High Balance,1,0,1,2048.55,Low Salary,0
15741275,623,Fair,France,Female,51-60,7,71481.79,Medium Balance,2,1,1,84421.34,Medium Salary,0
15707132,465,Poor,France,Male,31-40,5,0,Zero Balance,2,0,1,78698.09,Medium Salary,0
15600708,640,Fair,Spain,Female,31-40,3,77826.8,Medium Balance,1,1,1,168544.85,Very High salary,0
15804787,562,Poor,France,Male,60+,5,87140.85,Medium Balance,1,1,1,39351.64,Low Salary,0
15690021,502,Poor,Germany,Female,41-50,0,132002.7,High Balance,1,0,1,28204.98,Low Salary,1
15763895,536,Poor,France,Male,31-40,7,178011.5,Very High Balance,2,1,0,22375.14,Low Salary,0
15623478,670,Good,Germany,Female,31-40,4,102954.68,High Balance,2,0,1,134942.45,High Salary,0
15797910,775,Very Good,Germany,Male,51-60,2,123783.25,High Balance,1,1,1,134901.57,High Salary,0
15577751,759,Very Good,Germany,Male,21-30,4,101802.67,High Balance,1,0,0,8693.8,Low Salary,0
15781777,604,Fair,France,Male,31-40,3,148659.48,High Balance,1,0,0,42437.75,Low Salary,0
15740527,766,Very Good,Germany,Female,60+,7,142724.48,High Balance,1,0,1,5893.23,Low Salary,1
15721251,554,Poor,Spain,Female,41-50,4,112152.89,High Balance,1,0,1,36242.19,Low Salary,0
15602994,487,Poor,France,Female,51-60,10,89550.85,Medium Balance,1,0,1,90076.85,Medium Salary,0
15750769,725,Good,France,Male,31-40,7,75915.75,Medium Balance,1,1,0,150507.43,Very High salary,0
15740175,732,Good,Germany,Female,41-50,2,118889.66,High Balance,2,0,0,87422.15,Medium Salary,0
15679968,623,Fair,France,Male,31-40,5,118788.57,High Balance,1,1,0,192867.4,Very High salary,0
15694404,781,Very Good,France,Female,41-50,3,156555.54,Very High Balance,1,1,1,175674.01,Very High salary,0
15657529,714,Good,Germany,Male,51-60,1,99141.86,Medium Balance,1,1,1,72496.05,Medium Salary,1
15762882,577,Poor,Germany,Female,31-40,4,61211.18,Medium Balance,1,1,1,145250.43,High Salary,0
15642579,731,Good,Spain,Female,31-40,1,128932.4,High Balance,1,1,1,180712.52,Very High salary,0
15598884,650,Fair,Spain,Female,21-30,5,0,Zero Balance,1,1,1,180622.43,Very High salary,0
15770185,779,Very Good,France,Male,31-40,10,80728.15,Medium Balance,1,1,0,86306.75,Medium Salary,0
15800287,706,Good,Spain,Female,41-50,2,127660.46,High Balance,2,1,0,150156.82,Very High salary,1
15665861,733,Good,Spain,Male,41-50,3,106070.89,High Balance,1,0,1,101617.43,High Salary,0
15662203,579,Poor,Germany,Female,41-50,3,137560.38,High Balance,2,1,1,85424.34,Medium Salary,0
15616454,476,Poor,Germany,Female,31-40,8,111905.43,High Balance,1,0,1,197221.81,Very High salary,1
15702788,775,Very Good,France,Male,31-40,9,126212.64,High Balance,1,1,0,70196.57,Medium Salary,0
15778149,538,Poor,Spain,Male,60+,9,0,Zero Balance,2,1,0,110440.5,High Salary,1
15680001,602,Fair,France,Male,31-40,7,111835.94,High Balance,2,1,0,124389.61,High Salary,0
15711991,615,Fair,France,Male,21-30,8,0,Zero Balance,2,0,0,3183.15,Low Salary,0
15633834,700,Good,Germany,Female,21-30,3,99705.69,Medium Balance,2,0,0,146723.72,High Salary,0
15765266,615,Fair,France,Male,31-40,1,0,Zero Balance,2,0,0,2139.25,Low Salary,0
15791867,544,Poor,Germany,Male,41-50,2,108895.93,High Balance,1,0,0,69228.2,Medium Salary,1
15675380,573,Poor,Spain,Male,51-60,3,154669.77,Very High Balance,1,0,1,115462.27,High Salary,1
15770576,555,Poor,Spain,Male,41-50,7,128061,High Balance,2,1,1,62375.1,Medium Salary,0
15775294,692,Good,France,Female,31-40,2,0,Zero Balance,2,1,0,91829.17,Medium Salary,1
15727059,476,Poor,France,Female,31-40,4,0,Zero Balance,2,0,0,182547.04,Very High salary,0
15702499,770,Very Good,Spain,Male,41-50,9,190678.02,Very High Balance,1,1,1,14725.36,Low Salary,0
15611699,641,Fair,France,Female,31-40,7,0,Zero Balance,1,1,0,126996.67,High Salary,0
15654000,705,Good,France,Female,31-40,5,0,Zero Balance,1,1,0,133991.11,High Salary,1
15657881,784,Very Good,France,Male,31-40,5,136712.91,High Balance,1,0,1,169920.92,Very High salary,0
15719991,727,Good,Spain,Female,51-60,1,154733.97,Very High Balance,1,1,0,80259.67,Medium Salary,1
15720687,576,Poor,France,Female,41-50,4,112609.91,High Balance,1,0,0,191035.18,Very High salary,1
15687079,646,Fair,Spain,Male,60+,10,115462.44,High Balance,1,1,0,40421.87,Low Salary,0
15582276,638,Fair,France,Male,31-40,5,133501.36,High Balance,1,0,1,155643.04,Very High salary,0
15763980,632,Fair,Germany,Male,21-30,1,58668.02,Medium Balance,1,1,1,78670.52,Medium Salary,0
15720774,850,Excellent,Spain,Male,41-50,7,89118.26,Medium Balance,1,1,0,104240.77,High Salary,1
15592194,492,Poor,France,Female,21-30,9,0,Zero Balance,2,1,0,95957.09,Medium Salary,0
15803685,673,Good,Germany,Female,60+,10,76510.52,Medium Balance,2,0,1,59595.66,Medium Salary,0
15759456,609,Fair,Spain,Male,31-40,7,140694.78,High Balance,2,1,0,46266.63,Low Salary,0
15611544,701,Good,Germany,Male,31-40,7,95448.32,Medium Balance,2,1,0,189085.07,Very High salary,0
15794257,651,Fair,France,Male,31-40,4,91562.99,Medium Balance,1,1,1,123954.15,High Salary,0
15681697,508,Poor,France,Male,31-40,8,72541.48,Medium Balance,1,1,0,129803.08,High Salary,0
15579566,616,Fair,Spain,Female,41-50,3,120867.18,High Balance,1,1,0,18761.92,Low Salary,1
15577970,489,Poor,France,Male,31-40,5,0,Zero Balance,1,0,0,43540.59,Low Salary,0
15727489,567,Poor,Spain,Female,41-50,1,157320.51,Very High Balance,1,1,0,62193.92,Medium Salary,0
15764284,714,Good,Spain,Male,21-30,3,0,Zero Balance,3,1,1,129130.09,High Salary,0
15581811,678,Good,Germany,Female,21-30,1,139676.95,High Balance,2,0,1,16146,Low Salary,0
15622527,581,Fair,France,Female,51-60,6,0,Zero Balance,1,1,1,22442.13,Low Salary,0
15753362,748,Very Good,Spain,Male,51-60,3,0,Zero Balance,2,1,1,78194.37,Medium Salary,0
15666652,781,Very Good,France,Female,0-20,3,0,Zero Balance,2,1,1,124297.32,High Salary,0
15789714,691,Good,Spain,Male,21-30,3,103000.94,High Balance,1,1,1,104648.58,High Salary,0
15771543,507,Poor,Germany,Male,31-40,2,134237.07,High Balance,1,1,1,166423.66,Very High salary,1
15748327,724,Good,Germany,Male,31-40,6,118235.7,High Balance,2,0,0,157137.23,Very High salary,0
15754649,705,Good,Spain,Female,51-60,3,0,Zero Balance,2,1,1,34134.14,Low Salary,0
15810460,708,Good,Spain,Female,60+,5,0,Zero Balance,3,0,1,112520.07,High Salary,1
15771742,580,Fair,Germany,Male,31-40,9,115442.19,High Balance,2,1,0,128481.5,High Salary,1
15642160,850,Excellent,France,Male,31-40,5,0,Zero Balance,2,1,0,16491.64,Low Salary,0
15798439,714,Good,Spain,Male,21-30,2,0,Zero Balance,1,1,1,132979.43,High Salary,0
15605293,559,Poor,France,Female,41-50,1,0,Zero Balance,2,1,1,196645.87,Very High salary,0
15692631,577,Poor,Spain,Female,41-50,8,115557,High Balance,1,0,1,127506.76,High Salary,0
15665376,647,Fair,Germany,Female,31-40,3,166518.63,Very High Balance,2,1,0,147930.46,High Salary,0
15772412,554,Poor,Spain,Male,21-30,6,135370.12,High Balance,1,1,1,179689.05,Very High salary,1
15654577,549,Poor,Germany,Male,51-60,5,92877.33,Medium Balance,1,1,0,2619.64,Low Salary,1
15585427,528,Poor,France,Female,21-30,10,102073.67,High Balance,2,0,0,166799.93,Very High salary,0
15584536,720,Good,Germany,Male,41-50,3,97042.6,Medium Balance,1,1,1,133516.51,High Salary,1
15585853,743,Very Good,Spain,Male,41-50,7,0,Zero Balance,1,1,0,163736.09,Very High salary,1
15645271,615,Fair,Germany,Male,21-30,8,108528.07,High Balance,2,0,0,179488.41,Very High salary,1
15579387,635,Fair,Germany,Female,41-50,2,79064.85,Medium Balance,2,0,1,113291.75,High Salary,0
15623107,686,Good,Spain,Male,41-50,3,74274.87,Medium Balance,3,1,0,64907.48,Medium Salary,1
15754072,840,Excellent,Spain,Female,31-40,6,0,Zero Balance,2,1,0,141364.27,High Salary,0
15666163,695,Good,France,Male,41-50,1,100421.1,High Balance,1,1,1,101141.28,High Salary,0
15765192,564,Poor,France,Male,21-30,7,84006.88,Medium Balance,2,0,0,183490.99,Very High salary,0
15804822,805,Excellent,France,Female,31-40,4,0,Zero Balance,2,1,0,4798.12,Low Salary,0
15612893,558,Poor,Spain,Male,41-50,4,0,Zero Balance,1,1,0,131807.14,High Salary,0
15593636,657,Fair,France,Female,31-40,4,80293.81,Medium Balance,1,1,0,97192.76,Medium Salary,0
15693326,641,Fair,France,Female,41-50,7,125437.14,High Balance,2,0,0,164128.58,Very High salary,0
15809901,755,Very Good,France,Male,31-40,8,0,Zero Balance,2,1,0,176809.87,Very High salary,0
15759751,483,Poor,France,Male,41-50,1,0,Zero Balance,2,1,1,110059.38,High Salary,0
15605425,545,Poor,Germany,Female,41-50,2,127536.44,High Balance,1,1,0,108398.63,High Salary,0
15801934,678,Good,France,Male,60+,8,0,Zero Balance,2,1,1,47117.03,Low Salary,0
15592000,781,Very Good,Germany,Female,41-50,9,82794.18,Medium Balance,1,1,0,124720.68,High Salary,1
15618695,571,Poor,Spain,Female,21-30,3,108117.1,High Balance,1,0,1,53328.7,Medium Salary,0
15637110,634,Fair,Spain,Female,31-40,10,0,Zero Balance,1,1,0,82634.41,Medium Salary,0
15727408,523,Poor,Germany,Male,21-30,8,61688.61,Medium Balance,2,1,0,147059.16,High Salary,0
15716328,501,Poor,France,Female,31-40,2,0,Zero Balance,2,0,0,141946.92,High Salary,0
15669060,662,Fair,France,Male,60+,6,0,Zero Balance,2,1,0,123583.85,High Salary,0
15675854,573,Poor,Spain,Male,41-50,0,159304.07,Very High Balance,1,0,1,155915.24,Very High salary,1
15621116,648,Fair,Germany,Male,31-40,5,138664.24,High Balance,1,1,0,29076.27,Low Salary,0
15781495,662,Fair,France,Female,21-30,2,126362.57,High Balance,2,1,1,97382.8,Medium Salary,0
15740470,725,Good,France,Male,31-40,4,160652.45,Very High Balance,2,1,0,57643.55,Medium Salary,0
15714391,563,Poor,France,Female,31-40,2,183572.84,Very High Balance,1,1,1,66006.75,Medium Salary,1
15730137,628,Fair,France,Male,31-40,0,88421.81,Medium Balance,1,0,0,72350.47,Medium Salary,0
15596455,546,Poor,Spain,Female,41-50,2,0,Zero Balance,1,0,0,197789.83,Very High salary,1
15717290,688,Good,Germany,Male,41-50,2,112871.19,High Balance,2,0,1,65520.74,Medium Salary,0
15616555,850,Excellent,Germany,Male,41-50,8,60880.68,Medium Balance,1,1,0,31825.84,Low Salary,0
15659820,614,Fair,France,Female,31-40,5,0,Zero Balance,2,1,0,185561.89,Very High salary,0
15696301,719,Good,France,Female,31-40,9,101455.7,High Balance,1,1,0,25803.59,Low Salary,1
15771087,757,Very Good,France,Female,60+,0,88084.13,Medium Balance,2,1,1,154337.47,Very High salary,0
15808831,669,Fair,France,Male,21-30,7,0,Zero Balance,2,1,1,138145.62,High Salary,0
15812241,438,Poor,Germany,Male,51-60,7,127197.14,High Balance,1,1,0,51565.98,Medium Salary,1
15680370,492,Poor,France,Male,31-40,7,0,Zero Balance,2,0,1,71323.23,Medium Salary,0
15780561,622,Fair,France,Female,31-40,9,83456.79,Medium Balance,2,0,0,38882.34,Low Salary,0
15800784,645,Fair,France,Male,41-50,4,98298.18,Medium Balance,1,1,1,676.06,Low Salary,0
15715796,728,Good,France,Male,31-40,0,0,Zero Balance,2,1,1,72203.8,Medium Salary,0
15605375,651,Fair,France,Male,31-40,2,86911.8,Medium Balance,1,1,0,174094.24,Very High salary,0
15621520,783,Very Good,Germany,Female,41-50,2,139707.28,High Balance,1,1,0,2150.22,Low Salary,0
15665460,732,Good,Spain,Female,60+,1,0,Zero Balance,2,1,1,177783.04,Very High salary,0
15801152,553,Poor,Spain,Female,31-40,1,142876.98,High Balance,2,1,0,44363.42,Low Salary,0
15756425,660,Fair,France,Male,21-30,7,146301.31,High Balance,1,0,0,96847.91,Medium Salary,0
15674328,670,Good,France,Female,31-40,3,47364.45,Low Balance,1,1,1,148579.43,High Salary,1
15742404,718,Good,France,Male,31-40,7,0,Zero Balance,2,1,0,38308.34,Low Salary,0
15757140,787,Very Good,France,Male,51-60,0,58137.08,Medium Balance,1,0,1,142538.31,High Salary,0
15570051,775,Very Good,Germany,Female,31-40,6,179886.41,Very High Balance,2,0,0,153122.58,Very High salary,0
15669175,479,Poor,Germany,Male,21-30,6,107637.97,High Balance,2,0,1,169505.83,Very High salary,0
15790324,660,Fair,France,Female,0-20,6,167685.56,Very High Balance,1,1,0,57929.9,Medium Salary,0
15691119,721,Good,Germany,Male,60+,4,136525.99,High Balance,1,0,0,175399.14,Very High salary,0
15743478,659,Fair,Germany,Male,31-40,8,52106.33,Medium Balance,2,1,1,107964.36,High Salary,0
15707007,743,Very Good,France,Female,31-40,8,0,Zero Balance,1,1,0,94263.44,Medium Salary,0
15572547,670,Good,France,Female,41-50,9,104930.38,High Balance,1,1,0,155921.81,Very High salary,1
15567063,766,Very Good,Germany,Female,31-40,6,106434.94,High Balance,1,0,1,137995.66,High Salary,1
15689633,845,Excellent,Spain,Female,31-40,2,112803.92,High Balance,1,1,0,179631.85,Very High salary,0
15720637,710,Good,Germany,Female,41-50,10,120530.34,High Balance,1,1,0,166586.99,Very High salary,1
15616859,602,Fair,Germany,Female,41-50,2,113641.49,High Balance,4,1,0,115116.35,High Salary,1
15766166,604,Fair,Spain,Male,41-50,2,145081.72,High Balance,1,1,1,23881.62,Low Salary,0
15617655,564,Poor,Spain,Female,31-40,9,0,Zero Balance,2,1,1,105837.38,High Salary,0
15623450,637,Fair,Germany,Female,21-30,7,135842.89,High Balance,1,1,1,101418.05,High Salary,0
15796612,527,Poor,France,Female,31-40,1,112203.25,High Balance,1,1,0,182266.01,Very High salary,0
15795963,687,Good,France,Male,31-40,7,129895.19,High Balance,1,0,1,28698.17,Low Salary,0
15781598,756,Very Good,Germany,Male,41-50,6,149049.92,High Balance,1,0,1,50422.36,Medium Salary,1
15691871,503,Poor,Germany,Male,41-50,9,153279.39,Very High Balance,1,1,1,151336.96,Very High salary,0
15740345,657,Fair,Spain,Male,41-50,5,41473.33,Low Balance,1,1,0,112979.6,High Salary,1
15662626,666,Fair,France,Female,31-40,2,0,Zero Balance,2,0,0,36371.27,Low Salary,0
15596575,615,Fair,Germany,Male,31-40,5,113193.51,High Balance,2,1,1,52166.25,Medium Salary,0
15657321,712,Good,Germany,Male,21-30,8,113174.21,High Balance,2,1,0,147261.58,High Salary,0
15575955,764,Very Good,France,Female,21-30,0,0,Zero Balance,2,1,0,88724.49,Medium Salary,0
15743893,471,Poor,France,Male,41-50,3,164951.56,Very High Balance,1,1,0,190531.77,Very High salary,0
15697270,608,Fair,Spain,Male,21-30,4,153325.1,Very High Balance,1,1,1,199953.33,Very High salary,0
15644356,682,Good,Spain,Female,41-50,10,134032.01,High Balance,1,1,0,144290.97,High Salary,0
15677586,587,Fair,Germany,Female,31-40,3,125445.04,High Balance,2,1,1,130514.78,High Salary,0
15571261,714,Good,Germany,Female,31-40,6,126077.43,High Balance,2,1,1,53954.24,Medium Salary,0
15698758,630,Fair,Spain,Female,31-40,1,0,Zero Balance,2,1,1,169802.73,Very High salary,0
15787014,648,Fair,Germany,Female,21-30,8,90371.09,Medium Balance,1,1,1,146851.73,High Salary,0
15739857,785,Very Good,France,Female,31-40,3,0,Zero Balance,2,1,1,96832.82,Medium Salary,0
15774630,601,Fair,Germany,Female,41-50,1,142802.02,High Balance,1,1,1,57553.02,Medium Salary,0
15805523,717,Good,France,Female,21-30,1,90537.16,Medium Balance,1,0,1,74800.99,Medium Salary,0
15749557,707,Good,France,Female,41-50,6,0,Zero Balance,2,1,1,192542.17,Very High salary,0
15681180,771,Very Good,France,Female,21-30,7,156123.73,Very High Balance,1,1,0,72990.62,Medium Salary,0
15742028,602,Fair,France,Female,31-40,5,0,Zero Balance,2,1,0,31050.02,Low Salary,0
15686463,626,Fair,France,Male,31-40,7,141074.59,High Balance,1,1,0,52795.56,Medium Salary,1
15654379,588,Fair,Spain,Male,51-60,4,0,Zero Balance,2,1,1,27435.41,Low Salary,0
15783629,616,Fair,Germany,Female,41-50,6,117899.95,High Balance,2,0,0,150266.81,Very High salary,0
15751193,621,Fair,Spain,Male,31-40,4,0,Zero Balance,2,1,1,40299.23,Low Salary,0
15724099,674,Good,France,Male,21-30,6,166257.96,Very High Balance,1,1,1,149369.41,High Salary,0
15568429,633,Fair,Spain,Female,41-50,3,0,Zero Balance,2,1,0,120250.58,High Salary,0
15648967,698,Good,Germany,Female,60+,1,169362.43,Very High Balance,1,1,0,84760.32,Medium Salary,1
15664498,508,Poor,France,Male,21-30,7,205962,Very High Balance,1,1,0,156424.4,Very High salary,0
15779522,736,Good,France,Female,21-30,0,0,Zero Balance,2,1,0,109355.73,High Salary,1
15583850,672,Good,Germany,Male,60+,0,126061.51,High Balance,2,1,1,184936.77,Very High salary,0
15696539,613,Fair,France,Female,21-30,7,105627.95,High Balance,1,1,1,36560.51,Low Salary,0
15760121,712,Good,France,Male,31-40,9,100606.02,High Balance,1,1,0,165693.06,Very High salary,0
15628279,624,Fair,France,Female,31-40,3,0,Zero Balance,2,1,1,163666.85,Very High salary,0
15766163,676,Good,France,Male,31-40,1,0,Zero Balance,2,0,1,35644.79,Low Salary,0
15566467,683,Good,Germany,Female,31-40,0,138171.1,High Balance,2,1,1,188203.58,Very High salary,0
15639049,489,Poor,France,Female,31-40,7,139395.08,High Balance,1,0,1,6120.84,Low Salary,0
15736413,739,Good,France,Male,21-30,1,0,Zero Balance,2,1,1,164484.78,Very High salary,0
15634815,701,Good,France,Female,31-40,3,0,Zero Balance,2,1,1,164268.28,Very High salary,0
15716381,666,Fair,Germany,Female,41-50,7,109062.28,High Balance,1,1,1,140136.1,High Salary,1
15708162,565,Poor,Germany,Female,31-40,1,89994.71,Medium Balance,2,0,1,121084.27,High Salary,0
15569364,666,Fair,France,Male,31-40,3,0,Zero Balance,2,1,0,35156.54,Low Salary,0
15791191,633,Fair,France,Male,51-60,2,103996.74,High Balance,1,1,1,103159.11,High Salary,0
15621205,578,Poor,France,Male,31-40,4,175111.11,Very High Balance,1,1,1,74858.3,Medium Salary,0
15704788,812,Excellent,Spain,Female,41-50,8,66079.45,Medium Balance,2,0,0,91556.57,Medium Salary,1
15775756,809,Excellent,Germany,Male,31-40,8,148055.74,High Balance,1,0,0,199203.21,Very High salary,0
15641312,615,Fair,France,Male,31-40,6,0,Zero Balance,1,1,1,27011.8,Low Salary,1
15782531,684,Good,Spain,Female,31-40,8,0,Zero Balance,2,1,0,188637.05,Very High salary,0
15724428,544,Poor,France,Male,31-40,8,0,Zero Balance,2,1,0,61581.2,Medium Salary,0
15743617,713,Good,Germany,Male,41-50,1,95994.98,Medium Balance,1,1,0,197529.23,Very High salary,0
15585839,633,Fair,France,Male,31-40,2,0,Zero Balance,2,1,0,182258.17,Very High salary,0
15658158,672,Good,Germany,Female,21-30,10,110741.56,High Balance,1,1,0,80778.5,Medium Salary,0
15637678,661,Fair,France,Male,31-40,5,0,Zero Balance,1,1,0,155394.52,Very High salary,0
15701809,749,Very Good,Spain,Female,21-30,3,0,Zero Balance,1,1,0,3408.7,Low Salary,0
15676937,635,Fair,Spain,Female,31-40,8,0,Zero Balance,2,1,1,19367.98,Low Salary,1
15778975,850,Excellent,Germany,Female,60+,1,96947.58,Medium Balance,3,1,0,62282.99,Medium Salary,1
15710375,641,Fair,France,Male,41-50,6,0,Zero Balance,2,1,0,65396.79,Medium Salary,0
15579914,633,Fair,Germany,Male,21-30,2,109786.82,High Balance,2,1,1,139712.81,High Salary,0
15595160,413,Poor,Spain,Male,31-40,2,0,Zero Balance,2,1,1,60972.84,Medium Salary,0
15595391,538,Poor,France,Male,31-40,1,0,Zero Balance,2,1,0,1375.46,Low Salary,0
15630363,437,Poor,France,Female,31-40,0,102721.49,High Balance,1,0,0,22191.82,Low Salary,0
15692443,612,Fair,Spain,Male,31-40,5,69478.57,Medium Balance,1,1,0,8973.67,Low Salary,1
15593795,516,Poor,Germany,Female,51-60,1,156674.2,Very High Balance,1,1,0,118502.34,High Salary,1
15642824,826,Excellent,Spain,Female,51-60,8,174506.1,Very High Balance,2,0,1,161802.82,Very High salary,1
15683524,660,Fair,Germany,Female,21-30,6,166070.48,Very High Balance,2,0,0,90494.72,Medium Salary,0
15713532,646,Fair,Germany,Female,21-30,4,105957.44,High Balance,1,1,0,15470.91,Low Salary,0
15719827,767,Very Good,France,Male,31-40,3,0,Zero Balance,1,0,0,65147.27,Medium Salary,0
15578435,640,Fair,France,Male,31-40,8,110340.68,High Balance,1,1,1,157886.6,Very High salary,0
15723028,778,Very Good,France,Male,31-40,1,0,Zero Balance,2,1,0,85439.73,Medium Salary,0
15595609,679,Good,Germany,Male,51-60,9,135870.01,High Balance,2,0,0,54038.62,Medium Salary,0
15622443,549,Poor,France,Male,31-40,4,0,Zero Balance,2,0,1,25684.85,Low Salary,0
15579112,598,Fair,France,Male,41-50,2,0,Zero Balance,2,1,1,186116.54,Very High salary,0
15648479,655,Fair,France,Female,41-50,0,0,Zero Balance,2,1,0,166830.71,Very High salary,0
15659234,494,Poor,France,Male,21-30,3,85704.95,Medium Balance,1,0,1,27886.06,Low Salary,0
15811970,653,Fair,France,Female,41-50,1,0,Zero Balance,2,1,1,5768.32,Low Salary,0
15774192,539,Poor,Germany,Female,31-40,8,105435.74,High Balance,1,0,0,80575.44,Medium Salary,1
15595136,645,Fair,France,Female,31-40,1,0,Zero Balance,2,1,1,68987.55,Medium Salary,0
15630580,751,Very Good,Germany,Male,31-40,9,108513.25,High Balance,2,1,1,27097.82,Low Salary,0
15660646,528,Poor,France,Male,31-40,3,156687.1,Very High Balance,1,1,0,199320.77,Very High salary,0
15614365,696,Good,Germany,Male,31-40,3,150604.52,Very High Balance,1,0,0,5566.6,Low Salary,0
15776128,716,Good,France,Female,41-50,6,155114.9,Very High Balance,1,0,0,133871.83,High Salary,0
15787035,602,Fair,France,Female,31-40,8,0,Zero Balance,2,1,1,152843.53,Very High salary,0
15792646,647,Fair,Spain,Female,60+,1,91216,Medium Balance,1,1,1,41800.18,Low Salary,0
15726832,850,Excellent,Germany,Male,60+,3,141784.02,High Balance,1,1,1,92053.75,Medium Salary,0
15773260,590,Fair,France,Female,31-40,0,127763.24,High Balance,1,1,0,100717.54,High Salary,0
15624437,825,Excellent,Spain,Female,31-40,1,0,Zero Balance,2,1,1,42935.15,Low Salary,0
15717138,850,Excellent,Spain,Male,31-40,6,82613.56,Medium Balance,2,1,0,149170.92,High Salary,0
15657317,789,Very Good,France,Female,31-40,7,69423.52,Medium Balance,1,1,0,107499.39,High Salary,0
15626948,701,Good,France,Female,41-50,6,86167.82,Medium Balance,1,1,0,153342.38,Very High salary,0
15758901,713,Good,Spain,Female,41-50,1,0,Zero Balance,1,1,0,107825.08,High Salary,1
15777759,570,Poor,France,Male,21-30,2,131406.56,High Balance,1,1,1,47952.45,Low Salary,0
15773322,536,Poor,Germany,Female,41-50,4,121898.82,High Balance,1,0,0,131007.18,High Salary,0
15697318,771,Very Good,Germany,Male,31-40,9,77487.2,Medium Balance,1,0,0,33143.04,Low Salary,0
15678916,512,Poor,France,Female,60+,2,0,Zero Balance,1,1,0,123304.62,High Salary,0
15632118,698,Good,Spain,Male,41-50,5,164450.94,Very High Balance,1,1,0,141970.02,High Salary,1
15788118,656,Fair,France,Male,31-40,7,138705.02,High Balance,2,1,0,37136.15,Low Salary,0
15788930,761,Very Good,Spain,Male,31-40,7,132730.17,High Balance,1,1,0,199293.01,Very High salary,0
15628583,709,Good,France,Female,21-30,5,0,Zero Balance,2,0,1,161388.22,Very High salary,0
15635177,597,Fair,Spain,Female,60+,3,0,Zero Balance,1,1,1,70532.53,Medium Salary,0
15587690,592,Fair,France,Male,21-30,2,116498.22,High Balance,1,1,0,144290.25,High Salary,0
15627630,599,Fair,France,Female,41-50,1,0,Zero Balance,2,1,0,96069.82,Medium Salary,0
15610930,572,Poor,Germany,Female,31-40,1,139979.07,High Balance,1,1,0,185662.84,Very High salary,0
15657747,611,Fair,Germany,Female,41-50,9,127216.31,High Balance,2,0,1,17913.25,Low Salary,0
15568006,634,Fair,France,Female,41-50,2,0,Zero Balance,4,1,0,101039.53,High Salary,1
15751748,666,Fair,France,Male,51-60,2,148222.65,High Balance,1,0,0,156953.54,Very High salary,1
15722212,696,Good,France,Female,41-50,8,0,Zero Balance,2,0,0,28276.83,Low Salary,0
15658670,669,Fair,France,Female,31-40,8,0,Zero Balance,2,1,0,84049.16,Medium Salary,0
15761654,726,Good,Spain,Male,21-30,8,134152.29,High Balance,1,1,1,147822.44,High Salary,0
15812210,497,Poor,Germany,Female,31-40,8,111537.23,High Balance,4,1,1,9497.99,Low Salary,1
15787051,750,Very Good,Spain,Female,31-40,7,119565.92,High Balance,1,1,0,87067.73,Medium Salary,0
15642991,850,Excellent,Spain,Female,21-30,7,0,Zero Balance,2,1,0,23237.25,Low Salary,0
15713769,617,Fair,Spain,Male,31-40,7,0,Zero Balance,1,1,1,27239.28,Low Salary,0
15605826,652,Fair,Germany,Male,41-50,10,121063.8,High Balance,3,1,0,151481.86,Very High salary,1
15648898,560,Poor,Spain,Female,21-30,7,124995.98,High Balance,1,1,1,114669.79,High Salary,0
15705309,629,Fair,Spain,Male,31-40,5,0,Zero Balance,2,0,0,116748.14,High Salary,0
15734202,660,Fair,Germany,Female,51-60,4,86891.84,Medium Balance,1,1,0,90877.76,Medium Salary,0
15658852,676,Good,France,Male,31-40,8,0,Zero Balance,2,1,1,133692.88,High Salary,0
15612633,581,Fair,Spain,Male,41-50,9,78022.61,Medium Balance,1,0,1,30662.91,Low Salary,0
15604818,798,Very Good,France,Male,31-40,9,154495.79,Very High Balance,1,1,0,191395.88,Very High salary,0
15593900,705,Good,France,Male,31-40,1,189443.72,Very High Balance,1,0,1,106648.58,High Salary,0
15624995,714,Good,Spain,Female,31-40,6,152926.6,Very High Balance,1,1,1,50899.91,Medium Salary,0
15570087,664,Fair,France,Female,41-50,8,142989.69,High Balance,1,1,1,115452.51,High Salary,1
15802617,697,Good,Germany,Male,41-50,7,115371.94,High Balance,2,1,0,64139.1,Medium Salary,0
15656029,609,Fair,France,Male,31-40,6,0,Zero Balance,2,0,1,22030.72,Low Salary,0
15739194,548,Poor,Spain,Male,31-40,0,178056.54,Very High Balance,2,1,0,38434.73,Low Salary,0
15607275,850,Excellent,Spain,Male,31-40,6,206014.94,Very High Balance,2,0,1,42774.84,Low Salary,1
15629475,656,Fair,France,Male,41-50,2,0,Zero Balance,2,1,0,158973.77,Very High salary,0
15635034,727,Good,Germany,Male,31-40,9,101191.83,High Balance,1,1,1,34551.35,Low Salary,1
15756333,642,Fair,France,Female,51-60,7,0,Zero Balance,2,1,1,101515.76,High Salary,0
15777436,710,Good,Spain,Female,31-40,5,0,Zero Balance,2,1,0,9561.73,Low Salary,0
15676835,710,Good,Spain,Male,31-40,1,0,Zero Balance,2,1,0,168313.17,Very High salary,0
15574206,718,Good,France,Female,31-40,7,0,Zero Balance,2,1,1,55100.09,Medium Salary,0
15613017,586,Fair,Germany,Male,31-40,1,149814.54,High Balance,1,1,0,31830.06,Low Salary,0
15815131,617,Fair,Spain,Female,31-40,7,115617.24,High Balance,1,1,1,71519.4,Medium Salary,0
15585455,630,Fair,France,Male,21-30,9,0,Zero Balance,2,0,0,32599.35,Low Salary,0
15692929,791,Very Good,Germany,Female,41-50,10,113657.41,High Balance,2,0,1,139946.68,High Salary,1
15758081,673,Good,Spain,Male,31-40,8,138160,High Balance,1,1,1,110468.51,High Salary,0
15667476,477,Poor,Germany,Female,31-40,3,117700.86,High Balance,1,0,0,74042,Medium Salary,0
15738248,662,Fair,France,Female,31-40,5,0,Zero Balance,2,1,0,151871.84,Very High salary,0
15672152,850,Excellent,Germany,Male,31-40,9,122506.38,High Balance,1,0,1,199693.84,Very High salary,1
15673372,635,Fair,France,Female,51-60,1,0,Zero Balance,1,1,1,58907.08,Medium Salary,1
15587611,537,Poor,France,Male,51-60,9,0,Zero Balance,2,0,0,103799.77,High Salary,1
15803415,579,Poor,France,Female,31-40,3,166501.17,Very High Balance,2,1,0,93835.64,Medium Salary,0
15715673,651,Fair,Spain,Female,41-50,4,89743.05,Medium Balance,1,1,0,156425.57,Very High salary,1
15655648,610,Fair,France,Female,21-30,2,0,Zero Balance,2,1,0,123723.83,High Salary,0
15763613,581,Fair,France,Male,21-30,1,0,Zero Balance,2,1,0,199464.08,Very High salary,0
15660385,592,Fair,France,Male,31-40,7,0,Zero Balance,2,1,0,83084.33,Medium Salary,0
15733261,688,Good,Spain,Female,31-40,6,0,Zero Balance,1,1,0,25488.43,Low Salary,1
15796231,681,Good,France,Female,0-20,1,98894.39,Medium Balance,1,1,1,9596.4,Low Salary,0
15624866,658,Fair,Germany,Male,31-40,3,168735.74,Very High Balance,2,0,0,70370.24,Medium Salary,0
15623730,792,Very Good,France,Male,31-40,1,0,Zero Balance,1,0,1,86330.32,Medium Salary,0
15668248,528,Poor,Germany,Female,60+,7,133201.17,High Balance,1,0,0,168507.68,Very High salary,1
15694518,624,Fair,Spain,Female,31-40,0,0,Zero Balance,2,1,0,111605.9,High Salary,0
15638028,562,Poor,Germany,Male,31-40,4,127237.25,High Balance,2,0,1,143317.42,High Salary,0
15795895,678,Good,Germany,Male,31-40,1,117864.85,High Balance,2,1,0,27619.06,Low Salary,0
15694376,705,Good,Germany,Female,60+,3,153469.26,Very High Balance,3,0,0,146573.66,High Salary,1
15669204,650,Fair,Germany,Male,21-30,4,93911.3,Medium Balance,2,1,0,69055.45,Medium Salary,0
15773779,593,Fair,Spain,Female,41-50,2,76597.79,Medium Balance,1,1,1,54453.72,Medium Salary,0
15580682,652,Fair,France,Female,31-40,4,79927.36,Medium Balance,2,1,1,33524.6,Low Salary,0
15768530,554,Poor,Spain,Female,21-30,4,0,Zero Balance,2,1,1,135083.73,High Salary,0
15672875,584,Fair,Germany,Male,31-40,8,40172.91,Low Balance,1,1,1,137439.34,High Salary,0
15617082,516,Poor,France,Male,31-40,7,115195.58,High Balance,1,1,1,11205.5,Low Salary,0
15760514,789,Very Good,Germany,Female,41-50,9,116644.29,High Balance,2,1,1,60176.1,Medium Salary,0
15761775,598,Fair,Germany,Male,0-20,8,180293.84,Very High Balance,2,1,1,29552.7,Low Salary,0
15799964,669,Fair,Germany,Female,21-30,7,139872.81,High Balance,1,1,0,188795.85,Very High salary,0
15693906,645,Fair,France,Female,21-30,3,34547.82,Low Balance,1,1,1,11638.17,Low Salary,0
15739514,659,Fair,France,Female,31-40,9,0,Zero Balance,2,1,1,93155.75,Medium Salary,0
15756926,833,Excellent,Germany,Male,21-30,1,96462.25,Medium Balance,2,0,1,48986.18,Low Salary,0
15770984,697,Good,Spain,Female,31-40,7,130334.35,High Balance,2,0,1,116951.1,High Salary,0
15703979,580,Fair,Germany,Male,31-40,3,119688.81,High Balance,1,1,0,137041.26,High Salary,0
15801821,691,Good,France,Male,31-40,1,0,Zero Balance,2,0,0,44653.5,Low Salary,0
15711028,534,Poor,France,Male,51-60,1,0,Zero Balance,3,1,1,104035.41,High Salary,1
15791842,478,Poor,France,Female,31-40,6,71187.24,Medium Balance,1,1,1,110593.62,High Salary,0
15746127,572,Poor,France,Female,41-50,2,0,Zero Balance,2,1,0,36099.7,Low Salary,0
15663625,501,Poor,France,Male,31-40,4,0,Zero Balance,2,0,0,12470.3,Low Salary,0
15604891,624,Fair,Spain,Female,31-40,8,0,Zero Balance,2,1,0,95403.41,Medium Salary,0
15589666,595,Fair,France,Female,31-40,9,136422.41,High Balance,1,1,1,151757.81,Very High salary,0
15627881,603,Fair,France,Male,21-30,8,0,Zero Balance,2,1,1,47536.46,Low Salary,0
15664895,602,Fair,France,Female,21-30,0,0,Zero Balance,2,1,1,101274.17,High Salary,0
15676094,500,Poor,France,Female,31-40,6,0,Zero Balance,1,1,1,140268.45,High Salary,0
15761720,422,Poor,France,Male,41-50,6,153238.88,Very High Balance,1,1,0,11663.09,Low Salary,0
15611961,615,Fair,France,Male,31-40,7,0,Zero Balance,2,1,0,150784.29,Very High salary,0
15680167,635,Fair,France,Female,60+,6,47536.4,Low Balance,1,1,1,119400.08,High Salary,0
15762543,711,Good,France,Female,31-40,1,0,Zero Balance,2,1,0,126188.42,High Salary,0
15658475,834,Excellent,France,Male,31-40,8,142882.49,High Balance,1,1,0,89983.02,Medium Salary,1
15779743,633,Fair,France,Female,41-50,7,0,Zero Balance,2,1,0,29761.29,Low Salary,0
15661532,650,Fair,France,Female,31-40,1,160566.11,Very High Balance,2,0,0,27073.81,Low Salary,0
15782360,743,Very Good,Germany,Male,60+,2,131935.51,High Balance,1,1,1,96399.67,Medium Salary,1
15767908,567,Poor,France,Male,31-40,6,127678.8,High Balance,2,0,0,45422.89,Low Salary,0
15677105,706,Good,Germany,Female,41-50,4,105214.58,High Balance,1,1,0,108699.59,High Salary,1
15641474,638,Fair,France,Male,41-50,9,139859.54,High Balance,1,1,0,38967.29,Low Salary,0
15624451,641,Fair,France,Female,31-40,3,0,Zero Balance,2,1,0,116466.19,High Salary,0
15577985,574,Poor,France,Female,31-40,5,112324.45,High Balance,2,1,1,17993.43,Low Salary,0
15571666,642,Fair,Germany,Male,21-30,8,134497.27,High Balance,1,0,0,43250.54,Low Salary,0
15783691,722,Good,Spain,Female,31-40,1,120171.58,High Balance,1,1,0,125240.8,High Salary,0
15671172,623,Fair,France,Male,21-30,1,106012.2,High Balance,2,0,1,191415.94,Very High salary,0
15731760,681,Good,France,Male,21-30,5,0,Zero Balance,1,0,1,90860.97,Medium Salary,0
15585599,530,Poor,France,Female,31-40,8,0,Zero Balance,2,0,1,141872.52,High Salary,0
15784958,797,Very Good,France,Female,51-60,10,0,Zero Balance,4,1,1,49418.87,Low Salary,1
15734524,653,Fair,France,Male,51-60,3,0,Zero Balance,1,1,0,170426.65,Very High salary,1
15614103,850,Excellent,Germany,Male,41-50,8,119839.69,High Balance,1,0,1,51016.02,Medium Salary,1
15794895,581,Fair,Spain,Male,31-40,1,0,Zero Balance,2,0,1,81175.25,Medium Salary,0
15772381,589,Fair,Germany,Male,31-40,8,92219.21,Medium Balance,1,1,0,99106.97,Medium Salary,0
15710553,555,Poor,Germany,Male,41-50,3,142055.41,High Balance,2,0,1,79134.78,Medium Salary,0
15649292,748,Very Good,France,Female,41-50,7,29602.08,Low Balance,1,0,0,163550.58,Very High salary,1
15792565,745,Very Good,France,Female,41-50,7,0,Zero Balance,2,1,1,67769.94,Medium Salary,0
15718245,730,Good,France,Male,31-40,1,0,Zero Balance,2,1,1,126592.01,High Salary,0
15703117,565,Poor,France,Female,41-50,1,0,Zero Balance,2,0,1,89602.81,Medium Salary,0
15758136,778,Very Good,France,Male,31-40,3,141803.77,High Balance,1,0,1,179421.84,Very High salary,0
15799932,812,Excellent,France,Male,21-30,10,0,Zero Balance,2,1,1,156906.15,Very High salary,0
15633516,526,Poor,France,Male,41-50,1,0,Zero Balance,1,0,1,168486.02,Very High salary,0
15622532,708,Good,France,Female,41-50,0,126589.12,High Balance,2,0,1,132730.07,High Salary,1
15798960,680,Good,France,Male,31-40,2,108393.35,High Balance,1,0,1,39057.67,Low Salary,0
15698664,567,Poor,Spain,Male,41-50,2,115643.58,High Balance,2,0,0,174606.35,Very High salary,0
15703614,564,Poor,Spain,Male,41-50,5,132876.23,High Balance,1,1,0,79259.77,Medium Salary,0
15699195,709,Good,France,Female,21-30,3,110949.41,High Balance,1,1,1,168515.61,Very High salary,0
15710543,629,Fair,France,Male,41-50,1,130666.2,High Balance,1,1,1,161125.67,Very High salary,1
15695499,510,Poor,France,Female,41-50,10,103821.47,High Balance,2,0,1,77878.62,Medium Salary,0
15622321,506,Poor,France,Female,31-40,3,0,Zero Balance,1,1,1,80823.02,Medium Salary,0
15715744,605,Fair,France,Male,31-40,7,0,Zero Balance,1,0,1,119348.28,High Salary,0
15788151,650,Fair,Spain,Male,31-40,1,132187.73,High Balance,2,1,1,178331.36,Very High salary,0
15687153,850,Excellent,Germany,Male,41-50,8,98649.55,Medium Balance,1,1,0,119174.88,High Salary,1
15684958,489,Poor,Germany,Male,31-40,2,126444.08,High Balance,2,1,1,82662.73,Medium Salary,0
15706116,659,Fair,Germany,Female,21-30,8,154159.51,Very High Balance,1,1,0,40441.1,Low Salary,0
15740557,753,Very Good,France,Female,41-50,5,0,Zero Balance,2,1,0,109881.71,High Salary,0
15707291,477,Poor,Germany,Male,41-50,8,129250,High Balance,2,1,1,157937.35,Very High salary,0
15583353,610,Fair,Spain,Female,41-50,3,0,Zero Balance,1,1,0,38276.84,Low Salary,1
15761024,619,Fair,France,Female,31-40,2,167733.51,Very High Balance,2,1,1,65222.48,Medium Salary,0
15630709,619,Fair,Germany,Female,31-40,2,56116.3,Medium Balance,2,0,0,2181.94,Low Salary,0
15639590,758,Very Good,France,Female,21-30,3,141581.08,High Balance,1,1,0,156249.06,Very High salary,0
15659399,516,Poor,Germany,Male,41-50,7,139675.07,High Balance,2,1,0,45591.23,Low Salary,0
15567078,789,Very Good,France,Female,21-30,8,66201.96,Medium Balance,1,1,1,79458.12,Medium Salary,0
15696373,687,Good,France,Female,41-50,9,0,Zero Balance,2,0,0,103042.2,High Salary,1
15786617,485,Poor,Germany,Male,31-40,3,133658.24,High Balance,1,1,0,70209.83,Medium Salary,0
15657449,446,Poor,Germany,Male,21-30,3,136202.78,High Balance,1,1,0,176743.51,Very High salary,0
15672594,597,Fair,France,Female,51-60,0,131778.08,High Balance,1,0,0,10703.53,Low Salary,1
15714240,712,Good,Spain,Male,60+,5,0,Zero Balance,2,0,0,151425.82,Very High salary,0
15782144,522,Poor,France,Female,31-40,3,0,Zero Balance,2,1,1,3894.34,Low Salary,0
15665008,805,Excellent,Germany,Female,21-30,8,42712.87,Low Balance,2,1,1,28861.69,Low Salary,0
15581733,781,Very Good,France,Female,21-30,4,0,Zero Balance,2,1,0,177703.15,Very High salary,0
15751392,689,Good,Spain,Female,51-60,4,0,Zero Balance,2,1,0,136649.8,High Salary,1
15785815,670,Good,Germany,Male,31-40,1,142631.54,High Balance,2,1,1,175894.24,Very High salary,0
15664214,670,Good,France,Male,31-40,2,141204.65,High Balance,2,1,0,76257.46,Medium Salary,0
15579996,524,Poor,Germany,Female,21-30,7,131402.21,High Balance,1,0,0,193668.49,Very High salary,0
15675252,734,Good,Spain,Female,31-40,3,92636.96,Medium Balance,2,1,1,125671.29,High Salary,0
15579617,489,Poor,France,Female,51-60,3,0,Zero Balance,2,0,1,174098.28,Very High salary,1
15593976,578,Poor,Germany,Female,31-40,5,102088.68,High Balance,4,0,0,187866.21,Very High salary,1
15716041,622,Fair,Spain,Male,31-40,9,0,Zero Balance,2,0,1,100862.36,High Salary,0
15654489,843,Excellent,France,Female,31-40,8,134887.53,High Balance,1,1,1,10804.04,Low Salary,0
15736302,687,Good,France,Male,41-50,4,0,Zero Balance,2,1,1,170893.85,Very High salary,0
15805909,700,Good,Spain,Male,21-30,8,159900.38,Very High Balance,1,0,0,22698.56,Low Salary,0
15572762,410,Poor,Germany,Female,41-50,2,102278.79,High Balance,2,1,0,89822.48,Medium Salary,0
15724632,537,Poor,France,Female,41-50,0,0,Zero Balance,2,0,1,175262.49,Very High salary,0
15670416,780,Very Good,France,Female,41-50,0,0,Zero Balance,1,0,1,15705.27,Low Salary,0
15749528,652,Fair,Spain,Male,51-60,6,0,Zero Balance,2,0,1,170025.43,Very High salary,0
15578783,620,Fair,Germany,Male,31-40,0,76989.97,Medium Balance,1,1,1,17242.79,Low Salary,0
15580719,697,Good,France,Female,21-30,10,0,Zero Balance,2,1,1,79734.23,Medium Salary,0
15656293,786,Very Good,France,Male,31-40,3,0,Zero Balance,2,1,0,92712.97,Medium Salary,0
15691875,850,Excellent,Germany,Female,31-40,5,114491.82,High Balance,1,1,0,99689.48,Medium Salary,0
15596870,749,Very Good,Germany,Male,51-60,3,144768.94,High Balance,1,1,0,93336.3,Medium Salary,1
15780770,445,Poor,France,Male,31-40,7,145056.59,High Balance,1,1,1,175893.53,Very High salary,0
15751491,443,Poor,Germany,Male,41-50,3,117206.3,High Balance,1,1,0,42840.18,Low Salary,1
15706200,637,Fair,Germany,Male,41-50,2,138014.4,High Balance,2,1,0,140298.24,High Salary,0
15808674,616,Fair,Germany,Female,41-50,6,128352.59,High Balance,3,1,1,144000.59,High Salary,1
15641411,756,Very Good,France,Female,21-30,1,112568.31,High Balance,1,1,1,113408.11,High Salary,0
15764661,644,Fair,France,Male,31-40,2,0,Zero Balance,1,1,0,96420.58,Medium Salary,0
15689492,850,Excellent,Germany,Male,41-50,1,176958.46,Very High Balance,2,0,1,125806.3,High Salary,0
15602405,703,Good,Germany,Female,31-40,9,99167.54,Medium Balance,1,1,0,65720.92,Medium Salary,0
15610271,684,Good,Spain,Female,41-50,3,103210.27,High Balance,1,1,0,31002.03,Low Salary,0
15791780,706,Good,Germany,Female,41-50,10,104478.12,High Balance,3,0,1,158248.71,Very High salary,1
15589147,580,Fair,Spain,Male,60+,8,125921.37,High Balance,1,1,1,94677.83,Medium Salary,0
15756975,777,Very Good,Spain,Female,31-40,3,0,Zero Balance,2,1,1,17257.72,Low Salary,0
15729582,676,Good,Germany,Male,41-50,3,80697.44,Medium Balance,1,0,0,101397.86,High Salary,0
15742971,708,Good,France,Female,41-50,2,161887.81,Very High Balance,2,1,0,84870.23,Medium Salary,0
15568046,809,Excellent,France,Male,21-30,7,109558.36,High Balance,1,1,0,183515.13,Very High salary,0
15694890,588,Fair,France,Male,31-40,1,124271.26,High Balance,1,1,0,75969.19,Medium Salary,0
15736963,623,Fair,France,Male,41-50,1,0,Zero Balance,2,1,1,146379.3,High Salary,0
15646490,537,Poor,Spain,Male,41-50,1,190569.23,Very High Balance,1,0,1,127154.8,High Salary,0
15607314,536,Poor,Spain,Male,51-60,2,143923.96,High Balance,1,1,0,2019.78,Low Salary,1
15576745,769,Very Good,France,Male,41-50,2,96542.16,Medium Balance,2,0,1,197885.72,Very High salary,0
15669606,690,Good,France,Male,31-40,5,0,Zero Balance,2,1,0,138017.68,High Salary,0
15737832,771,Very Good,Spain,Male,41-50,0,139825.56,High Balance,1,0,0,170984.97,Very High salary,1
15681990,497,Poor,Germany,Male,21-30,6,111769.14,High Balance,2,1,0,55859.27,Medium Salary,0
15758050,622,Fair,Spain,Male,31-40,4,0,Zero Balance,2,1,0,4459.5,Low Salary,0
15787848,602,Fair,Spain,Male,21-30,9,113672.18,High Balance,2,0,0,102135.92,High Salary,0
15713594,543,Poor,France,Female,31-40,7,147256.86,High Balance,1,1,0,112771.95,High Salary,0
15588186,520,Poor,Spain,Male,41-50,7,107023.03,High Balance,1,1,0,32903.93,Low Salary,0
15786739,669,Fair,France,Male,31-40,1,125529.55,High Balance,1,1,1,162260.93,Very High salary,0
15699467,631,Fair,Spain,Female,41-50,0,0,Zero Balance,1,0,0,87959.83,Medium Salary,0
15680706,537,Poor,Germany,Male,41-50,4,131834.8,High Balance,1,1,0,166476.95,Very High salary,1
15645717,732,Good,France,Male,60+,2,0,Zero Balance,2,1,1,25438.87,Low Salary,0
15748597,844,Excellent,Spain,Male,51-60,5,99529.7,Medium Balance,1,0,1,157230.06,Very High salary,1
15773709,838,Excellent,Spain,Male,31-40,0,0,Zero Balance,2,0,1,197305.91,Very High salary,0
15629787,652,Fair,France,Male,21-30,10,107303.72,High Balance,2,0,0,44435.76,Low Salary,0
15661007,660,Fair,France,Male,31-40,0,72783.42,Medium Balance,1,0,0,181051.99,Very High salary,0
15686812,692,Good,Spain,Female,41-50,8,0,Zero Balance,1,0,1,159069.37,Very High salary,0
15754113,588,Fair,France,Female,31-40,0,0,Zero Balance,2,1,1,155485.24,Very High salary,0
15749489,533,Poor,Germany,Female,21-30,10,115743.6,High Balance,1,0,0,43852.05,Low Salary,0
15574352,850,Excellent,France,Male,41-50,4,161256.53,Very High Balance,1,1,1,140071.57,High Salary,0
15701281,511,Poor,France,Male,21-30,8,0,Zero Balance,2,1,1,49089.36,Low Salary,0
15811985,530,Poor,Spain,Male,41-50,6,0,Zero Balance,2,0,0,55893.37,Medium Salary,0
15713505,554,Poor,France,Male,31-40,1,0,Zero Balance,2,0,1,192660.55,Very High salary,0
15685653,585,Fair,Germany,Female,31-40,3,162261.01,Very High Balance,2,1,0,137028.51,High Salary,0
15758831,754,Very Good,France,Male,31-40,3,74896.33,Medium Balance,1,0,0,34430.16,Low Salary,0
15618774,474,Poor,France,Male,51-60,3,0,Zero Balance,1,1,0,108409.17,High Salary,1
15764448,837,Excellent,Germany,Male,31-40,0,144037.6,High Balance,1,1,0,145325.32,High Salary,0
15611024,567,Poor,France,Female,21-30,9,93522.2,Medium Balance,1,0,1,81425.61,Medium Salary,0
15738220,800,Excellent,Spain,Male,31-40,1,0,Zero Balance,2,1,0,51553.43,Medium Salary,0
15805764,646,Fair,France,Male,0-20,10,0,Zero Balance,2,0,1,52795.15,Medium Salary,0
15580487,627,Fair,Germany,Male,31-40,8,106922.92,High Balance,2,0,1,84270.09,Medium Salary,0
15675787,505,Poor,France,Male,21-30,8,112972.57,High Balance,1,1,0,145011.62,High Salary,0
15583580,566,Poor,Germany,Female,31-40,1,123042,High Balance,1,1,0,66245.44,Medium Salary,1
15780654,619,Fair,Germany,Female,31-40,3,100488.92,High Balance,2,0,1,36446.74,Low Salary,0
15695034,757,Very Good,France,Female,41-50,4,123322.15,High Balance,1,1,0,137136.29,High Salary,0
15805671,648,Fair,France,Male,31-40,0,0,Zero Balance,1,0,1,117323.31,High Salary,0
15790658,621,Fair,Spain,Male,41-50,8,68683.68,Medium Balance,1,1,1,74157.71,Medium Salary,0
15578648,543,Poor,Germany,Male,41-50,6,59532.18,Medium Balance,1,1,0,104253.56,High Salary,0
15734987,658,Fair,France,Female,41-50,7,140260.36,High Balance,2,1,0,2748.72,Low Salary,0
15721740,633,Fair,Germany,Male,41-50,7,88302.65,Medium Balance,1,1,1,195937.16,Very High salary,0
15641822,648,Fair,France,Female,0-20,1,0,Zero Balance,2,0,1,22101.86,Low Salary,0
15765650,501,Poor,Germany,Male,31-40,5,114655.58,High Balance,1,0,0,126535.92,High Salary,0
15788556,683,Good,France,Female,41-50,4,148283.94,High Balance,1,1,1,44692.63,Low Salary,1
15576550,619,Fair,Spain,Female,31-40,1,0,Zero Balance,1,1,0,112442.63,High Salary,1
15622230,705,Good,France,Female,31-40,3,0,Zero Balance,2,0,1,66331.01,Medium Salary,0
15653937,638,Fair,Germany,Female,51-60,1,123916.67,High Balance,1,1,0,16657.68,Low Salary,1
15743538,710,Good,France,Female,31-40,1,0,Zero Balance,2,1,0,20081.3,Low Salary,0
15591740,590,Fair,France,Female,51-60,4,0,Zero Balance,2,1,1,93820.49,Medium Salary,1
15650086,725,Good,France,Male,41-50,2,165896,Very High Balance,2,1,0,130795.52,High Salary,0
15718773,638,Fair,France,Female,31-40,0,0,Zero Balance,2,1,0,160129.99,Very High salary,0
15615140,791,Very Good,France,Male,31-40,6,111168.97,High Balance,1,1,1,189969.91,Very High salary,0
15644361,702,Good,France,Female,31-40,1,103549.24,High Balance,1,0,0,9712.52,Low Salary,1
15774536,607,Fair,France,Female,31-40,6,0,Zero Balance,2,0,0,196062.01,Very High salary,0
15618661,535,Poor,France,Male,21-30,6,103804.97,High Balance,1,1,1,125710.53,High Salary,0
15605020,651,Fair,France,Male,41-50,2,165901.59,Very High Balance,2,1,0,23054.51,Low Salary,1
15762134,506,Poor,Germany,Male,51-60,8,119152.1,High Balance,2,1,1,170679.74,Very High salary,0
15685279,511,Poor,Spain,Female,51-60,8,122950.31,High Balance,1,1,1,181258.76,Very High salary,0
15582849,757,Very Good,France,Female,51-60,1,0,Zero Balance,1,1,1,22835.13,Low Salary,1
15655410,768,Very Good,Germany,Male,41-50,1,133384.66,High Balance,1,1,0,102397.22,High Salary,1
15649129,757,Very Good,France,Male,31-40,9,0,Zero Balance,2,1,0,115950.96,High Salary,0
15702380,663,Fair,Spain,Male,60+,6,0,Zero Balance,2,0,1,15876.52,Low Salary,0
15759067,537,Poor,Germany,Female,31-40,7,158411.95,Very High Balance,4,1,1,117690.58,High Salary,1
15683027,570,Poor,Germany,Male,21-30,4,122028.65,High Balance,2,1,1,173792.77,Very High salary,0
15597487,850,Excellent,France,Female,31-40,5,0,Zero Balance,1,1,1,80992.8,Medium Salary,0
15763256,661,Fair,Germany,Female,60+,8,128751.65,High Balance,2,1,0,189398.18,Very High salary,1
15620111,659,Fair,France,Male,51-60,8,133436.52,High Balance,1,1,0,56787.8,Medium Salary,0
15623053,454,Poor,Spain,Male,31-40,2,123177.01,High Balance,1,1,0,148309.98,High Salary,0
15595592,708,Good,France,Female,51-60,2,0,Zero Balance,1,1,0,179673.11,Very High salary,1
15740072,720,Good,France,Female,31-40,2,120328.88,High Balance,2,1,1,138470.21,High Salary,0
15778005,785,Very Good,France,Female,31-40,1,130147.98,High Balance,1,1,0,163798.41,Very High salary,1
15583278,743,Very Good,Spain,Female,31-40,8,92716.96,Medium Balance,1,1,1,33693.78,Low Salary,0
15601263,493,Poor,Spain,Female,41-50,7,0,Zero Balance,2,1,0,48545.1,Low Salary,0
15709222,557,Poor,Spain,Male,31-40,3,0,Zero Balance,1,0,1,123427.98,High Salary,0
15713949,850,Excellent,France,Male,31-40,1,76914.21,Medium Balance,1,1,0,174183.44,Very High salary,0
15717706,799,Very Good,France,Female,31-40,3,106045.92,High Balance,2,1,1,17938,Low Salary,0
15756071,756,Very Good,France,Male,31-40,1,103133.26,High Balance,1,1,1,90059.04,Medium Salary,0
15696564,752,Very Good,France,Male,31-40,0,145974.79,High Balance,2,1,1,137694.23,High Salary,0
15657637,696,Good,Spain,Female,31-40,3,0,Zero Balance,3,1,0,65039.9,Medium Salary,0
15755863,630,Fair,Spain,Female,41-50,1,0,Zero Balance,2,0,1,162858.29,Very High salary,0
15719858,659,Fair,Spain,Female,31-40,9,0,Zero Balance,2,1,1,35701.06,Low Salary,0
15688876,685,Good,Spain,Male,31-40,9,0,Zero Balance,2,1,1,18826.06,Low Salary,0
15698528,599,Fair,Spain,Female,31-40,3,0,Zero Balance,1,1,1,130086.47,High Salary,1
15770345,559,Poor,Spain,Female,31-40,1,139183.06,High Balance,1,0,1,143360.56,High Salary,0
15761506,615,Fair,Spain,Male,0-20,5,0,Zero Balance,2,1,0,159920.92,Very High salary,0
15716619,580,Fair,Germany,Female,31-40,3,74974.89,Medium Balance,1,1,1,12099.67,Low Salary,0
15788367,487,Poor,Spain,Male,41-50,6,61691.45,Medium Balance,1,1,1,53087.98,Medium Salary,0
15709451,646,Fair,Germany,Female,31-40,1,121952.75,High Balance,2,1,1,142839.82,High Salary,0
15640421,811,Excellent,France,Female,31-40,7,0,Zero Balance,1,1,1,178.19,Low Salary,0
15580068,526,Poor,Spain,Male,31-40,5,0,Zero Balance,2,1,1,105618.14,High Salary,0
15677123,767,Very Good,Spain,Male,31-40,7,0,Zero Balance,2,1,1,24734.25,Low Salary,0
15619801,548,Poor,France,Female,31-40,1,80107.83,Medium Balance,2,0,1,82245.67,Medium Salary,0
15582246,737,Good,Spain,Female,41-50,2,0,Zero Balance,2,0,1,177695.67,Very High salary,0
15711843,613,Fair,Germany,Male,31-40,1,147856.82,High Balance,3,0,0,107961.11,High Salary,1
15680046,711,Good,Spain,Male,31-40,8,0,Zero Balance,2,1,0,55207.41,Medium Salary,0
15804131,850,Excellent,Spain,Female,51-60,7,65407.16,Medium Balance,2,0,0,182633.63,Very High salary,1
15722611,752,Very Good,France,Female,51-60,8,114233.18,High Balance,1,1,1,51587.04,Medium Salary,0
15729224,710,Good,France,Female,31-40,5,0,Zero Balance,2,1,0,115403.31,High Salary,0
15811588,664,Fair,Spain,Female,51-60,7,187602.18,Very High Balance,1,1,0,186392.99,Very High salary,1
15702138,510,Poor,France,Female,21-30,3,156834.34,Very High Balance,1,0,0,44374.44,Low Salary,0
15749799,577,Poor,France,Female,31-40,2,0,Zero Balance,2,1,1,84033.35,Medium Salary,0
15752885,529,Poor,France,Male,41-50,1,157498.9,Very High Balance,1,1,1,82276.62,Medium Salary,0
15674932,757,Very Good,Spain,Female,41-50,9,0,Zero Balance,2,1,0,177528.92,Very High salary,0
15743828,691,Good,France,Male,41-50,2,0,Zero Balance,1,1,1,56850.92,Medium Salary,1
15642022,621,Fair,Spain,Male,31-40,8,0,Zero Balance,1,0,0,47972.65,Low Salary,0
15746461,709,Good,Spain,Male,31-40,2,0,Zero Balance,2,1,0,104982.39,High Salary,0
15809991,756,Very Good,Spain,Male,0-20,4,130274.22,High Balance,1,1,1,133535.29,High Salary,0
15787322,788,Very Good,France,Female,41-50,6,0,Zero Balance,1,1,1,25571.37,Low Salary,0
15575498,705,Good,France,Female,31-40,5,149379.66,High Balance,2,1,0,96075.55,Medium Salary,0
15691387,483,Poor,France,Male,21-30,9,0,Zero Balance,1,1,1,81634.45,Medium Salary,0
15765457,719,Good,Spain,Male,31-40,1,100829.94,High Balance,1,1,1,165008.97,Very High salary,0
15666173,793,Very Good,Germany,Female,31-40,1,96408.98,Medium Balance,1,1,1,138191.81,High Salary,0
15627377,593,Fair,France,Male,41-50,6,0,Zero Balance,2,1,1,99136.49,Medium Salary,0
15656683,551,Poor,France,Male,51-60,1,0,Zero Balance,1,0,0,63584.55,Medium Salary,1
15679810,690,Good,France,Male,31-40,6,0,Zero Balance,2,1,0,160532.88,Very High salary,0
15606310,823,Excellent,France,Male,60+,5,149105.08,High Balance,1,0,1,162683.06,Very High salary,0
15756871,512,Poor,Spain,Male,31-40,3,0,Zero Balance,1,1,0,134878.19,High Salary,0
15610002,802,Excellent,Spain,Male,41-50,5,0,Zero Balance,2,1,1,134626.3,High Salary,0
15567802,450,Poor,Spain,Female,31-40,2,0,Zero Balance,2,1,0,175480.93,Very High salary,0
15745452,651,Fair,Germany,Male,41-50,1,90218.11,Medium Balance,1,1,0,174337.68,Very High salary,0
15617252,697,Good,France,Female,31-40,1,87347.7,Medium Balance,1,1,0,172524.51,Very High salary,0
15753248,611,Fair,France,Male,21-30,2,0,Zero Balance,2,0,0,25395.83,Low Salary,0
15610755,643,Fair,France,Female,31-40,0,137811.75,High Balance,1,1,1,184856.89,Very High salary,0
15662238,822,Excellent,France,Male,31-40,3,105563,High Balance,1,1,0,182624.93,Very High salary,0
15799186,632,Fair,France,Male,31-40,4,0,Zero Balance,2,0,0,192505.62,Very High salary,0
15686941,575,Poor,Spain,Female,21-30,7,0,Zero Balance,2,1,0,112507.63,High Salary,0
15601172,672,Good,France,Male,31-40,6,91125.75,Medium Balance,1,1,0,177295.92,Very High salary,0
15723858,517,Poor,Spain,Male,31-40,3,0,Zero Balance,2,0,1,12465.51,Low Salary,0
15615896,621,Fair,Spain,Male,31-40,8,0,Zero Balance,2,1,0,36122.96,Low Salary,0
15737647,775,Very Good,Germany,Female,60+,6,135120.56,High Balance,1,1,0,37836.64,Low Salary,0
15582841,600,Fair,France,Male,21-30,8,0,Zero Balance,2,0,1,34747.43,Low Salary,0
15760090,640,Fair,France,Male,21-30,7,0,Zero Balance,2,1,1,131097.9,High Salary,0
15588587,752,Very Good,France,Female,31-40,1,86837.95,Medium Balance,1,1,1,105280.55,High Salary,0
15683157,613,Fair,France,Male,21-30,4,100446.57,High Balance,1,0,1,149653.81,High Salary,0
15694209,484,Poor,France,Female,31-40,3,0,Zero Balance,2,1,1,139390.99,High Salary,0
15655875,511,Poor,France,Female,31-40,3,0,Zero Balance,2,1,0,132436.71,High Salary,0
15805704,745,Very Good,France,Female,31-40,2,0,Zero Balance,4,0,1,179705.13,Very High salary,1
15744789,786,Very Good,Spain,Female,31-40,6,114512.59,High Balance,1,1,0,15796.66,Low Salary,0
15799357,727,Good,France,Male,31-40,5,136364.46,High Balance,1,0,0,142754.71,High Salary,0
15726153,622,Fair,France,Male,31-40,5,106260.67,High Balance,1,1,1,2578.43,Low Salary,0
15713346,794,Very Good,France,Male,21-30,10,146126.75,High Balance,1,1,1,88992.05,Medium Salary,0
15665053,636,Fair,Spain,Male,51-60,4,111284.53,High Balance,1,0,1,32936.44,Low Salary,1
15592379,741,Very Good,Spain,Female,41-50,9,121056.63,High Balance,2,1,0,39122.58,Low Salary,0
15692599,687,Good,France,Male,31-40,5,128270.56,High Balance,1,1,0,191092.62,Very High salary,0
15620758,660,Fair,Spain,Male,21-30,4,0,Zero Balance,2,1,0,129149.06,High Salary,0
15637428,660,Fair,France,Male,31-40,7,0,Zero Balance,2,1,0,13218.6,Low Salary,0
15808389,617,Fair,France,Female,60+,7,0,Zero Balance,1,1,1,160589.18,Very High salary,0
15807003,762,Very Good,France,Male,31-40,10,191775.65,Very High Balance,1,1,0,179657.83,Very High salary,0
15702912,752,Very Good,Spain,Female,31-40,2,0,Zero Balance,1,1,0,44335.54,Low Salary,1
15590623,561,Poor,Spain,Male,31-40,4,85141.79,Medium Balance,2,1,1,29217.37,Low Salary,0
15728078,609,Fair,France,Male,21-30,10,126392.18,High Balance,1,0,1,43651.49,Low Salary,0
15708256,803,Excellent,France,Male,21-30,3,0,Zero Balance,2,1,0,159654,Very High salary,0
15582335,556,Poor,France,Female,31-40,9,129860.37,High Balance,1,0,0,17992.94,Low Salary,0
15649150,531,Poor,France,Female,51-60,5,127642.44,High Balance,1,1,0,141501.45,High Salary,1
15691647,411,Poor,France,Female,31-40,2,0,Zero Balance,2,1,1,93825.78,Medium Salary,0
15668270,587,Fair,Germany,Female,41-50,5,125584.17,High Balance,2,1,1,41852.24,Low Salary,1
15624820,683,Good,Spain,Male,51-60,7,50911.21,Medium Balance,3,0,0,97629.31,Medium Salary,1
15736254,654,Fair,France,Male,21-30,2,91955.61,Medium Balance,1,1,0,37065.66,Low Salary,0
15720814,670,Good,Germany,Female,31-40,2,84266.44,Medium Balance,2,0,0,38614.69,Low Salary,0
15642997,655,Fair,France,Female,31-40,2,147149.59,High Balance,1,1,1,87816.86,Medium Salary,0
15693200,752,Very Good,France,Female,31-40,7,0,Zero Balance,2,1,0,184866.86,Very High salary,0
15624596,534,Poor,France,Female,21-30,5,104822.45,High Balance,1,0,1,160176.47,Very High salary,0
15807167,635,Fair,France,Male,41-50,1,146766.72,High Balance,2,0,1,164357.1,Very High salary,0
15660301,491,Poor,Germany,Male,60+,6,148745.92,High Balance,2,1,1,17818.33,Low Salary,0
15593094,516,Poor,France,Male,21-30,9,0,Zero Balance,1,1,0,142680.64,High Salary,1
15618239,530,Poor,France,Female,41-50,0,0,Zero Balance,1,1,0,85081.09,Medium Salary,0
15574137,687,Good,Spain,Male,31-40,3,0,Zero Balance,2,1,1,176450.19,Very High salary,0
15614740,684,Good,France,Female,41-50,6,135203.81,High Balance,2,1,1,121967.88,High Salary,0
15574071,706,Good,Germany,Male,21-30,2,93301.97,Medium Balance,2,0,1,127187.04,High Salary,0
15671148,490,Poor,Germany,Male,31-40,5,96341,Medium Balance,2,0,0,108313.34,High Salary,0
15721921,796,Very Good,France,Male,41-50,8,165326.2,Very High Balance,1,1,1,57205.55,Medium Salary,0
15717995,849,Excellent,France,Male,21-30,0,0,Zero Balance,2,0,1,157891.86,Very High salary,0
15632050,779,Very Good,France,Female,41-50,10,99786.2,Medium Balance,1,1,0,86927.53,Medium Salary,0
15647111,794,Very Good,Spain,Female,21-30,4,114440.24,High Balance,1,1,1,107753.07,High Salary,0
15759991,748,Very Good,Spain,Male,31-40,4,141573.55,High Balance,1,1,0,82158.14,Medium Salary,0
15790204,663,Fair,Spain,Female,21-30,9,0,Zero Balance,1,1,0,29135.89,Low Salary,1
15686780,645,Fair,Spain,Female,51-60,1,133676.65,High Balance,1,0,1,17095.49,Low Salary,0
15640491,464,Poor,France,Female,31-40,10,147493.7,High Balance,2,1,0,100447.53,High Salary,0
15783225,737,Good,France,Male,51-60,9,0,Zero Balance,1,1,0,83470.4,Medium Salary,1
15734438,590,Fair,France,Female,21-30,4,0,Zero Balance,2,1,0,121846.81,High Salary,0
15688760,522,Poor,Germany,Female,31-40,3,95022.57,Medium Balance,1,1,1,129107.59,High Salary,0
15768124,648,Fair,France,Female,31-40,3,0,Zero Balance,1,1,0,54726.43,Medium Salary,0
15661330,754,Very Good,France,Male,31-40,6,0,Zero Balance,1,1,1,116141.72,High Salary,0
15781272,669,Fair,France,Male,41-50,4,149713.61,High Balance,3,1,1,124872.42,High Salary,1
15573888,648,Fair,Germany,Female,41-50,1,107963.38,High Balance,1,0,0,186438.86,Very High salary,1
15575858,763,Very Good,France,Male,31-40,3,0,Zero Balance,2,1,0,134281.11,High Salary,0
15645937,790,Very Good,Spain,Male,31-40,3,0,Zero Balance,1,1,0,91044.47,Medium Salary,0
15702337,581,Fair,France,Male,31-40,7,0,Zero Balance,2,1,1,74320.75,Medium Salary,0
15764537,703,Good,France,Male,41-50,8,0,Zero Balance,2,1,0,9704.66,Low Salary,0
15619616,571,Poor,France,Female,31-40,9,102017.25,High Balance,2,0,0,128600.49,High Salary,0
15585133,657,Fair,Spain,Female,21-30,8,0,Zero Balance,2,0,0,6468.24,Low Salary,0
15573971,737,Good,France,Male,41-50,7,0,Zero Balance,2,0,0,57898.58,Medium Salary,0
15579433,793,Very Good,Spain,Male,21-30,8,96674.55,Medium Balance,2,0,0,192120.66,Very High salary,0
15777045,783,Very Good,Spain,Female,41-50,3,81811.71,Medium Balance,1,1,0,164213.53,Very High salary,1
15611580,751,Very Good,Spain,Male,31-40,4,79281.61,Medium Balance,1,1,0,117547.76,High Salary,0
15614778,579,Poor,France,Male,31-40,6,0,Zero Balance,2,1,0,26149.25,Low Salary,0
15771750,655,Fair,Germany,Female,31-40,10,122314.39,High Balance,1,1,0,9181.66,Low Salary,0
15593280,614,Fair,Germany,Male,41-50,8,140733.74,High Balance,1,1,1,166588.76,Very High salary,0
15569274,678,Good,Germany,Male,41-50,2,116933.11,High Balance,1,1,0,195053.58,Very High salary,1
15654408,562,Poor,Spain,Male,41-50,5,165445.04,Very High Balance,2,1,0,85787.31,Medium Salary,0
15657468,711,Good,Germany,Female,51-60,5,123805.03,High Balance,1,1,0,102428.51,High Salary,0
15614213,620,Fair,France,Male,31-40,0,107548.94,High Balance,1,1,0,71175.94,Medium Salary,0
15589869,437,Poor,France,Male,41-50,9,111634.29,High Balance,2,0,1,166440.32,Very High salary,0
15693205,691,Good,Germany,Female,41-50,8,109153.96,High Balance,3,1,1,148848.76,High Salary,1
15797113,552,Poor,Spain,Female,31-40,4,0,Zero Balance,2,1,0,140286.69,High Salary,0
15676958,765,Very Good,Germany,Male,31-40,5,86055.17,Medium Balance,2,1,1,104220.5,High Salary,0
15739592,707,Good,Germany,Female,51-60,10,98438.23,Medium Balance,1,0,0,70778.63,Medium Salary,1
15656263,764,Very Good,Spain,Male,21-30,5,0,Zero Balance,2,1,0,65868.28,Medium Salary,0
15636872,585,Fair,France,Female,31-40,8,144705.87,High Balance,2,0,0,171482.56,Very High salary,0
15589435,784,Very Good,France,Male,31-40,7,0,Zero Balance,2,1,1,143204.41,High Salary,0
15640464,605,Fair,France,Male,41-50,5,91612.91,Medium Balance,1,1,1,28427.84,Low Salary,0
15723851,699,Good,Spain,Male,31-40,2,0,Zero Balance,1,1,0,78387.32,Medium Salary,0
15722122,544,Poor,France,Female,31-40,7,0,Zero Balance,1,0,1,161076.92,Very High salary,0
15696852,803,Excellent,France,Female,31-40,9,192122.84,Very High Balance,1,1,1,54277.45,Medium Salary,1
15634936,735,Good,France,Male,41-50,7,179904,Very High Balance,1,1,1,137180.95,High Salary,0
15575935,673,Good,France,Male,51-60,0,178058.06,Very High Balance,2,0,1,21063.71,Low Salary,1
15634491,652,Fair,France,Male,21-30,2,176166.56,Very High Balance,2,1,1,152210.81,Very High salary,0
15628530,694,Good,France,Male,41-50,3,156864.2,Very High Balance,2,0,0,88890.75,Medium Salary,0
15678720,741,Very Good,France,Female,41-50,7,0,Zero Balance,2,1,1,190534.76,Very High salary,0
15627999,590,Fair,Spain,Male,21-30,3,0,Zero Balance,2,1,0,83090.35,Medium Salary,0
15571244,809,Excellent,Spain,Female,31-40,3,0,Zero Balance,2,0,1,141426.78,High Salary,0
15739931,523,Poor,France,Male,31-40,2,161588.89,Very High Balance,1,1,1,51358.66,Medium Salary,0
15806256,540,Poor,France,Male,41-50,2,109349.29,High Balance,1,1,0,88703.04,Medium Salary,1
15787258,596,Fair,Spain,Female,21-30,6,0,Zero Balance,2,1,0,116696.77,High Salary,0
15706463,597,Fair,France,Female,31-40,9,0,Zero Balance,2,1,1,7156.09,Low Salary,0
15691004,407,Poor,Spain,Male,31-40,1,0,Zero Balance,1,1,1,49161.12,Low Salary,1
15792228,748,Very Good,France,Male,51-60,0,152335.7,Very High Balance,1,1,0,126743.33,High Salary,1
15733447,562,Poor,France,Female,51-60,1,124662.54,High Balance,1,1,1,65390.46,Medium Salary,1
15679062,734,Good,Germany,Female,41-50,10,91522.04,Medium Balance,2,1,1,138835.91,High Salary,0
15594409,710,Good,France,Male,41-50,1,0,Zero Balance,2,1,1,36154.66,Low Salary,0
15613816,539,Poor,Spain,Female,31-40,6,62052.28,Medium Balance,1,0,1,59755.14,Medium Salary,0
15681991,542,Poor,France,Male,31-40,7,107871.72,High Balance,1,1,0,125302.64,High Salary,0
15796074,717,Good,France,Female,31-40,2,99472.76,Medium Balance,2,1,0,94274.72,Medium Salary,1
15625941,682,Good,Spain,Female,41-50,10,128039.01,High Balance,1,1,1,102260.16,High Salary,0
15615016,515,Poor,France,Male,31-40,2,0,Zero Balance,2,1,1,136028.97,High Salary,0
15748414,526,Poor,Spain,Female,31-40,8,114634.63,High Balance,2,1,0,110114.38,High Salary,1
15751203,702,Good,France,Male,21-30,5,56738.47,Medium Balance,2,1,1,100442.22,High Salary,1
15662658,651,Fair,Germany,Male,31-40,2,90355.12,Medium Balance,2,0,0,193597.94,Very High salary,0
15574868,792,Very Good,Germany,Male,31-40,5,115725.24,High Balance,2,0,0,1871.25,Low Salary,0
15790282,817,Excellent,Germany,Male,51-60,3,114327.59,High Balance,2,1,1,42831.11,Low Salary,0
15762927,674,Good,Germany,Female,31-40,6,100762.64,High Balance,1,1,0,182156.86,Very High salary,0
15803456,641,Fair,France,Female,31-40,9,0,Zero Balance,1,0,0,151648.66,Very High salary,1
15771857,513,Poor,Spain,Male,31-40,7,89039.9,Medium Balance,2,1,1,146738.83,High Salary,0
15700601,561,Poor,France,Male,31-40,1,78829.53,Medium Balance,1,1,1,12148.2,Low Salary,0
15569670,627,Fair,Germany,Male,21-30,6,112372.96,High Balance,1,1,1,118029.09,High Salary,0
15772341,682,Good,Germany,Male,60+,6,122029.15,High Balance,1,1,1,50783.88,Medium Salary,0
15661548,683,Good,France,Female,21-30,0,157829.12,Very High Balance,1,0,0,129891.66,High Salary,0
15787597,420,Poor,Germany,Female,31-40,1,108377.75,High Balance,2,1,1,9904.63,Low Salary,0
15806913,670,Good,France,Female,51-60,2,95507.12,Medium Balance,1,1,1,63213.31,Medium Salary,0
15804862,505,Poor,Germany,Male,41-50,6,127146.68,High Balance,1,0,0,137565.87,High Salary,0
15792986,580,Fair,Germany,Male,21-30,1,133811.78,High Balance,1,1,0,17185.95,Low Salary,1
15625632,577,Poor,France,Male,31-40,3,121092.47,High Balance,2,0,1,143783.46,High Salary,0
15727703,773,Very Good,Germany,Male,31-40,10,126979.75,High Balance,1,0,0,36823.28,Low Salary,0
15606273,616,Fair,France,Male,31-40,5,144235.73,High Balance,2,0,0,154957.66,Very High salary,1
15799652,763,Very Good,France,Female,31-40,0,152582.2,Very High Balance,2,0,0,31892.82,Low Salary,0
15715047,640,Fair,Spain,Male,41-50,9,172478.15,Very High Balance,1,1,0,191084.4,Very High salary,1
15784687,592,Fair,France,Male,31-40,1,126477.42,High Balance,1,0,0,179718.17,Very High salary,0
15615322,528,Poor,Spain,Male,41-50,7,97473.87,Medium Balance,2,1,1,159823.16,Very High salary,0
15722072,630,Fair,France,Male,51-60,5,138053.67,High Balance,1,0,1,114110.97,High Salary,0
15646784,529,Poor,France,Female,31-40,2,164003.05,Very High Balance,2,1,1,60993.23,Medium Salary,0
15644692,546,Poor,France,Female,41-50,8,0,Zero Balance,1,1,1,66408.01,Medium Salary,1
15670354,753,Very Good,France,Female,60+,6,0,Zero Balance,2,1,1,136398.9,High Salary,0
15716357,772,Very Good,Spain,Female,31-40,4,122486.11,High Balance,2,1,1,140709.25,High Salary,0
15786717,567,Poor,France,Male,31-40,1,0,Zero Balance,2,0,0,8555.73,Low Salary,0
15771383,628,Fair,Germany,Female,41-50,6,53667.44,Medium Balance,1,1,0,115022.94,High Salary,0
15649793,658,Fair,France,Male,0-20,7,0,Zero Balance,2,0,0,187638.34,Very High salary,0
15731543,679,Good,Spain,Male,51-60,9,109327.65,High Balance,1,1,1,3829.13,Low Salary,0
15684516,629,Fair,Spain,Male,31-40,1,121151.05,High Balance,1,0,0,119357.93,High Salary,0
15677249,731,Good,Spain,Male,41-50,9,101043.63,High Balance,1,1,1,192175.52,Very High salary,0
15581525,775,Very Good,Germany,Male,31-40,3,83501.66,Medium Balance,2,1,0,128841.31,High Salary,0
15628420,660,Fair,Spain,Male,31-40,2,80462.24,Medium Balance,1,0,0,150422.35,Very High salary,0
15600478,752,Very Good,France,Male,31-40,3,0,Zero Balance,1,1,0,188187.05,Very High salary,0
15594502,655,Fair,France,Male,31-40,6,109093.41,High Balance,2,1,0,1775.52,Low Salary,0
15784361,543,Poor,Spain,Female,41-50,5,140355.6,High Balance,1,1,1,85086.78,Medium Salary,0
15767626,811,Excellent,France,Male,41-50,10,0,Zero Balance,2,1,1,3797.79,Low Salary,0
15632521,689,Good,Germany,Male,41-50,0,130170.82,High Balance,2,1,0,150856.38,Very High salary,0
15665088,531,Poor,France,Female,41-50,2,0,Zero Balance,2,0,1,90537.47,Medium Salary,0
15652084,515,Poor,France,Male,31-40,0,109542.29,High Balance,1,1,1,166370.81,Very High salary,0
15574761,466,Poor,France,Female,41-50,3,33563.95,Low Balance,2,1,0,178994.13,Very High salary,1
15729515,782,Very Good,France,Male,31-40,1,148795.17,High Balance,2,1,1,195681.43,Very High salary,0
15682070,611,Fair,France,Male,60+,9,0,Zero Balance,2,1,1,53277.15,Medium Salary,0
15743817,621,Fair,Germany,Male,31-40,8,174126.75,Very High Balance,3,1,0,172490.78,Very High salary,1
15572158,604,Fair,Spain,Male,41-50,3,0,Zero Balance,1,0,0,11819.84,Low Salary,0
15584477,655,Fair,Spain,Female,31-40,1,106405.03,High Balance,1,1,1,82900.25,Medium Salary,0
15614893,689,Good,Spain,Male,31-40,2,0,Zero Balance,1,1,1,82709.8,Medium Salary,0
15665963,681,Good,Spain,Male,21-30,2,128393.29,High Balance,1,1,1,180593.45,Very High salary,0
15612524,643,Fair,Germany,Male,41-50,2,127841.52,High Balance,1,1,0,172363.41,Very High salary,0
15596962,617,Fair,France,Female,21-30,4,137295.19,High Balance,2,1,1,91195.12,Medium Salary,0
15744942,638,Fair,Spain,Female,51-60,2,155828.22,Very High Balance,1,0,1,108987.25,High Salary,1
15573278,743,Very Good,France,Male,31-40,6,0,Zero Balance,2,1,0,44265.28,Low Salary,0
15717056,828,Excellent,Germany,Female,21-30,7,144351.86,High Balance,1,1,0,116613.26,High Salary,0
15795881,776,Very Good,Spain,Male,31-40,8,106365.29,High Balance,1,1,1,148527.56,High Salary,0
15758939,540,Poor,Germany,Male,31-40,7,127801.88,High Balance,1,0,1,84239.46,Medium Salary,0
15792250,616,Fair,Germany,Female,41-50,4,122793.96,High Balance,1,1,1,62002.04,Medium Salary,0
15740406,628,Fair,Germany,Male,31-40,10,113525.84,High Balance,1,1,0,46044.48,Low Salary,1
15768137,667,Fair,Spain,Female,21-30,6,136100.69,High Balance,2,0,0,169669.33,Very High salary,1
15569120,615,Fair,France,Male,21-30,7,0,Zero Balance,2,1,1,156346.84,Very High salary,0
15723721,543,Poor,France,Male,21-30,4,140916.81,High Balance,1,1,0,157711.18,Very High salary,0
15777122,553,Poor,France,Female,31-40,4,0,Zero Balance,2,1,1,89087.4,Medium Salary,0
15742681,554,Poor,Germany,Male,21-30,4,121365.39,High Balance,1,1,1,8742.36,Low Salary,0
15582090,684,Good,Spain,Female,31-40,4,0,Zero Balance,1,1,0,117038.96,High Salary,0
15711254,452,Poor,France,Female,31-40,7,0,Zero Balance,2,1,0,164241.67,Very High salary,0
15775067,606,Fair,France,Male,41-50,3,93578.68,Medium Balance,2,0,1,137720.56,High Salary,1
15602851,629,Fair,France,Male,31-40,9,0,Zero Balance,1,1,0,106.67,Low Salary,0
15802857,659,Fair,Spain,Female,31-40,8,115409.6,High Balance,1,0,1,1539.21,Low Salary,0
15701175,493,Poor,France,Female,31-40,8,90791.69,Medium Balance,1,1,1,59659.53,Medium Salary,0
15783019,794,Very Good,France,Female,60+,9,123681.32,High Balance,3,1,0,173586.63,Very High salary,1
15728912,554,Poor,France,Female,41-50,6,92436.86,Medium Balance,1,1,0,126033.9,High Salary,0
15585580,796,Very Good,Germany,Female,51-60,9,167194.36,Very High Balance,1,1,1,62808.93,Medium Salary,1
15583480,807,Excellent,France,Female,31-40,4,0,Zero Balance,2,0,1,147007.33,High Salary,0
15620341,500,Poor,Germany,Male,41-50,9,160838.13,Very High Balance,2,1,0,196261.64,Very High salary,0
15613886,722,Good,Spain,Male,41-50,1,0,Zero Balance,1,1,0,44560.17,Low Salary,1
15792916,559,Poor,Spain,Female,31-40,7,144470.77,High Balance,1,1,1,18917.95,Low Salary,0
15710408,584,Fair,Spain,Female,31-40,3,0,Zero Balance,2,1,1,4525.4,Low Salary,0
15598695,834,Excellent,Germany,Female,60+,9,130169.27,High Balance,2,0,1,93112.2,Medium Salary,0
15649354,754,Very Good,Spain,Male,31-40,4,0,Zero Balance,2,1,1,9658.41,Low Salary,0
15737556,590,Fair,France,Male,41-50,7,81076.8,Medium Balance,2,1,1,182627.25,Very High salary,1
15671610,740,Very Good,France,Male,31-40,7,0,Zero Balance,1,1,1,13177.4,Low Salary,0
15625092,502,Poor,Germany,Female,51-60,3,101465.31,High Balance,1,1,0,43568.31,Low Salary,1
15741032,733,Good,France,Male,41-50,5,0,Zero Balance,1,0,1,117830.57,High Salary,0
15750014,755,Very Good,Germany,Female,31-40,0,113865.23,High Balance,2,1,1,117396.25,High Salary,0
15784761,554,Poor,Spain,Female,41-50,7,87603.35,Medium Balance,3,0,1,96929.24,Medium Salary,1
15768359,534,Poor,France,Male,31-40,4,120037.96,High Balance,1,1,0,36275.94,Low Salary,0
15805769,656,Fair,Spain,Male,31-40,4,0,Zero Balance,2,1,0,116706,High Salary,0
15719508,575,Poor,Germany,Male,41-50,7,121205.15,High Balance,4,1,1,168080.53,Very High salary,1
15609011,480,Poor,Spain,Male,41-50,8,75408.33,Medium Balance,1,1,0,25887.89,Low Salary,1
15703106,575,Poor,France,Male,31-40,5,0,Zero Balance,2,1,1,122488.59,High Salary,0
15626795,672,Good,France,Female,31-40,3,0,Zero Balance,1,1,0,113171.61,High Salary,1
15773731,758,Very Good,Spain,Female,31-40,5,0,Zero Balance,2,0,0,100365.51,High Salary,0
15756196,682,Good,France,Male,41-50,6,121818.84,High Balance,2,0,1,124151.37,High Salary,0
15687903,501,Poor,France,Female,21-30,8,0,Zero Balance,2,1,0,112664.24,High Salary,0
15777599,746,Very Good,Germany,Male,31-40,6,141806,High Balance,2,1,1,183494.87,Very High salary,0
15754577,556,Poor,France,Female,51-60,8,61354.14,Medium Balance,1,1,0,198810.65,Very High salary,1
15584113,823,Excellent,Germany,Female,51-60,4,124954.94,High Balance,1,0,1,131259.6,High Salary,1
15669589,491,Poor,Germany,Female,60+,1,95039.12,Medium Balance,1,0,1,116471.14,High Salary,1
15632793,638,Fair,France,Female,21-30,9,103417.74,High Balance,1,1,1,15336.4,Low Salary,0
15711130,734,Good,France,Male,41-50,2,0,Zero Balance,2,1,0,99593.28,Medium Salary,0
15615254,555,Poor,France,Male,31-40,10,43028.77,Low Balance,1,1,0,170514.21,Very High salary,0
15720583,745,Very Good,Germany,Female,41-50,0,119638.21,High Balance,1,1,1,34265.08,Low Salary,1
15780432,728,Good,France,Male,31-40,3,122689.51,High Balance,2,0,0,106977.53,High Salary,1
15673223,626,Fair,France,Male,41-50,10,0,Zero Balance,2,0,0,164287.86,Very High salary,0
15807989,681,Good,Germany,Male,31-40,8,73179.34,Medium Balance,2,1,1,25292.53,Low Salary,0
15761168,478,Poor,France,Female,31-40,4,171913.87,Very High Balance,1,1,0,51820.87,Medium Salary,1
15651272,709,Good,France,Male,31-40,5,0,Zero Balance,2,1,1,81452.29,Medium Salary,0
15812832,562,Poor,Germany,Male,31-40,8,92659.2,Medium Balance,2,1,0,1354.25,Low Salary,0
15680517,769,Very Good,Germany,Female,31-40,7,137239.17,High Balance,1,1,1,71379.92,Medium Salary,1
15750569,684,Good,Germany,Female,41-50,3,102955.14,High Balance,2,1,0,154137.33,Very High salary,0
15690743,536,Poor,France,Female,60+,8,65190.29,Medium Balance,1,1,1,64308.49,Medium Salary,1
15627741,631,Fair,Germany,Female,21-30,2,96863.52,Medium Balance,2,1,1,31613.35,Low Salary,0
15712121,657,Fair,Spain,Male,31-40,5,154983.98,Very High Balance,1,1,0,27738.01,Low Salary,0
15805429,699,Good,Germany,Male,51-60,3,106819.65,High Balance,1,0,1,163570.25,Very High salary,0
15814923,606,Fair,Spain,Male,31-40,7,128578.52,High Balance,1,1,1,193878.51,Very High salary,0
15589230,612,Fair,France,Female,60+,2,126473.33,High Balance,1,0,1,147545.65,High Salary,0
15775490,660,Fair,France,Female,31-40,5,110570.78,High Balance,2,1,0,195906.59,Very High salary,0
15749727,829,Excellent,Spain,Male,41-50,7,0,Zero Balance,2,0,1,178458.86,Very High salary,0
15619238,567,Poor,Spain,Male,21-30,8,0,Zero Balance,2,1,0,156125.72,Very High salary,0
15593468,850,Excellent,France,Female,31-40,3,0,Zero Balance,2,1,1,11159.19,Low Salary,0
15718454,712,Good,Spain,Female,41-50,2,0,Zero Balance,2,0,0,45738.94,Low Salary,0
15789498,562,Poor,France,Male,21-30,3,111099.79,High Balance,2,0,0,140650.19,High Salary,0
15744691,755,Very Good,France,Female,21-30,3,0,Zero Balance,3,1,0,4733.94,Low Salary,0
15708289,793,Very Good,Spain,Male,21-30,3,100913.57,High Balance,1,0,0,10579.72,Low Salary,0
15790412,471,Poor,Spain,Male,21-30,8,0,Zero Balance,2,1,1,179655.87,Very High salary,0
15741416,707,Good,France,Male,41-50,2,16893.59,Low Balance,1,1,1,77502.56,Medium Salary,0
15598894,784,Very Good,Spain,Male,31-40,10,122267.85,High Balance,1,0,0,145759.93,High Salary,0
15663294,703,Good,France,Male,31-40,1,125685.79,High Balance,1,1,1,56246.72,Medium Salary,0
15572728,704,Good,Spain,Male,31-40,8,127397.34,High Balance,1,1,0,151335.24,Very High salary,0
15706729,662,Fair,France,Male,31-40,0,105271.56,High Balance,1,0,1,179833.45,Very High salary,0
15674433,636,Fair,Germany,Female,21-30,2,115265.14,High Balance,1,0,0,191627.85,Very High salary,0
15641170,640,Fair,Spain,Male,31-40,4,0,Zero Balance,1,0,0,173016.46,Very High salary,0
15806284,739,Good,Spain,Male,31-40,1,0,Zero Balance,2,1,1,58469.75,Medium Salary,0
15690958,767,Very Good,Germany,Male,21-30,2,139542.82,High Balance,1,0,1,28038.28,Low Salary,0
15606386,753,Very Good,Germany,Female,41-50,3,111512.75,High Balance,3,1,0,159576.75,Very High salary,1
15682322,714,Good,France,Male,31-40,9,148466.93,High Balance,2,0,1,151280.96,Very High salary,0
15579915,707,Good,France,Male,21-30,4,0,Zero Balance,2,1,0,139953.94,High Salary,0
15681928,577,Poor,France,Female,31-40,4,108155.49,High Balance,1,1,0,105407.79,High Salary,0
15734005,633,Fair,France,Female,41-50,1,0,Zero Balance,2,1,0,56865.62,Medium Salary,0
15650432,849,Excellent,Germany,Male,41-50,10,84622.13,Medium Balance,1,1,1,198072.16,Very High salary,0
15592578,614,Fair,Spain,Female,41-50,7,146997.64,High Balance,2,0,0,137791.18,High Salary,0
15671243,558,Poor,France,Female,41-50,9,0,Zero Balance,2,1,0,103787.28,High Salary,0
15775709,832,Excellent,France,Female,21-30,10,98590.25,Medium Balance,1,1,0,30912.89,Low Salary,0
15702631,567,Poor,France,Female,21-30,2,0,Zero Balance,2,1,1,78651.55,Medium Salary,0
15602282,587,Fair,Germany,Female,41-50,8,134980.74,High Balance,1,1,1,123309.57,High Salary,1
15717879,712,Good,Spain,Female,60+,5,108078.56,High Balance,1,1,1,174118.93,Very High salary,0
15740878,655,Fair,Spain,Female,21-30,9,0,Zero Balance,2,0,1,85736.26,Medium Salary,0
15794468,641,Fair,France,Female,41-50,6,0,Zero Balance,2,0,0,121138.77,High Salary,0
15773277,676,Good,France,Male,31-40,5,106836.67,High Balance,2,1,0,84199.78,Medium Salary,0
15572657,472,Poor,France,Male,21-30,8,102490.27,High Balance,1,0,1,181224.56,Very High salary,0
15800295,644,Fair,Germany,Male,31-40,9,112746.54,High Balance,2,0,0,141230.07,High Salary,0
15672397,598,Fair,France,Male,31-40,0,125487.89,High Balance,1,0,0,158111.71,Very High salary,0
15684921,792,Very Good,Spain,Male,21-30,8,142862.21,High Balance,1,1,1,130639.01,High Salary,0
15720676,700,Good,France,Female,31-40,7,0,Zero Balance,2,1,0,17040.82,Low Salary,0
15731829,616,Fair,France,Male,31-40,10,0,Zero Balance,2,1,0,25662.27,Low Salary,0
15732672,743,Very Good,Spain,Male,31-40,6,79388.33,Medium Balance,1,1,1,193360.69,Very High salary,0
15692406,427,Poor,France,Male,31-40,5,0,Zero Balance,2,1,1,121485.1,High Salary,0
15764405,731,Good,France,Male,21-30,10,0,Zero Balance,2,1,1,162452.65,Very High salary,0
15757537,610,Fair,France,Female,31-40,6,107784.65,High Balance,1,1,1,141137.53,High Salary,0
15793307,724,Good,Spain,Female,41-50,4,142880.28,High Balance,3,0,0,185541.2,Very High salary,1
15660679,653,Fair,Spain,Female,31-40,9,149571.94,High Balance,1,1,0,118383.18,High Salary,0
15666856,774,Very Good,France,Male,41-50,1,142767.39,High Balance,1,1,1,8214.41,Low Salary,0
15687372,547,Poor,Germany,Male,41-50,8,121537.71,High Balance,2,1,0,46521.45,Low Salary,1
15667289,719,Good,Spain,Male,41-50,2,0,Zero Balance,2,0,0,10772.13,Low Salary,0
15624641,740,Very Good,Spain,Male,41-50,9,0,Zero Balance,1,1,0,199290.68,Very High salary,1
15734610,543,Poor,France,Male,41-50,4,89838.71,Medium Balance,3,1,0,85983.54,Medium Salary,1
15631882,688,Good,Germany,Male,41-50,9,103399.87,High Balance,1,0,0,129870.93,High Salary,0
15642709,474,Poor,France,Female,21-30,9,0,Zero Balance,2,0,0,63158.22,Medium Salary,0
15811026,505,Poor,Germany,Male,41-50,5,136855.94,High Balance,2,1,0,171070.52,Very High salary,0
15596303,688,Good,France,Female,31-40,0,0,Zero Balance,2,1,0,53222.15,Medium Salary,1
15787255,650,Fair,Germany,Female,51-60,2,140891.46,High Balance,3,1,1,179834.45,Very High salary,1
15617166,610,Fair,France,Male,31-40,0,0,Zero Balance,1,1,0,114514.64,High Salary,0
15742442,705,Good,Spain,Female,41-50,5,89364.91,Medium Balance,1,0,1,139162.15,High Salary,0
15758692,669,Fair,France,Female,21-30,7,146011.4,High Balance,1,0,0,50249.16,Medium Salary,0
15568238,650,Fair,Spain,Male,0-20,8,0,Zero Balance,2,1,1,113469.65,High Salary,0
15730353,550,Poor,Germany,Male,21-30,9,145294.08,High Balance,2,1,0,147484.13,High Salary,0
15731555,595,Fair,Germany,Female,41-50,9,106000.12,High Balance,1,0,0,191448.96,Very High salary,1
15582404,572,Poor,Spain,Female,21-30,5,0,Zero Balance,2,1,0,119381.41,High Salary,0
15721462,622,Fair,Spain,Female,51-60,2,0,Zero Balance,2,1,1,33277.31,Low Salary,0
15632899,662,Fair,Spain,Male,0-20,9,104508.77,High Balance,2,0,0,73107.53,Medium Salary,0
15808526,783,Very Good,Germany,Female,51-60,3,127539.3,High Balance,1,1,1,96590.39,Medium Salary,1
15694349,714,Good,Spain,Male,41-50,7,0,Zero Balance,1,0,1,6923.11,Low Salary,0
15718465,671,Good,Germany,Male,51-60,3,96891.46,Medium Balance,1,1,0,176403.33,Very High salary,1
15682995,600,Fair,France,Female,31-40,1,78535.25,Medium Balance,1,1,0,64349.6,Medium Salary,0
15584776,847,Excellent,Spain,Female,31-40,9,112712.17,High Balance,1,1,0,116097.26,High Salary,0
15777772,650,Fair,Spain,Male,51-60,9,119618.42,High Balance,1,1,1,29861.13,Low Salary,0
15576156,710,Good,Spain,Female,21-30,6,0,Zero Balance,1,1,0,48426.98,Low Salary,0
15646756,682,Good,France,Female,31-40,8,74963.5,Medium Balance,1,1,1,32770.56,Low Salary,0
15742886,642,Fair,France,Male,21-30,1,138023.79,High Balance,2,0,1,117060.2,High Salary,0
15586135,536,Poor,Spain,Female,21-30,4,0,Zero Balance,1,1,1,136197.65,High Salary,0
15616152,754,Very Good,France,Female,41-50,1,185513.67,Very High Balance,1,1,0,27438.83,Low Salary,0
15721460,678,Good,France,Male,51-60,8,185648.56,Very High Balance,1,0,0,192156.54,Very High salary,1
15727317,533,Poor,Germany,Female,41-50,1,102286.6,High Balance,3,1,0,69409.37,Medium Salary,1
15649536,741,Very Good,Germany,Male,31-40,4,128015.83,High Balance,1,1,0,58440.43,Medium Salary,0
15754929,757,Very Good,France,Male,31-40,10,39539.39,Low Balance,2,0,0,192519.39,Very High salary,0
15572051,721,Good,France,Male,31-40,3,0,Zero Balance,1,1,1,144874.67,High Salary,0
15668142,700,Good,France,Male,31-40,3,77608.46,Medium Balance,2,1,1,175373.46,Very High salary,0
15701176,663,Fair,France,Male,21-30,5,141462.13,High Balance,1,1,0,440.2,Low Salary,0
15708422,677,Good,Spain,Female,31-40,0,0,Zero Balance,2,0,0,76637.38,Medium Salary,0
15655632,655,Fair,France,Male,21-30,2,131691.33,High Balance,1,1,0,49480.66,Low Salary,0
15744606,832,Excellent,Spain,Male,21-30,8,93833.86,Medium Balance,1,0,1,10417.87,Low Salary,0
15612140,721,Good,Spain,Female,41-50,7,137933.39,High Balance,1,1,1,67976.57,Medium Salary,0
15656086,542,Poor,Spain,Male,51-60,8,105770.14,High Balance,1,0,1,140929.98,High Salary,1
15655298,654,Fair,Spain,Female,51-60,5,0,Zero Balance,2,0,1,47139.06,Low Salary,0
15644796,821,Excellent,Spain,Female,31-40,8,0,Zero Balance,2,0,1,126241.4,High Salary,1
15726250,508,Poor,France,Female,31-40,3,166328.65,Very High Balance,2,0,1,22614.19,Low Salary,0
15764432,588,Fair,Germany,Female,41-50,2,164307.77,Very High Balance,1,1,0,48498.19,Low Salary,0
15631721,691,Good,Germany,Male,31-40,9,163965.69,Very High Balance,2,0,1,103511.26,High Salary,0
15707479,664,Fair,France,Male,31-40,7,125608.72,High Balance,1,1,0,122073.48,High Salary,0
15579826,439,Poor,France,Female,60+,9,0,Zero Balance,1,1,0,65535.56,Medium Salary,0
15668104,479,Poor,Spain,Male,31-40,6,118433.94,High Balance,1,0,1,160060.9,Very High salary,0
15641604,850,Excellent,France,Female,51-60,10,98488.08,Medium Balance,1,1,0,155879.57,Very High salary,1
15587240,518,Poor,France,Male,31-40,4,0,Zero Balance,2,0,1,194416.58,Very High salary,0
15680767,717,Good,Germany,Female,60+,10,98362.35,Medium Balance,2,1,1,21630.21,Low Salary,0
15601594,698,Good,France,Female,51-60,6,144237.91,High Balance,4,1,0,157143.61,Very High salary,1
15589969,850,Excellent,France,Male,31-40,6,0,Zero Balance,1,0,1,52796.31,Medium Salary,0
15703728,700,Good,Spain,Male,41-50,4,0,Zero Balance,1,1,0,121798.52,High Salary,1
15617790,626,Fair,France,Female,21-30,4,105767.28,High Balance,2,0,0,41104.82,Low Salary,0
15662500,774,Very Good,Spain,Male,31-40,9,0,Zero Balance,2,1,0,10604.48,Low Salary,0
15778526,719,Good,Spain,Female,41-50,5,0,Zero Balance,2,0,0,78563.66,Medium Salary,0
15670584,646,Fair,Spain,Male,31-40,2,0,Zero Balance,1,1,1,170821.43,Very High salary,1
15748069,485,Poor,France,Female,21-30,3,134467.26,High Balance,1,1,1,113266.09,High Salary,0
15680597,784,Very Good,Germany,Male,31-40,1,138515.02,High Balance,1,1,1,171768.76,Very High salary,0
15628992,850,Excellent,Germany,Male,31-40,2,128647.98,High Balance,2,0,0,54416.18,Medium Salary,0
15719624,669,Fair,France,Female,31-40,9,121858.98,High Balance,1,1,0,130755.34,High Salary,0
15812767,731,Good,Spain,Male,60+,3,0,Zero Balance,2,1,1,141180.66,High Salary,0
15689201,721,Good,France,Female,41-50,1,120108.56,High Balance,1,0,1,183421.76,Very High salary,0
15614716,515,Poor,France,Female,31-40,0,196853.62,Very High Balance,1,1,1,132770.11,High Salary,0
15683618,774,Very Good,France,Female,31-40,3,121418.62,High Balance,1,1,1,24400.37,Low Salary,0
15799631,585,Fair,Spain,Male,31-40,10,0,Zero Balance,2,1,1,180318.6,Very High salary,0
15692259,695,Good,France,Female,21-30,9,0,Zero Balance,2,1,0,111565.45,High Salary,0
15590966,729,Good,Germany,Female,41-50,4,97495.8,Medium Balance,2,0,0,2002.5,Low Salary,0
15656426,713,Good,France,Female,41-50,3,0,Zero Balance,2,0,0,82565.01,Medium Salary,0
15675256,555,Poor,Spain,Male,31-40,5,127343.4,High Balance,1,0,1,121789.3,High Salary,0
15751185,699,Good,Spain,Female,41-50,0,158633.61,Very High Balance,1,1,0,193785.87,Very High salary,0
15789582,587,Fair,France,Male,51-60,9,0,Zero Balance,1,1,0,64593.07,Medium Salary,0
15651103,762,Very Good,Spain,Female,60+,9,183744.98,Very High Balance,1,1,1,196993.69,Very High salary,0
15672299,510,Poor,France,Male,41-50,6,0,Zero Balance,2,1,1,175518.31,Very High salary,0
15772250,842,Excellent,Spain,Male,41-50,9,0,Zero Balance,1,0,0,17268.02,Low Salary,0
15763922,608,Fair,France,Male,31-40,7,79962.92,Medium Balance,2,1,0,60901.72,Medium Salary,0
15633870,850,Excellent,France,Female,31-40,10,0,Zero Balance,2,1,1,100750.03,High Salary,0
15624323,642,Fair,France,Male,31-40,4,0,Zero Balance,2,1,1,195224.91,Very High salary,0
15688612,850,Excellent,France,Male,31-40,7,140956.99,High Balance,1,0,0,3510.18,Low Salary,0
15694644,455,Poor,Spain,Female,41-50,6,0,Zero Balance,1,1,1,81250.79,Medium Salary,0
15587174,726,Good,France,Male,21-30,7,0,Zero Balance,2,1,1,91844.14,Medium Salary,1
15579559,544,Poor,Spain,Male,21-30,8,145241.63,High Balance,1,1,1,80676.83,Medium Salary,0
15775430,651,Fair,Germany,Male,31-40,7,138008.06,High Balance,2,1,0,129912.74,High Salary,0
15623695,814,Excellent,France,Female,31-40,4,0,Zero Balance,2,1,1,142029.17,High Salary,0
15760849,537,Poor,France,Male,31-40,2,0,Zero Balance,2,1,1,137651.6,High Salary,0
15813095,553,Poor,France,Male,31-40,2,0,Zero Balance,2,1,0,33877.29,Low Salary,0
15705281,800,Excellent,Spain,Male,31-40,9,0,Zero Balance,1,1,0,78744.39,Medium Salary,0
15812594,791,Very Good,France,Male,31-40,7,0,Zero Balance,2,1,0,96734.46,Medium Salary,0
15626322,699,Good,Spain,Female,21-30,9,127570.93,High Balance,2,1,0,164756.81,Very High salary,0
15723105,756,Very Good,France,Female,21-30,6,0,Zero Balance,1,1,1,164394.65,Very High salary,0
15588449,591,Fair,Spain,Female,21-30,5,107812.67,High Balance,1,0,1,162501.83,Very High salary,1
15794849,850,Excellent,Germany,Male,21-30,7,91560.58,Medium Balance,2,0,0,10541.38,Low Salary,0
15620000,760,Very Good,Germany,Male,31-40,6,121303.77,High Balance,2,1,1,59325.21,Medium Salary,0
15799720,569,Poor,Spain,Male,41-50,8,161546.68,Very High Balance,2,0,1,178187.28,Very High salary,0
15711287,661,Fair,Spain,Female,31-40,5,128415.45,High Balance,1,1,0,142626.49,High Salary,0
15613102,670,Good,France,Female,31-40,2,57530.06,Medium Balance,1,1,1,181893.31,Very High salary,1
15621440,694,Good,France,Male,31-40,1,0,Zero Balance,2,0,1,156858.2,Very High salary,0
15677146,728,Good,France,Female,21-30,4,142243.54,High Balance,2,1,0,33074.51,Low Salary,0
15801169,764,Very Good,Germany,Female,31-40,9,138341.51,High Balance,1,1,0,50072.94,Medium Salary,1
15722425,639,Fair,France,Male,31-40,9,0,Zero Balance,2,1,0,111340.36,High Salary,0
15682421,683,Good,France,Female,21-30,2,0,Zero Balance,2,0,1,100496.84,High Salary,1
15691910,663,Fair,Spain,Male,21-30,4,0,Zero Balance,3,1,0,101371.05,High Salary,0
15721779,826,Excellent,Spain,Male,41-50,5,146466.46,High Balance,2,0,0,180934.67,Very High salary,0
15579548,735,Good,Spain,Male,31-40,5,0,Zero Balance,2,1,0,105152.17,High Salary,0
15681075,682,Good,France,Female,51-60,1,0,Zero Balance,1,1,1,706.5,Low Salary,0
15607884,663,Fair,France,Female,31-40,8,0,Zero Balance,2,1,1,101168.9,High Salary,0
15767757,562,Poor,Spain,Female,21-30,9,120307.58,High Balance,1,1,1,6795.61,Low Salary,0
15791550,696,Good,France,Male,21-30,4,87637.26,Medium Balance,2,0,0,196111.35,Very High salary,0
15658589,850,Excellent,Spain,Male,31-40,2,94652.04,Medium Balance,1,1,1,171960.76,Very High salary,0
15670822,719,Good,France,Female,21-30,7,114415.84,High Balance,1,1,1,177497.4,Very High salary,0
15629744,804,Excellent,France,Female,60+,8,0,Zero Balance,2,0,1,147995.96,High Salary,0
15660768,604,Fair,France,Male,31-40,1,84315.02,Medium Balance,1,0,0,36209.1,Low Salary,0
15726310,782,Very Good,Spain,Female,21-30,3,0,Zero Balance,2,1,0,143614.01,High Salary,0
15641298,512,Poor,Germany,Male,41-50,9,93955.83,Medium Balance,2,1,0,14828.54,Low Salary,0
15625675,569,Poor,France,Male,31-40,1,67087.69,Medium Balance,1,1,0,154775.7,Very High salary,0
15713354,597,Fair,Germany,Female,21-30,6,101528.61,High Balance,1,1,0,70529,Medium Salary,1
15633866,753,Very Good,Germany,Male,21-30,1,110824.52,High Balance,1,1,1,57896.27,Medium Salary,0
15704231,430,Poor,France,Female,31-40,8,0,Zero Balance,1,1,1,69759.91,Medium Salary,0
15735400,756,Very Good,France,Male,21-30,8,179960.2,Very High Balance,1,1,0,89938.08,Medium Salary,0
15632826,493,Poor,France,Male,31-40,3,134006.77,High Balance,1,1,0,89578.32,Medium Salary,0
15751022,777,Very Good,Germany,Female,31-40,10,121532.17,High Balance,2,1,1,73464.88,Medium Salary,0
15664737,779,Very Good,Spain,Female,31-40,7,0,Zero Balance,2,1,1,138542.87,High Salary,0
15681126,702,Good,Spain,Female,31-40,2,0,Zero Balance,1,1,1,161888.63,Very High salary,0
15738954,551,Poor,France,Male,31-40,7,129717.3,High Balance,2,0,0,86937.2,Medium Salary,0
15662263,749,Very Good,Germany,Male,21-30,4,94762.16,Medium Balance,2,1,1,42241.54,Low Salary,0
15621611,742,Very Good,Germany,Male,51-60,5,155196.17,Very High Balance,1,0,1,121207.66,High Salary,1
15783752,752,Very Good,Germany,Male,21-30,4,129514.99,High Balance,1,1,1,102930.46,High Salary,0
15709474,740,Very Good,Germany,Female,51-60,3,113386.36,High Balance,2,1,1,65121.63,Medium Salary,1
15701280,576,Poor,France,Male,21-30,3,0,Zero Balance,1,0,1,78498.04,Medium Salary,1
15671104,637,Fair,Spain,Male,41-50,3,172196.23,Very High Balance,1,1,1,104769.96,High Salary,0
15796434,724,Good,France,Male,21-30,5,97612.12,Medium Balance,1,1,1,96498.14,Medium Salary,0
15781505,685,Good,France,Male,0-20,4,104719.94,High Balance,2,1,0,38691.34,Low Salary,0
15625819,625,Fair,France,Female,31-40,7,0,Zero Balance,1,1,0,164804.02,Very High salary,0
15753174,571,Poor,Germany,Male,31-40,9,139592.98,High Balance,3,1,0,104152.65,High Salary,1
15654067,584,Fair,Spain,Female,21-30,4,0,Zero Balance,2,1,0,88866.92,Medium Salary,0
15724719,550,Poor,France,Female,21-30,7,139096.85,High Balance,1,1,0,129890.94,High Salary,0
15624695,662,Fair,Spain,Female,60+,7,140301.72,High Balance,1,0,1,179258.67,Very High salary,0
15718216,803,Excellent,Spain,Male,41-50,3,0,Zero Balance,1,1,0,72051.44,Medium Salary,0
15586300,615,Fair,France,Male,60+,7,0,Zero Balance,2,1,1,74580.8,Medium Salary,0
15783349,481,Poor,Spain,Male,31-40,1,111233.09,High Balance,1,1,1,123995.15,High Salary,0
15725767,701,Good,France,Male,21-30,3,0,Zero Balance,2,1,0,38960.59,Low Salary,0
15791925,751,Very Good,France,Male,21-30,10,147737.63,High Balance,1,0,1,94951.27,Medium Salary,0
15793585,675,Good,France,Male,31-40,8,0,Zero Balance,2,1,1,56642.97,Medium Salary,0
15576641,733,Good,Germany,Male,31-40,5,125725.02,High Balance,2,1,1,50783.1,Medium Salary,0
15749519,822,Excellent,France,Male,31-40,6,128289.7,High Balance,3,1,0,9149.96,Low Salary,1
15684960,559,Poor,France,Female,41-50,5,0,Zero Balance,1,1,0,21006.1,Low Salary,1
15591286,731,Good,Germany,Female,41-50,4,88826.07,Medium Balance,1,1,1,33759.41,Low Salary,1
15668323,678,Good,France,Female,41-50,1,143443.61,High Balance,1,1,0,196622.28,Very High salary,1
15608528,645,Fair,France,Female,60+,9,0,Zero Balance,4,1,1,176353.87,Very High salary,1
15645184,701,Good,France,Male,21-30,2,0,Zero Balance,2,1,0,176943.59,Very High salary,0
15702566,554,Poor,Spain,Male,21-30,8,149134.46,High Balance,1,1,1,177966.24,Very High salary,0
15660840,723,Good,France,Male,21-30,3,124119.54,High Balance,1,1,0,162198.32,Very High salary,0
15750811,766,Very Good,Germany,Male,41-50,3,116822.7,High Balance,1,0,0,197643.24,Very High salary,0
15733842,597,Fair,France,Female,21-30,1,103219.47,High Balance,1,1,0,60420.07,Medium Salary,0
15581526,574,Poor,France,Male,41-50,1,0,Zero Balance,2,0,0,70550,Medium Salary,0
15662751,655,Fair,Germany,Female,31-40,0,81954.6,Medium Balance,1,1,1,198798.44,Very High salary,1
15684319,780,Very Good,Germany,Female,31-40,10,95196.26,Medium Balance,1,1,0,126310.39,High Salary,1
15702190,672,Good,Spain,Male,41-50,5,0,Zero Balance,2,1,1,64515.5,Medium Salary,0
15588517,717,Good,France,Male,31-40,7,0,Zero Balance,2,1,1,158580.05,Very High salary,0
15801863,521,Poor,France,Female,31-40,2,136555.01,High Balance,2,1,1,129353.21,High Salary,0
15584271,633,Fair,France,Male,51-60,5,0,Zero Balance,1,1,1,137273.97,High Salary,0
15700366,669,Fair,France,Male,31-40,3,119452.03,High Balance,1,1,1,171575.54,Very High salary,0
15804038,740,Very Good,France,Male,41-50,9,0,Zero Balance,1,0,1,96528,Medium Salary,1
15720820,462,Poor,Germany,Female,21-30,9,69881.09,Medium Balance,2,0,1,64421.02,Medium Salary,0
15743759,619,Fair,France,Male,31-40,5,0,Zero Balance,2,1,1,158444.61,Very High salary,0
15749947,665,Fair,France,Female,41-50,7,0,Zero Balance,2,1,1,66548.58,Medium Salary,0
15670496,655,Fair,Spain,Female,21-30,9,0,Zero Balance,2,0,0,108008.05,High Salary,0
15746664,463,Poor,Spain,Male,0-20,8,204223.03,Very High Balance,1,1,0,128268.39,High Salary,0
15745533,799,Very Good,France,Female,60+,1,110314.21,High Balance,2,1,0,37464,Low Salary,1
15761497,713,Good,Spain,Female,41-50,1,163760.82,Very High Balance,1,0,0,157381.14,Very High salary,1
15628600,807,Excellent,Germany,Female,31-40,1,141069.18,High Balance,3,1,1,194257.11,Very High salary,0
15627002,728,Good,France,Male,31-40,1,115934.74,High Balance,1,1,1,139059.05,High Salary,0
15614635,582,Fair,France,Male,51-60,2,151457.88,Very High Balance,1,0,1,40893.61,Low Salary,0
15731281,704,Good,Germany,Female,31-40,3,154206.07,Very High Balance,2,1,1,40261.49,Low Salary,0
15814022,714,Good,France,Female,21-30,9,89928.99,Medium Balance,1,1,0,46203.31,Low Salary,0
15659194,628,Fair,France,Male,21-30,8,89182.09,Medium Balance,1,1,1,13126.9,Low Salary,0
15745030,809,Excellent,Germany,Male,41-50,1,79706.25,Medium Balance,2,1,0,165675.01,Very High salary,0
15691817,547,Poor,Spain,Female,41-50,5,0,Zero Balance,3,0,0,5459.07,Low Salary,1
15707488,560,Poor,France,Female,21-30,5,0,Zero Balance,2,1,0,131919.48,High Salary,0
15784700,811,Excellent,France,Male,31-40,7,117799.28,High Balance,1,1,1,182372.35,Very High salary,0
15710397,584,Fair,France,Male,21-30,4,0,Zero Balance,2,1,0,147600.54,High Salary,0
15687648,691,Good,France,Male,21-30,1,0,Zero Balance,2,0,0,92865.41,Medium Salary,0
15732281,680,Good,Germany,Male,31-40,6,146422.22,High Balance,1,1,0,67142.97,Medium Salary,1
15607230,588,Fair,Germany,Male,31-40,9,150186.22,Very High Balance,2,1,1,65611.01,Medium Salary,0
15567630,721,Good,Germany,Male,31-40,6,100275.88,High Balance,1,1,0,138564.48,High Salary,1
15587507,850,Excellent,France,Male,41-50,6,0,Zero Balance,1,1,0,187391.02,Very High salary,1
15733904,529,Poor,France,Male,31-40,9,147493.89,High Balance,1,1,0,33656.35,Low Salary,0
15709511,622,Fair,France,Male,41-50,8,0,Zero Balance,2,1,0,100618.17,High Salary,0
15579616,683,Good,France,Female,41-50,8,0,Zero Balance,2,0,1,198134.9,Very High salary,0
15694852,575,Poor,France,Male,21-30,4,121823.4,High Balance,2,1,1,50368.87,Medium Salary,0
15589924,577,Poor,Spain,Female,31-40,1,0,Zero Balance,2,1,1,108787,High Salary,0
15799300,510,Poor,Germany,Male,31-40,0,113688.63,High Balance,1,1,0,33099.41,Low Salary,1
15731330,652,Fair,Spain,Female,31-40,7,100471.34,High Balance,1,1,1,124550.88,High Salary,0
15694129,569,Poor,Germany,Female,21-30,3,100032.52,High Balance,1,1,0,5159.21,Low Salary,1
15620372,687,Good,Spain,Male,31-40,3,0,Zero Balance,2,0,0,48228.1,Low Salary,0
15744622,822,Excellent,France,Male,31-40,8,116358,High Balance,1,1,0,108798.36,High Salary,0
15799815,656,Fair,Germany,Female,21-30,4,163549.63,Very High Balance,1,0,1,21085.12,Low Salary,0
15759250,745,Very Good,Germany,Male,51-60,3,99183.9,Medium Balance,1,1,1,28922.25,Low Salary,0
15732643,386,Poor,Spain,Female,51-60,1,131955.07,High Balance,1,1,1,62514.65,Medium Salary,1
15690540,684,Good,Spain,Female,41-50,1,134177.06,High Balance,1,0,0,177506.66,Very High salary,0
15803078,635,Fair,Spain,Female,31-40,1,0,Zero Balance,2,1,0,90605.05,Medium Salary,0
15652180,582,Fair,France,Male,21-30,2,0,Zero Balance,2,1,1,132029.95,High Salary,0
15741195,613,Fair,Spain,Male,0-20,5,0,Zero Balance,1,1,1,176903.35,Very High salary,0
15743490,795,Very Good,Germany,Female,51-60,9,94348.94,Medium Balance,1,1,0,29239.29,Low Salary,1
15575510,659,Fair,France,Female,31-40,2,155584.21,Very High Balance,1,0,1,153662.88,Very High salary,0
15732610,745,Very Good,France,Female,21-30,6,0,Zero Balance,2,1,0,154389.18,Very High salary,0
15602909,604,Fair,Spain,Female,41-50,10,0,Zero Balance,2,1,1,166224.39,Very High salary,0
15734058,509,Poor,Germany,Male,31-40,9,170661.47,Very High Balance,1,1,1,21646.2,Low Salary,0
15801788,706,Good,Germany,Female,21-30,6,185544.36,Very High Balance,1,1,0,171037.63,Very High salary,0
15702462,619,Fair,Spain,Female,41-50,6,52831.13,Medium Balance,1,1,1,112649.22,High Salary,1
15683416,572,Poor,Germany,Male,51-60,8,97750.07,Medium Balance,3,1,1,193014.26,Very High salary,1
15794187,695,Good,France,Male,31-40,6,114007.5,High Balance,2,1,0,118120.88,High Salary,0
15792989,543,Poor,France,Female,60+,1,104308.77,High Balance,1,1,1,25650.04,Low Salary,0
15613734,640,Fair,France,Female,31-40,6,84719.13,Medium Balance,2,1,1,113048.79,High Salary,0
15606177,672,Good,France,Male,31-40,2,0,Zero Balance,2,1,0,87372.49,Medium Salary,0
15636700,701,Good,France,Male,31-40,9,140236.98,High Balance,1,0,1,146651.99,High Salary,0
15645766,634,Fair,Spain,Male,21-30,9,0,Zero Balance,2,1,1,8227.91,Low Salary,0
15671345,531,Poor,Spain,Female,41-50,6,75302.85,Medium Balance,2,0,0,57034.35,Medium Salary,0
15652469,699,Good,France,Male,21-30,1,0,Zero Balance,2,1,0,93003.21,Medium Salary,0
15749638,605,Fair,France,Female,51-60,9,104760.82,High Balance,1,1,1,165574.54,Very High salary,1
15728706,534,Poor,France,Female,41-50,7,0,Zero Balance,1,1,0,13566.48,Low Salary,1
15735439,449,Poor,Spain,Female,31-40,1,113693,High Balance,1,0,0,82796.29,Medium Salary,0
15778696,684,Good,Spain,Female,31-40,5,174180.39,Very High Balance,1,1,0,119830.08,High Salary,0
15624744,622,Fair,Germany,Male,41-50,9,115766.26,High Balance,1,0,0,72155.85,Medium Salary,1
15584338,714,Good,France,Female,31-40,0,0,Zero Balance,2,1,0,62762.12,Medium Salary,0
15726178,712,Good,Spain,Female,41-50,8,0,Zero Balance,2,1,0,183235.33,Very High salary,0
15794939,783,Very Good,France,Female,60+,5,121215.9,High Balance,2,1,1,105206.48,High Salary,0
15788068,743,Very Good,Germany,Male,41-50,10,144677.19,High Balance,3,1,0,22512.44,Low Salary,1
15572956,683,Good,France,Male,31-40,5,115350.63,High Balance,1,1,1,122305.91,High Salary,0
15780386,654,Fair,Spain,Male,31-40,5,105683.63,High Balance,1,1,0,173617.09,Very High salary,0
15791114,700,Good,France,Male,31-40,1,135179.49,High Balance,1,1,0,160670.37,Very High salary,0
15708046,744,Very Good,Spain,Male,31-40,0,117551.23,High Balance,1,1,0,158958.9,Very High salary,0
15719779,645,Fair,Germany,Male,21-30,1,157404.02,Very High Balance,2,1,0,93073.04,Medium Salary,0
15591550,525,Poor,Spain,Male,31-40,3,77910.23,Medium Balance,1,1,0,67238.01,Medium Salary,0
15639368,732,Good,France,Male,21-30,0,110942.9,High Balance,1,0,0,172576.56,Very High salary,0
15699830,721,Good,France,Female,31-40,7,0,Zero Balance,2,1,1,122580.48,High Salary,0
15569264,622,Fair,France,Male,31-40,5,179305.09,Very High Balance,1,1,1,149043.78,High Salary,0
15595158,654,Fair,Germany,Male,31-40,5,150593.59,Very High Balance,2,1,1,105218.45,High Salary,0
15599126,529,Poor,France,Female,41-50,0,123815.86,High Balance,1,1,1,78463.99,Medium Salary,1
15650575,720,Good,Spain,Female,51-60,6,0,Zero Balance,2,1,1,160849.43,Very High salary,1
15641490,850,Excellent,Germany,Female,21-30,8,69385.17,Medium Balance,2,1,0,87834.24,Medium Salary,0
15680234,667,Fair,Germany,Male,21-30,2,138032.15,High Balance,1,1,0,166317.71,Very High salary,0
15592230,620,Fair,France,Male,41-50,3,0,Zero Balance,2,1,1,137309.06,High Salary,0
15626212,616,Fair,France,Male,21-30,9,0,Zero Balance,1,1,1,166984.44,Very High salary,0
15700627,637,Fair,Germany,Female,41-50,2,143500.82,High Balance,1,1,0,166996.46,Very High salary,1
15782641,710,Good,Spain,Female,21-30,3,119670.18,High Balance,1,1,0,188022.44,Very High salary,0
15784445,717,Good,Spain,Male,31-40,1,99106.73,Medium Balance,1,0,0,194467.23,Very High salary,0
15813681,786,Very Good,Germany,Male,21-30,2,120135.55,High Balance,2,1,1,125449.47,High Salary,0
15596649,651,Fair,France,Female,31-40,8,0,Zero Balance,1,1,0,137452.57,High Salary,0
15700460,530,Poor,France,Female,51-60,4,120905.03,High Balance,1,0,1,123475.88,High Salary,1
15724076,815,Excellent,Spain,Female,51-60,5,0,Zero Balance,3,0,0,38941.44,Low Salary,1
15784000,715,Good,Germany,Female,31-40,9,102277.52,High Balance,1,0,0,177852.57,Very High salary,1
15733966,496,Poor,Germany,Female,51-60,4,125292.53,High Balance,1,1,1,31532.96,Low Salary,1
15612667,680,Good,Spain,Male,41-50,0,0,Zero Balance,1,1,0,136377.21,High Salary,0
15654025,646,Fair,France,Female,51-60,4,101629.3,High Balance,1,0,0,130541.1,High Salary,0
15589431,807,Excellent,Germany,Male,41-50,1,171937.27,Very High Balance,1,1,1,65636.92,Medium Salary,0
15578238,727,Good,France,Male,41-50,7,0,Zero Balance,2,1,0,193305.35,Very High salary,0
15566269,787,Very Good,France,Male,21-30,5,0,Zero Balance,2,1,0,47307.9,Low Salary,0
15639217,806,Excellent,France,Male,31-40,6,0,Zero Balance,2,0,0,100809.99,High Salary,0
15688644,603,Fair,France,Male,31-40,1,129743.75,High Balance,1,1,0,109145.2,High Salary,0
15662426,649,Fair,Spain,Male,31-40,1,0,Zero Balance,1,0,1,91167.19,Medium Salary,1
15720511,547,Poor,Germany,Male,41-50,3,151191.31,Very High Balance,1,1,0,175295.89,Very High salary,1
15567246,684,Good,Germany,Male,31-40,3,102630.13,High Balance,2,1,1,127433.47,High Salary,0
15647965,477,Poor,France,Female,51-60,9,114023.64,High Balance,2,1,1,71167.17,Medium Salary,1
15679048,558,Poor,Germany,Male,41-50,2,124227.14,High Balance,1,1,1,111184.67,High Salary,0
15675749,695,Good,France,Female,21-30,1,0,Zero Balance,2,1,1,141756.32,High Salary,0
15782181,592,Fair,Spain,Male,31-40,6,80285.16,Medium Balance,1,1,0,72678.75,Medium Salary,1
15795738,789,Very Good,France,Male,31-40,4,175477.15,Very High Balance,1,1,1,172832.9,Very High salary,0
15773751,597,Fair,France,Female,21-30,1,132144.35,High Balance,1,1,0,158086.33,Very High salary,0
15655436,839,Excellent,Germany,Male,41-50,2,136911.07,High Balance,1,1,1,168184.62,Very High salary,1
15691396,405,Poor,Germany,Male,31-40,5,133299.67,High Balance,2,1,1,72950.14,Medium Salary,0
15796958,658,Fair,France,Male,31-40,7,0,Zero Balance,2,1,0,48378.4,Low Salary,0
15801832,684,Good,Germany,Male,41-50,1,117691,High Balance,1,1,1,23135.65,Low Salary,1
15661349,633,Fair,France,Male,31-40,10,0,Zero Balance,2,1,0,65675.47,Medium Salary,0
15719265,589,Fair,France,Male,41-50,9,0,Zero Balance,2,1,0,170676.67,Very High salary,0
15779985,750,Very Good,Germany,Female,31-40,1,133199.71,High Balance,2,1,1,27366.77,Low Salary,0
15663410,771,Very Good,Spain,Male,51-60,5,135506.58,High Balance,3,1,1,152479.64,Very High salary,1
15704144,812,Excellent,Germany,Male,31-40,2,127154.14,High Balance,2,0,1,105383.49,High Salary,0
15774104,539,Poor,Spain,Male,31-40,2,0,Zero Balance,2,1,1,48189.94,Low Salary,0
15812230,670,Good,Germany,Female,41-50,5,49508.79,Low Balance,3,1,1,100324.01,High Salary,0
15742848,673,Good,France,Male,41-50,5,0,Zero Balance,1,1,1,65657.29,Medium Salary,0
15745326,538,Poor,France,Female,60+,3,75051.49,Medium Balance,1,0,0,17682.02,Low Salary,1
15674541,575,Poor,Spain,Male,51-60,8,123925.23,High Balance,1,0,0,111342.66,High Salary,1
15728564,682,Good,France,Male,41-50,6,0,Zero Balance,2,0,1,134158.09,High Salary,1
15580701,712,Good,France,Male,31-40,3,153819.58,Very High Balance,1,1,0,79176.09,Medium Salary,1
15688973,598,Fair,Spain,Female,31-40,5,0,Zero Balance,2,1,1,83103.46,Medium Salary,0
15709412,776,Very Good,Spain,Male,21-30,6,0,Zero Balance,2,0,1,63908.86,Medium Salary,0
15607753,606,Fair,Spain,Female,21-30,10,70417.79,Medium Balance,1,0,1,90896.04,Medium Salary,0
15705352,686,Good,Spain,Male,31-40,7,111484.88,High Balance,1,1,1,76076.2,Medium Salary,0
15602500,850,Excellent,Spain,Male,31-40,1,146343.98,High Balance,1,0,1,103902.11,High Salary,0
15672437,642,Fair,France,Male,60+,1,160541,Very High Balance,2,1,1,142223.94,High Salary,0
15720968,606,Fair,Germany,Male,21-30,2,130274.26,High Balance,2,1,0,147533.09,High Salary,0
15730796,627,Fair,France,Female,21-30,7,98993.02,Medium Balance,1,1,1,169156.64,Very High salary,0
15768219,850,Excellent,Spain,Male,31-40,0,0,Zero Balance,2,1,0,141242.57,High Salary,0
15663883,850,Excellent,Germany,Male,31-40,9,141827.33,High Balance,2,1,1,149458.73,High Salary,0
15589296,724,Good,France,Female,31-40,6,110054.45,High Balance,1,1,1,86950.72,Medium Salary,0
15586425,579,Poor,France,Male,21-30,4,0,Zero Balance,2,1,1,176925.69,Very High salary,0
15679813,727,Good,Spain,Male,21-30,1,0,Zero Balance,1,1,0,40357.39,Low Salary,0
15681410,813,Excellent,Germany,Female,31-40,6,98088.09,Medium Balance,1,0,1,26687.22,Low Salary,1
15668283,642,Fair,France,Male,41-50,9,118317.27,High Balance,4,0,0,78702.98,Medium Salary,1
15624072,669,Fair,Spain,Male,21-30,10,0,Zero Balance,2,1,0,176163.74,Very High salary,0
15669664,574,Poor,Germany,Male,51-60,1,99774.5,Medium Balance,1,0,0,4896.11,Low Salary,1
15682728,774,Very Good,France,Female,31-40,4,0,Zero Balance,2,0,0,114899.13,High Salary,0
15573851,735,Good,France,Female,31-40,1,0,Zero Balance,3,0,0,92220.12,Medium Salary,1
15733661,639,Fair,Spain,Female,21-30,8,133806.54,High Balance,2,1,0,6251.3,Low Salary,0
15710012,738,Good,Spain,Male,41-50,2,0,Zero Balance,2,1,0,43018.82,Low Salary,1
15763327,835,Excellent,France,Male,31-40,8,124993.29,High Balance,2,1,1,27548.06,Low Salary,0
15668853,637,Fair,Spain,Female,41-50,0,157622.58,Very High Balance,1,1,1,120454.2,High Salary,0
15639303,589,Fair,Germany,Male,41-50,5,126111.61,High Balance,1,0,1,133961.19,High Salary,0
15691011,591,Fair,France,Male,41-50,9,161651.37,Very High Balance,2,1,1,131753.97,High Salary,0
15638513,723,Good,France,Female,31-40,7,142856.95,High Balance,2,0,0,38019.74,Low Salary,0
15648933,831,Excellent,Germany,Male,41-50,3,111100.98,High Balance,1,1,1,28144.07,Low Salary,1
15628904,733,Good,Spain,Male,31-40,8,102918.38,High Balance,1,1,1,45959.86,Low Salary,0
15644788,731,Good,France,Female,21-30,5,0,Zero Balance,2,1,0,189528.72,Very High salary,0
15598161,654,Fair,France,Male,41-50,10,0,Zero Balance,2,1,0,170481.98,Very High salary,0
15745624,828,Excellent,France,Male,31-40,4,0,Zero Balance,2,1,0,94845.45,Medium Salary,0
15733169,590,Fair,Spain,Male,21-30,7,125265.61,High Balance,1,1,1,161253.08,Very High salary,0
15801417,657,Fair,France,Male,31-40,4,82500.28,Medium Balance,1,1,1,115260.72,High Salary,0
15592707,531,Poor,Germany,Female,60+,2,175754.87,Very High Balance,2,1,1,60721.4,Medium Salary,0
15593954,516,Poor,France,Female,41-50,6,109387.33,High Balance,1,0,0,121365.45,High Salary,0
15714431,561,Poor,France,Male,31-40,1,100443.36,High Balance,2,0,1,101693.73,High Salary,0
15638257,682,Good,Spain,Female,51-60,0,83102.72,Medium Balance,2,1,1,54132.93,Medium Salary,0
15690939,575,Poor,Spain,Male,21-30,7,0,Zero Balance,1,1,1,10666.05,Low Salary,0
15723613,623,Fair,France,Female,21-30,4,0,Zero Balance,2,1,0,41227.67,Low Salary,0
15813640,642,Fair,France,Female,31-40,7,0,Zero Balance,2,1,0,10712.82,Low Salary,0
15707322,779,Very Good,France,Female,41-50,2,115290.27,High Balance,1,0,0,98912.69,Medium Salary,1
15588918,671,Good,France,Female,41-50,6,0,Zero Balance,2,1,0,197202.48,Very High salary,0
15600357,495,Poor,France,Female,31-40,1,140197.71,High Balance,2,1,0,150720.39,Very High salary,0
15747014,850,Excellent,France,Female,21-30,1,105245.34,High Balance,1,0,1,74780.13,Medium Salary,0
15809830,630,Fair,France,Male,41-50,8,0,Zero Balance,2,0,1,79377.45,Medium Salary,0
15662245,588,Fair,France,Male,31-40,1,0,Zero Balance,2,1,1,8763.87,Low Salary,0
15651075,562,Poor,Germany,Male,31-40,3,142296.13,High Balance,1,0,1,177112.7,Very High salary,0
15594456,740,Very Good,Spain,Female,51-60,4,99097.33,Medium Balance,1,1,1,85016.64,Medium Salary,1
15583462,695,Good,France,Male,21-30,5,171069.39,Very High Balance,2,1,1,88689.4,Medium Salary,0
15757661,589,Fair,France,Female,31-40,7,0,Zero Balance,2,0,0,95985.64,Medium Salary,0
15729117,607,Fair,France,Female,31-40,1,102523.88,High Balance,1,1,1,166792.71,Very High salary,0
15749671,794,Very Good,France,Male,31-40,6,0,Zero Balance,2,1,1,68730.91,Medium Salary,0
15566253,580,Fair,Germany,Male,41-50,9,143391.07,High Balance,1,0,0,146891.07,High Salary,1
15595153,644,Fair,Germany,Female,41-50,8,106022.73,High Balance,2,0,0,148727.42,High Salary,0
15698572,636,Fair,Spain,Female,31-40,1,0,Zero Balance,1,1,0,43134.58,Low Salary,0
15674149,599,Fair,Germany,Male,31-40,3,128960.21,High Balance,2,1,1,40318.33,Low Salary,0
15623082,507,Poor,France,Female,31-40,2,0,Zero Balance,2,1,0,97633.93,Medium Salary,0
15797905,682,Good,France,Female,41-50,7,0,Zero Balance,2,1,0,65069.03,Medium Salary,0
15746028,714,Good,France,Female,21-30,7,0,Zero Balance,2,1,0,166335,Very High salary,0
15582951,696,Good,France,Female,21-30,8,126442.59,High Balance,1,1,0,121904.44,High Salary,0
15616471,599,Fair,Spain,Male,51-60,0,0,Zero Balance,1,1,1,175235.99,Very High salary,0
15641575,577,Poor,France,Male,31-40,2,127261.35,High Balance,1,1,0,56185.05,Medium Salary,0
15638803,733,Good,Spain,Female,31-40,5,0,Zero Balance,2,1,0,131625.14,High Salary,0
15808283,647,Fair,France,Female,31-40,4,0,Zero Balance,1,1,0,152323.04,Very High salary,0
15811200,831,Excellent,France,Female,31-40,2,0,Zero Balance,2,0,0,165840.94,Very High salary,0
15733476,543,Poor,Germany,Male,21-30,6,73481.05,Medium Balance,1,1,1,176692.65,Very High salary,0
15633274,679,Good,France,Male,31-40,7,160515.37,Very High Balance,1,1,0,121904.14,High Salary,0
15582168,713,Good,Germany,Female,60+,4,149525.34,High Balance,2,1,0,123663.63,High Salary,0
15807269,690,Good,Germany,Male,41-50,2,166522.78,Very High Balance,1,0,0,119644.59,High Salary,1
15602979,751,Very Good,France,Male,21-30,1,135536.5,High Balance,1,1,0,66825.33,Medium Salary,0
15660417,613,Fair,Germany,Female,41-50,10,120481.69,High Balance,1,0,0,94875.03,Medium Salary,1
15590199,701,Good,Spain,Male,21-30,1,103421.32,High Balance,1,0,1,76304.73,Medium Salary,0
15641794,698,Good,France,Male,31-40,5,135658.73,High Balance,2,0,1,39755,Low Salary,0
15779174,451,Poor,France,Female,31-40,2,0,Zero Balance,2,1,1,180142.42,Very High salary,0
15785547,665,Fair,France,Male,21-30,8,191402.82,Very High Balance,2,1,0,83238.4,Medium Salary,0
15795124,726,Good,Germany,Male,41-50,9,94504.35,Medium Balance,1,0,1,5078.9,Low Salary,0
15718912,608,Fair,Germany,Female,41-50,5,126147.84,High Balance,1,0,1,132424.69,High Salary,1
15592028,549,Poor,France,Female,41-50,7,0,Zero Balance,1,1,1,109057.56,High Salary,0
15580227,803,Excellent,France,Male,31-40,6,0,Zero Balance,2,1,0,115676.61,High Salary,0
15657830,663,Fair,France,Male,41-50,4,87624.03,Medium Balance,2,1,0,149401.33,High Salary,0
15798256,558,Poor,France,Female,41-50,1,153697.53,Very High Balance,2,0,0,89891.4,Medium Salary,1
15643819,714,Good,France,Female,21-30,4,0,Zero Balance,2,0,0,82500.84,Medium Salary,0
15754301,704,Good,France,Male,31-40,5,0,Zero Balance,1,1,0,6416.92,Low Salary,0
15726855,805,Excellent,Germany,Female,41-50,9,116585.97,High Balance,1,1,0,189428.75,Very High salary,1
15755225,659,Fair,Germany,Male,31-40,9,134464.58,High Balance,2,1,0,178833.34,Very High salary,0
15725221,738,Good,Germany,Male,60+,10,83008.31,Medium Balance,1,1,1,42766.03,Low Salary,0
15789055,635,Fair,Spain,Male,31-40,2,113635.16,High Balance,1,1,0,90883.12,Medium Salary,0
15617507,530,Poor,Spain,Female,31-40,7,0,Zero Balance,2,1,0,80619.09,Medium Salary,0
15668894,661,Fair,Germany,Male,41-50,5,122552.48,High Balance,2,0,1,120646.4,High Salary,0
15589563,531,Poor,Spain,Male,31-40,2,118899.45,High Balance,2,0,0,41409.36,Low Salary,0
15693162,694,Good,France,Female,21-30,5,99713.87,Medium Balance,1,0,0,112317.89,High Salary,0
15750099,731,Good,France,Female,31-40,6,0,Zero Balance,1,0,0,152128.36,Very High salary,0
15795540,556,Poor,France,Female,31-40,2,134208.22,High Balance,1,0,1,177670.57,Very High salary,0
15794941,647,Fair,Germany,Female,41-50,1,85906.65,Medium Balance,3,1,0,189159.97,Very High salary,0
15611848,850,Excellent,Germany,Male,31-40,3,137714.25,High Balance,1,0,1,159403.68,Very High salary,0
15581237,573,Poor,Spain,Male,31-40,1,160777.9,Very High Balance,1,1,1,149536.15,High Salary,0
15738150,591,Fair,France,Male,41-50,5,0,Zero Balance,2,1,1,155492.87,Very High salary,0
15678571,723,Good,France,Male,21-30,4,0,Zero Balance,2,0,0,24847.02,Low Salary,0
15736124,617,Fair,France,Male,21-30,1,102585.88,High Balance,2,1,1,115387.4,High Salary,0
15623202,704,Good,Germany,Female,31-40,10,102556.18,High Balance,2,1,0,171971.25,Very High salary,1
15804201,457,Poor,Germany,Male,41-50,4,126772.57,High Balance,1,0,1,126106.4,High Salary,0
15596863,787,Very Good,Germany,Female,31-40,3,158373.23,Very High Balance,1,1,1,28228.35,Low Salary,0
15696277,651,Fair,France,Female,31-40,9,0,Zero Balance,2,1,0,138113.71,High Salary,0
15748608,612,Fair,Germany,Male,41-50,5,141927.1,High Balance,1,1,1,43018.98,Low Salary,0
15723864,828,Excellent,Spain,Male,41-50,1,109876.82,High Balance,2,1,0,83611.45,Medium Salary,1
15802390,724,Good,France,Female,31-40,2,0,Zero Balance,2,1,1,118863.38,High Salary,0
15774336,648,Fair,Germany,Male,41-50,9,111369.79,High Balance,2,1,1,91947.74,Medium Salary,0
15648766,569,Poor,Spain,Male,31-40,3,116969.35,High Balance,1,0,0,94488.82,Medium Salary,0
15659094,765,Very Good,Germany,Female,31-40,8,136729.51,High Balance,2,0,0,47058.21,Low Salary,0
15606397,577,Poor,Germany,Female,41-50,1,152086.15,Very High Balance,1,0,1,44719.5,Low Salary,1
15642619,603,Fair,Spain,Male,41-50,2,0,Zero Balance,2,1,0,174478.54,Very High salary,0
15666032,568,Poor,Spain,Male,21-30,1,127289.28,High Balance,1,0,0,45611.51,Low Salary,0
15595842,748,Very Good,Germany,Male,41-50,2,119852.01,High Balance,1,0,0,73853.94,Medium Salary,1
15753837,573,Poor,Spain,Male,31-40,4,0,Zero Balance,2,1,1,196517.43,Very High salary,0
15783882,771,Very Good,Spain,Female,41-50,5,0,Zero Balance,2,0,1,92914.67,Medium Salary,0
15799790,763,Very Good,France,Male,31-40,9,0,Zero Balance,1,1,1,31372.91,Low Salary,0
15628155,410,Poor,France,Female,31-40,7,117183.74,High Balance,1,1,1,109733.73,High Salary,0
15703778,728,Good,France,Male,31-40,8,129907.63,High Balance,1,0,1,36083.96,Low Salary,0
15722322,655,Fair,Spain,Female,60+,2,0,Zero Balance,2,0,1,188435.38,Very High salary,0
15639278,580,Fair,Germany,Female,31-40,6,145387.32,High Balance,2,1,1,169963.2,Very High salary,1
15568487,712,Good,France,Male,31-40,7,124616.23,High Balance,1,1,1,69320.97,Medium Salary,0
15682084,680,Good,France,Male,31-40,9,0,Zero Balance,2,1,0,36145.53,Low Salary,0
15642821,383,Poor,Spain,Female,41-50,8,95808.19,Medium Balance,1,0,0,137702.01,High Salary,1
15601387,721,Good,France,Male,31-40,10,0,Zero Balance,2,1,0,71594.26,Medium Salary,0
15642515,620,Fair,France,Female,41-50,1,0,Zero Balance,2,0,1,65565.92,Medium Salary,0
15710421,774,Very Good,Spain,Female,31-40,8,117152.3,High Balance,1,0,0,101828.39,High Salary,0
15726774,563,Poor,France,Male,31-40,3,106250.72,High Balance,1,0,0,39546.32,Low Salary,0
15649078,850,Excellent,Germany,Female,21-30,8,111837.78,High Balance,2,1,1,110805.79,High Salary,0
15641877,681,Good,France,Male,41-50,9,97023.21,Medium Balance,1,1,1,2168.13,Low Salary,0
15796496,631,Fair,France,Female,31-40,8,137687.72,High Balance,1,1,0,190067.12,Very High salary,0
15815690,614,Fair,Spain,Female,31-40,3,113348.5,High Balance,1,1,1,77789.01,Medium Salary,0
15631739,704,Good,Spain,Male,21-30,10,122109.78,High Balance,1,1,1,127654.37,High Salary,0
15625584,786,Very Good,France,Male,31-40,2,120452.4,High Balance,2,0,0,79602.86,Medium Salary,0
15802466,534,Poor,France,Female,51-60,7,0,Zero Balance,2,1,1,80619.17,Medium Salary,0
15697028,590,Fair,Spain,Male,31-40,0,65812.35,Medium Balance,2,0,1,160346.3,Very High salary,0
15575759,583,Fair,Spain,Female,31-40,3,54428.37,Medium Balance,1,1,0,109638.78,High Salary,1
15567442,656,Fair,France,Female,60+,3,0,Zero Balance,2,1,1,1276.87,Low Salary,0
15746805,597,Fair,France,Male,31-40,9,0,Zero Balance,2,1,0,49374.82,Low Salary,0
15636330,588,Fair,Germany,Female,41-50,1,143279.58,High Balance,2,1,0,31580.8,Low Salary,1
15714970,667,Fair,Germany,Male,31-40,0,103846.65,High Balance,1,1,0,20560.69,Low Salary,0
15653784,627,Fair,France,Male,31-40,2,125190.86,High Balance,1,0,1,84584.69,Medium Salary,0
15693543,708,Good,France,Female,31-40,8,0,Zero Balance,2,0,1,15246.83,Low Salary,0
15773283,641,Fair,France,Male,60+,6,38340.02,Low Balance,1,1,0,32607.77,Low Salary,1
15742534,527,Poor,Germany,Female,21-30,2,123802.98,High Balance,2,1,1,155846.69,Very High salary,0
15569878,592,Fair,France,Male,31-40,3,96651.03,Medium Balance,1,1,1,3232.82,Low Salary,0
15729454,465,Poor,France,Male,31-40,8,0,Zero Balance,2,1,0,177668.55,Very High salary,0
15578375,628,Fair,France,Male,31-40,6,0,Zero Balance,2,0,0,134441.6,High Salary,0
15785559,678,Good,France,Male,41-50,1,133237.21,High Balance,1,1,0,111032.79,High Salary,1
15649414,570,Poor,France,Female,60+,6,142105.35,High Balance,1,1,1,45214.04,Low Salary,0
15701605,815,Excellent,France,Male,31-40,1,166115.42,Very High Balance,1,1,0,67208.3,Medium Salary,0
15686696,817,Excellent,France,Female,31-40,6,81070.34,Medium Balance,2,1,0,80985.88,Medium Salary,0
15625586,717,Good,France,Male,31-40,4,0,Zero Balance,1,1,1,167573.06,Very High salary,0
15654975,641,Fair,France,Female,51-60,0,123835.52,High Balance,2,0,1,160110.65,Very High salary,0
15782993,624,Fair,France,Male,51-60,10,123401.43,High Balance,2,1,1,127825.25,High Salary,0
15774382,579,Poor,Germany,Male,41-50,4,169377.31,Very High Balance,1,1,1,123535.05,High Salary,0
15689602,698,Good,France,Male,31-40,2,130015.24,High Balance,1,1,1,41595.3,Low Salary,0
15756155,645,Fair,France,Male,31-40,4,0,Zero Balance,2,0,1,97628.08,Medium Salary,0
15812647,691,Good,France,Male,31-40,8,133936.04,High Balance,2,1,0,91359.79,Medium Salary,0
15736043,638,Fair,France,Male,31-40,6,114543.27,High Balance,1,1,1,97755.29,Medium Salary,0
15696744,705,Good,France,Female,31-40,3,119794.67,High Balance,1,0,0,182528.44,Very High salary,0
15602572,720,Good,France,Male,31-40,9,0,Zero Balance,2,1,1,142956.48,High Salary,0
15674765,553,Poor,Spain,Male,41-50,4,0,Zero Balance,1,1,0,10789.3,Low Salary,0
15678725,658,Fair,France,Female,21-30,8,0,Zero Balance,2,0,1,130461.09,High Salary,0
15694444,648,Fair,Germany,Female,31-40,8,157138.99,Very High Balance,3,1,0,190994.48,Very High salary,1
15795878,636,Fair,Spain,Male,41-50,3,0,Zero Balance,2,1,1,159463.8,Very High salary,0
15735346,527,Poor,Germany,Female,41-50,10,136733.24,High Balance,1,1,1,57589.29,Medium Salary,0
15687094,717,Good,Germany,Female,21-30,9,82498.14,Medium Balance,2,0,0,40437.67,Low Salary,0
15790067,614,Fair,Spain,Male,31-40,3,151914.93,Very High Balance,1,0,0,56459.45,Medium Salary,0
15605742,737,Good,France,Male,41-50,0,80090.93,Medium Balance,1,1,0,39920,Low Salary,1
15566740,587,Fair,Spain,Male,51-60,3,83739.32,Medium Balance,1,0,1,148798.45,High Salary,0
15664897,682,Good,France,Female,31-40,2,181166.44,Very High Balance,1,1,1,63737.19,Medium Salary,1
15585777,710,Good,France,Male,31-40,3,130588.82,High Balance,1,1,1,154997.64,Very High salary,0
15650864,507,Poor,France,Male,41-50,6,0,Zero Balance,2,1,0,34777.23,Low Salary,0
15806709,609,Fair,Germany,Male,31-40,6,94126.67,Medium Balance,1,0,0,93718.16,Medium Salary,0
15633818,786,Very Good,France,Male,31-40,9,0,Zero Balance,2,1,0,133112.41,High Salary,0
15713845,688,Good,France,Male,31-40,7,148045.68,High Balance,1,1,0,175479.92,Very High salary,1
15639662,710,Good,France,Male,31-40,2,0,Zero Balance,2,1,0,96.27,Low Salary,0
15567013,779,Very Good,Spain,Male,31-40,3,0,Zero Balance,2,1,0,30804.68,Low Salary,0
15777784,733,Good,France,Female,41-50,6,168165.84,Very High Balance,1,0,1,197193.49,Very High salary,0
15800251,583,Fair,Germany,Female,21-30,10,72835.56,Medium Balance,2,1,0,96792.15,Medium Salary,0
15651315,627,Fair,France,Male,41-50,3,0,Zero Balance,2,1,0,132719.8,High Salary,0
15651450,666,Fair,Germany,Male,31-40,3,123212.08,High Balance,2,1,1,112157.31,High Salary,0
15784218,620,Fair,Spain,Male,31-40,0,0,Zero Balance,2,1,1,38015.34,Low Salary,0
15572398,614,Fair,Spain,Female,31-40,6,0,Zero Balance,2,1,1,164018.98,Very High salary,0
15707962,606,Fair,France,Male,31-40,6,119501.88,High Balance,2,1,0,46774.94,Low Salary,0
15705663,700,Good,Germany,Female,31-40,5,144550.83,High Balance,2,1,1,189664.43,Very High salary,0
15645355,677,Good,Germany,Male,31-40,3,126729.41,High Balance,1,1,1,26106.39,Low Salary,1
15729557,850,Excellent,Germany,Male,31-40,5,119984.07,High Balance,1,1,0,191535.11,Very High salary,1
15631436,564,Poor,France,Male,31-40,4,0,Zero Balance,1,1,0,158937.55,Very High salary,0
15583073,771,Very Good,Spain,Female,51-60,2,0,Zero Balance,1,1,1,25222.6,Low Salary,1
15614361,620,Fair,Spain,Male,41-50,9,121490.05,High Balance,1,1,1,29296.74,Low Salary,0
15724684,610,Fair,Spain,Male,41-50,5,91897.8,Medium Balance,1,1,0,54394.28,Medium Salary,0
15700083,609,Fair,Spain,Male,31-40,2,139443.75,High Balance,2,1,0,9234.06,Low Salary,0
15636541,683,Good,Germany,Male,31-40,5,144961.97,High Balance,1,0,1,26796.73,Low Salary,0
15796015,633,Fair,Germany,Male,41-50,3,126041.02,High Balance,1,0,1,11796.89,Low Salary,0
15787222,676,Good,Germany,Male,21-30,1,69459.05,Medium Balance,2,1,1,128461.29,High Salary,0
15594270,693,Good,France,Male,31-40,7,198338.77,Very High Balance,2,1,1,14278.18,Low Salary,0
15701524,709,Good,France,Male,31-40,0,0,Zero Balance,2,1,0,46811.77,Low Salary,0
15645847,569,Poor,Germany,Male,31-40,2,109196.66,High Balance,3,1,0,109393.19,High Salary,1
15708867,684,Good,Spain,Female,31-40,3,134168.5,High Balance,3,1,0,3966.5,Low Salary,1
15613140,565,Poor,France,Male,31-40,6,0,Zero Balance,1,1,1,63173.64,Medium Salary,0
15628893,681,Good,France,Male,21-30,8,0,Zero Balance,1,1,0,66367.33,Medium Salary,0
15764073,503,Poor,Spain,Female,31-40,9,0,Zero Balance,2,1,1,16274.67,Low Salary,0
15782879,656,Fair,France,Male,31-40,2,0,Zero Balance,2,1,1,180553.48,Very High salary,0
15635964,566,Poor,Germany,Male,60+,4,120100.41,High Balance,1,1,0,107563.16,High Salary,1
15726087,592,Fair,France,Female,60+,5,0,Zero Balance,1,1,1,100941.57,High Salary,0
15726313,687,Good,Spain,Female,41-50,5,0,Zero Balance,2,1,0,110230.4,High Salary,0
15578073,686,Good,Spain,Male,21-30,8,0,Zero Balance,2,0,0,142331.85,High Salary,0
15786249,616,Fair,Spain,Male,21-30,2,0,Zero Balance,2,1,0,199099.51,Very High salary,0
15812850,494,Poor,Spain,Male,60+,5,0,Zero Balance,2,1,1,85890.16,Medium Salary,0
15596972,534,Poor,France,Male,31-40,3,0,Zero Balance,1,0,0,143938.27,High Salary,0
15620579,695,Good,Spain,Female,31-40,8,0,Zero Balance,2,0,1,131644.41,High Salary,0
15768270,579,Poor,Spain,Female,31-40,9,0,Zero Balance,2,1,0,112395.98,High Salary,0
15656597,432,Poor,Germany,Male,31-40,2,135559.8,High Balance,2,1,1,71856.3,Medium Salary,0
15699446,816,Excellent,Germany,Female,21-30,2,150355.35,Very High Balance,2,1,1,35770.84,Low Salary,0
15615004,730,Good,France,Female,31-40,1,0,Zero Balance,2,1,1,124364.63,High Salary,0
15704771,593,Fair,France,Female,31-40,6,133489.12,High Balance,2,1,1,78101.29,Medium Salary,0
15588372,715,Good,Germany,Female,31-40,9,105489.31,High Balance,1,0,0,143096.49,High Salary,1
15681439,775,Very Good,Germany,Male,21-30,10,60205.2,Medium Balance,2,1,0,14073.11,Low Salary,0
15607509,539,Poor,France,Male,31-40,5,0,Zero Balance,2,1,0,47388.41,Low Salary,0
15670343,576,Poor,Spain,Male,0-20,6,0,Zero Balance,2,0,0,72306.07,Medium Salary,0
15597968,617,Fair,Spain,Male,41-50,7,0,Zero Balance,1,1,0,184839.7,Very High salary,1
15658432,688,Good,France,Male,31-40,6,0,Zero Balance,1,1,1,47886.44,Low Salary,0
15616431,608,Fair,France,Male,31-40,4,0,Zero Balance,1,0,1,130474.03,High Salary,0
15796957,597,Fair,Spain,Male,31-40,9,0,Zero Balance,3,0,1,73181.39,Medium Salary,1
15815552,670,Good,France,Female,41-50,6,112333.63,High Balance,1,1,1,65706.86,Medium Salary,0
15631871,616,Fair,Germany,Female,51-60,7,116936.81,High Balance,1,1,1,104379.36,High Salary,0
15635870,579,Poor,Germany,Female,41-50,5,117721.02,High Balance,1,0,1,192146.63,Very High salary,1
15596713,786,Very Good,France,Male,31-40,7,165896.22,Very High Balance,2,1,1,66977.68,Medium Salary,0
15684211,704,Good,Spain,Female,41-50,9,153656.85,Very High Balance,1,1,0,158742.81,Very High salary,0
15760521,796,Very Good,France,Female,41-50,1,94164,Medium Balance,1,1,1,189414.74,Very High salary,0
15608408,598,Fair,Spain,Male,31-40,1,0,Zero Balance,2,1,0,159130.32,Very High salary,0
15804721,602,Fair,France,Male,41-50,0,191808.73,Very High Balance,1,0,0,97640.2,Medium Salary,0
15730272,619,Fair,France,Male,51-60,5,152199.33,Very High Balance,1,1,1,86022.09,Medium Salary,0
15741988,492,Poor,Germany,Female,51-60,8,125396.24,High Balance,1,1,0,10014.72,Low Salary,1
15771728,641,Fair,Germany,Male,41-50,7,104405.54,High Balance,3,1,0,17384.21,Low Salary,0
15605113,518,Poor,France,Female,21-30,1,133801.49,High Balance,1,1,1,143315.57,High Salary,0
15661945,623,Fair,Spain,Female,31-40,4,0,Zero Balance,3,1,0,31669.18,Low Salary,0
15783816,733,Good,France,Female,21-30,5,0,Zero Balance,2,0,0,12761.16,Low Salary,0
15721207,625,Fair,Germany,Male,41-50,6,100047.33,High Balance,1,1,0,93429.95,Medium Salary,0
15764072,759,Very Good,France,Female,31-40,1,109848.6,High Balance,1,1,1,42012.55,Low Salary,0
15689412,604,Fair,France,Female,31-40,7,127849.38,High Balance,1,1,0,15798.7,Low Salary,0
15798385,512,Poor,Spain,Female,41-50,3,0,Zero Balance,2,1,1,56408.14,Medium Salary,0
15775339,520,Poor,France,Female,21-30,8,95947.76,Medium Balance,1,1,0,4696.44,Low Salary,0
15585256,805,Excellent,Spain,Male,21-30,2,0,Zero Balance,2,1,1,25042.1,Low Salary,0
15797329,626,Fair,France,Male,41-50,4,137638.69,High Balance,1,1,0,130442.08,High Salary,1
15780220,656,Fair,France,Male,31-40,10,0,Zero Balance,1,1,1,136521.82,High Salary,0
15648951,785,Very Good,Spain,Male,41-50,7,0,Zero Balance,2,1,1,199108.88,Very High salary,0
15752409,553,Poor,France,Male,31-40,6,0,Zero Balance,2,0,0,124596.63,High Salary,0
15807524,569,Poor,France,Female,41-50,4,0,Zero Balance,2,0,0,134394.78,High Salary,0
15766649,670,Good,France,Male,31-40,10,89416.99,Medium Balance,1,0,0,144275.39,High Salary,0
15696812,586,Fair,Spain,Male,41-50,6,0,Zero Balance,2,1,1,123410.23,High Salary,0
15581295,617,Fair,Spain,Female,41-50,1,0,Zero Balance,1,1,0,143298.06,High Salary,0
15663234,508,Poor,France,Female,51-60,7,143262.04,High Balance,1,1,1,129562.74,High Salary,0
15741417,624,Fair,Spain,Female,31-40,7,119656.45,High Balance,2,1,1,4595.05,Low Salary,0
15695174,654,Fair,France,Male,21-30,4,132954.64,High Balance,1,1,1,146715.07,High Salary,0
15665168,681,Good,Germany,Female,41-50,3,105206.7,High Balance,2,1,1,163558.36,Very High salary,0
15601503,578,Poor,Spain,Male,21-30,4,0,Zero Balance,2,0,0,6947.09,Low Salary,0
15706131,621,Fair,Spain,Female,31-40,9,83061.26,Medium Balance,2,1,0,9170.54,Low Salary,0
15782758,632,Fair,France,Male,31-40,5,147650.68,High Balance,1,1,1,199674.83,Very High salary,0
15591091,644,Fair,France,Male,41-50,5,73348.56,Medium Balance,1,1,0,157166.79,Very High salary,1
15715877,821,Excellent,France,Male,21-30,2,0,Zero Balance,2,1,0,46072.52,Low Salary,0
15756918,754,Very Good,France,Female,31-40,2,0,Zero Balance,2,0,0,3524.69,Low Salary,0
15746662,568,Poor,Spain,Female,21-30,1,116320.68,High Balance,1,0,1,45563.94,Low Salary,0
15626679,584,Fair,France,Male,31-40,3,0,Zero Balance,2,0,1,59103.13,Medium Salary,0
15793343,549,Poor,France,Female,21-30,8,0,Zero Balance,2,1,1,189558.44,Very High salary,0
15576774,729,Good,France,Female,31-40,7,0,Zero Balance,2,0,0,45779.9,Low Salary,0
15801316,523,Poor,France,Male,60+,8,66250.71,Medium Balance,1,1,1,21859.06,Low Salary,0
15800514,477,Poor,Germany,Female,21-30,2,95675.62,Medium Balance,2,0,0,162699.7,Very High salary,1
15662232,675,Good,Germany,Male,41-50,2,92616.64,Medium Balance,2,1,0,8567.18,Low Salary,0
15737778,782,Very Good,Spain,Female,41-50,4,0,Zero Balance,1,1,0,132943.88,High Salary,0
15782096,616,Fair,Spain,Female,31-40,6,0,Zero Balance,1,1,1,12916.32,Low Salary,1
15783522,738,Good,Spain,Female,31-40,8,100565.94,High Balance,1,1,1,128799.86,High Salary,0
15785373,717,Good,Spain,Female,41-50,5,190305.78,Very High Balance,1,1,0,99347.8,Medium Salary,1
15756272,526,Poor,Germany,Female,31-40,9,118536.4,High Balance,1,1,0,40980.87,Low Salary,1
15615245,660,Fair,France,Male,0-20,5,127649.64,High Balance,1,1,1,40368.65,Low Salary,0
15600174,525,Poor,France,Male,31-40,7,165358.77,Very High Balance,1,0,1,94738.54,Medium Salary,0
15752956,629,Fair,Spain,Male,21-30,6,0,Zero Balance,2,1,1,88842.8,Medium Salary,0
15644882,616,Fair,Germany,Female,31-40,10,78249.53,Medium Balance,1,1,0,136934.91,High Salary,0
15766272,521,Poor,Germany,Female,60+,0,125193.96,High Balance,1,1,1,109356.53,High Salary,0
15800620,691,Good,France,Female,21-30,9,0,Zero Balance,2,0,0,199635.93,Very High salary,0
15569764,687,Good,Germany,Female,41-50,2,154007.21,Very High Balance,1,1,0,158408.23,Very High salary,0
15747458,677,Good,Spain,Female,41-50,3,133214.88,High Balance,2,1,1,95936.84,Medium Salary,0
15573171,695,Good,Spain,Male,60+,1,146202.93,High Balance,1,1,1,126688.83,High Salary,1
15736769,663,Fair,France,Female,21-30,9,0,Zero Balance,2,1,0,150850.29,Very High salary,0
15763381,496,Poor,France,Male,21-30,0,90963.49,Medium Balance,1,0,1,27802,Low Salary,0
15814430,747,Very Good,Spain,Male,41-50,9,0,Zero Balance,1,1,0,32430.94,Low Salary,1
15638607,546,Poor,France,Female,51-60,2,0,Zero Balance,1,1,0,137332.37,High Salary,1
15737133,706,Good,Spain,Male,60+,4,114386.85,High Balance,1,1,1,28601.68,Low Salary,0
15613945,472,Poor,France,Female,21-30,5,0,Zero Balance,2,1,0,108411.66,High Salary,0
15659937,703,Good,France,Female,31-40,7,0,Zero Balance,2,0,1,122518.5,High Salary,0
15765287,850,Excellent,France,Female,31-40,2,0,Zero Balance,2,1,0,9015.07,Low Salary,0
15661723,667,Fair,Spain,Male,60+,4,137260.78,High Balance,1,0,1,94433.08,Medium Salary,1
15766064,559,Poor,France,Male,31-40,9,111060.05,High Balance,2,1,0,110371.84,High Salary,0
15649616,636,Fair,Spain,Male,51-60,7,124447.73,High Balance,1,1,1,141364.62,High Salary,1
15719017,672,Good,France,Female,31-40,8,0,Zero Balance,2,1,1,16245.25,Low Salary,0
15720919,667,Fair,France,Male,41-50,7,0,Zero Balance,1,0,1,108348.94,High Salary,1
15706706,648,Fair,Germany,Male,31-40,7,135310.41,High Balance,2,0,1,171668.2,Very High salary,0
15709653,497,Poor,France,Male,31-40,8,0,Zero Balance,2,1,0,67364.42,Medium Salary,0
15805104,743,Very Good,France,Female,60+,6,0,Zero Balance,2,0,1,107867.38,High Salary,0
15622442,619,Fair,France,Male,21-30,5,0,Zero Balance,2,1,0,194310.1,Very High salary,0
15572801,639,Fair,Spain,Male,31-40,5,139393.19,High Balance,2,0,0,33950.08,Low Salary,0
15767598,540,Poor,Spain,Male,21-30,8,0,Zero Balance,2,0,0,197588.32,Very High salary,0
15757897,766,Very Good,France,Female,21-30,3,104258.8,High Balance,1,1,1,428.23,Low Salary,0
15568104,749,Very Good,France,Female,21-30,6,0,Zero Balance,2,0,1,34948.77,Low Salary,0
15763414,655,Fair,Germany,Male,31-40,9,113447.01,High Balance,1,1,0,82084.3,Medium Salary,0
15732265,630,Fair,France,Male,31-40,9,0,Zero Balance,2,1,0,64804.59,Medium Salary,0
15621974,778,Very Good,Germany,Female,31-40,4,111063.73,High Balance,2,1,0,83556.65,Medium Salary,0
15803947,757,Very Good,Germany,Female,21-30,6,161378.02,Very High Balance,1,0,0,71926.28,Medium Salary,1
15720706,529,Poor,Spain,Female,31-40,2,82766.43,Medium Balance,1,1,1,122925.44,High Salary,0
15759290,620,Fair,Spain,Male,21-30,9,0,Zero Balance,2,1,0,13133.88,Low Salary,0
15651664,615,Fair,France,Female,60+,1,104267.7,High Balance,1,1,0,62845.64,Medium Salary,1
15795132,735,Good,France,Female,21-30,3,91718.8,Medium Balance,1,0,0,28411.23,Low Salary,0
15811565,705,Good,Spain,Female,41-50,3,63488.7,Medium Balance,1,0,1,28640.92,Low Salary,1
15713774,644,Fair,Spain,Female,41-50,6,12459.19,Low Balance,1,0,0,156787.34,Very High salary,1
15691840,505,Poor,Germany,Female,31-40,6,159863.9,Very High Balance,2,0,1,125307.87,High Salary,0
15682021,471,Poor,Germany,Male,21-30,6,104592.55,High Balance,2,1,0,131736.23,High Salary,0
15612931,722,Good,Spain,Female,41-50,4,132088.59,High Balance,1,1,1,128262.14,High Salary,0
15676707,577,Poor,Spain,Female,31-40,4,0,Zero Balance,2,1,0,91366.42,Medium Salary,0
15601383,744,Very Good,Spain,Male,41-50,5,120654.68,High Balance,1,1,0,82290.81,Medium Salary,0
15662662,573,Poor,France,Female,21-30,6,0,Zero Balance,2,1,0,66190.21,Medium Salary,0
15752694,653,Fair,France,Female,31-40,4,83772.95,Medium Balance,1,0,1,23920.65,Low Salary,0
15590683,660,Fair,France,Female,31-40,6,172325.67,Very High Balance,1,0,1,45438.38,Low Salary,0
15773591,787,Very Good,France,Male,41-50,7,117685.31,High Balance,2,1,1,93360.35,Medium Salary,0
15723620,617,Fair,France,Male,41-50,7,0,Zero Balance,2,0,1,14496.67,Low Salary,0
15671779,567,Poor,France,Male,31-40,5,0,Zero Balance,2,0,0,168521.72,Very High salary,0
15672966,682,Good,Spain,Female,60+,9,0,Zero Balance,2,1,1,103318.44,High Salary,0
15624667,684,Good,France,Male,31-40,6,135871.5,High Balance,1,1,1,87219.41,Medium Salary,0
15812888,447,Poor,France,Male,41-50,3,0,Zero Balance,4,1,1,197490.39,Very High salary,1
15724154,625,Fair,Germany,Female,41-50,4,128504.76,High Balance,1,1,0,126812.63,High Salary,1
15749540,585,Fair,France,Male,31-40,7,0,Zero Balance,2,1,0,94283.09,Medium Salary,0
15621063,516,Poor,France,Female,41-50,8,56228.25,Medium Balance,1,1,0,46857.52,Low Salary,0
15661626,732,Good,Germany,Female,41-50,6,98792.4,Medium Balance,1,1,0,81491.7,Medium Salary,1
15698703,628,Fair,Germany,Male,31-40,5,181768.32,Very High Balance,2,1,1,129107.97,High Salary,0
15801431,682,Good,Spain,Female,41-50,9,101198.01,High Balance,1,1,1,49732.9,Low Salary,0
15649451,746,Very Good,France,Male,21-30,9,0,Zero Balance,2,0,1,88728.47,Medium Salary,0
15626156,655,Fair,France,Female,51-60,3,0,Zero Balance,2,1,1,86981.45,Medium Salary,0
15606158,644,Fair,France,Female,31-40,9,0,Zero Balance,1,1,0,3740.93,Low Salary,0
15589496,778,Very Good,France,Male,31-40,5,139064.06,High Balance,2,0,0,67949.32,Medium Salary,0
15730345,617,Fair,France,Female,31-40,2,104508.1,High Balance,1,1,1,147636.46,High Salary,0
15572038,660,Fair,Germany,Male,31-40,9,113948.58,High Balance,1,1,0,188891.96,Very High salary,1
15643439,537,Poor,France,Male,41-50,10,0,Zero Balance,2,0,1,25482.62,Low Salary,0
15604158,554,Poor,France,Female,31-40,10,0,Zero Balance,2,1,1,18391.93,Low Salary,0
15657396,806,Excellent,France,Male,31-40,9,0,Zero Balance,2,0,1,140168.36,High Salary,0
15709478,611,Fair,Germany,Male,31-40,1,117524.72,High Balance,2,0,1,161064.29,Very High salary,0
15628824,665,Fair,France,Female,31-40,5,160389.82,Very High Balance,1,0,1,183542.08,Very High salary,0
15814519,648,Fair,France,Female,31-40,7,0,Zero Balance,2,1,0,194238.92,Very High salary,0
15636520,692,Good,France,Male,21-30,1,125547.53,High Balance,1,0,0,7900.46,Low Salary,0
15794414,507,Poor,Spain,Male,41-50,6,92783.68,Medium Balance,1,1,1,51424.29,Medium Salary,0
15643671,696,Good,Germany,Male,41-50,5,97036.22,Medium Balance,2,1,0,152450.84,Very High salary,1
15700650,681,Good,France,Male,31-40,3,0,Zero Balance,2,0,0,55816.2,Medium Salary,0
15680224,687,Good,France,Female,21-30,6,0,Zero Balance,2,1,1,32909.13,Low Salary,0
15784286,641,Fair,Spain,Male,31-40,5,102145.13,High Balance,1,1,1,100637.07,High Salary,0
15693996,507,Poor,France,Female,31-40,1,113452.66,High Balance,1,0,0,142911.99,High Salary,0
15764343,688,Good,Spain,Female,41-50,8,155681.72,Very High Balance,1,1,0,26287.21,Low Salary,0
15704168,535,Poor,Germany,Male,31-40,8,127475.24,High Balance,1,0,0,60775.76,Medium Salary,1
15680197,701,Good,France,Male,41-50,10,0,Zero Balance,2,1,1,146257.77,High Salary,0
15633729,488,Poor,France,Male,41-50,10,112751.13,High Balance,1,1,1,28332,Low Salary,0
15577683,539,Poor,France,Female,21-30,4,0,Zero Balance,2,1,1,100919.19,High Salary,0
15800746,674,Good,France,Male,41-50,7,144889.18,High Balance,1,1,1,102591.9,High Salary,1
15788686,538,Poor,Spain,Male,31-40,8,0,Zero Balance,2,1,1,25554.4,Low Salary,0
15742798,829,Excellent,France,Female,21-30,7,150126.44,Very High Balance,1,1,0,152107.93,Very High salary,1
15596647,768,Very Good,France,Male,51-60,8,69712.74,Medium Balance,1,1,1,69381.05,Medium Salary,0
15756070,585,Fair,Spain,Female,41-50,4,0,Zero Balance,2,0,1,101728.46,High Salary,0
15775116,581,Fair,France,Male,31-40,3,0,Zero Balance,2,0,0,89040.61,Medium Salary,0
15575428,682,Good,Germany,Female,31-40,2,117438.92,High Balance,2,1,1,16910.98,Low Salary,0
15654074,653,Fair,France,Male,31-40,8,119315.75,High Balance,1,1,0,150468.35,Very High salary,0
15695872,712,Good,France,Female,21-30,1,89571.59,Medium Balance,1,1,1,177613.19,Very High salary,0
15568885,620,Fair,Germany,Female,31-40,8,102251.57,High Balance,1,1,0,120672.09,High Salary,0
15725036,709,Good,France,Male,41-50,9,118546.71,High Balance,1,0,1,77142.85,Medium Salary,0
15632665,832,Excellent,France,Male,60+,2,0,Zero Balance,1,0,1,127804.66,High Salary,1
15571476,635,Fair,Spain,Male,31-40,0,103257.14,High Balance,1,0,0,158344.63,Very High salary,0
15776850,749,Very Good,Spain,Female,41-50,1,124209.02,High Balance,1,1,1,167179.48,Very High salary,0
15623649,629,Fair,Spain,Male,31-40,3,0,Zero Balance,2,1,1,15404.64,Low Salary,0
15751131,836,Excellent,Spain,Female,41-50,7,150302.84,Very High Balance,1,1,1,156036.19,Very High salary,0
15688128,542,Poor,Spain,Male,31-40,8,108653.93,High Balance,1,0,1,144725.14,High Salary,0
15678412,645,Fair,France,Female,41-50,8,85325.93,Medium Balance,1,0,0,22558.74,Low Salary,0
15770291,844,Excellent,France,Female,21-30,8,0,Zero Balance,2,0,0,147342.03,High Salary,0
15583392,747,Very Good,Germany,Male,31-40,9,135776.36,High Balance,3,1,0,85470.45,Medium Salary,1
15690731,645,Fair,France,Male,31-40,6,131411.24,High Balance,1,1,1,194656.11,Very High salary,0
15697948,752,Very Good,Spain,Female,31-40,3,0,Zero Balance,2,1,1,48505.1,Low Salary,0
15608328,760,Very Good,Spain,Female,41-50,6,0,Zero Balance,2,0,0,101491.23,High Salary,0
15766378,714,Good,Germany,Female,41-50,9,106431.97,High Balance,2,1,1,164117.69,Very High salary,0
15600813,717,Good,France,Male,41-50,9,90305.76,Medium Balance,1,1,1,124626.57,High Salary,0
15706217,645,Fair,Germany,Male,21-30,7,117466.03,High Balance,2,1,1,34490.06,Low Salary,0
15601417,681,Good,France,Male,31-40,3,148884.47,High Balance,2,1,1,90967.37,Medium Salary,0
15610972,681,Good,Germany,Female,41-50,4,91115.76,Medium Balance,2,0,0,24208.84,Low Salary,1
15674620,679,Good,Germany,Female,31-40,8,77373.87,Medium Balance,2,0,1,174873.09,Very High salary,0
15785350,528,Poor,Spain,Male,21-30,7,104744.89,High Balance,1,1,0,170262.97,Very High salary,0
15749119,710,Good,France,Female,31-40,3,0,Zero Balance,2,1,1,112289.06,High Salary,0
15756535,733,Good,Germany,Male,31-40,5,91538.51,Medium Balance,1,1,1,93783,Medium Salary,0
15700965,724,Good,France,Female,31-40,6,0,Zero Balance,2,1,1,150026.79,Very High salary,0
15791851,726,Good,France,Female,31-40,0,185734.75,Very High Balance,1,1,1,102036.82,High Salary,0
15717156,520,Poor,France,Male,21-30,3,143396.54,High Balance,2,1,1,898.51,Low Salary,0
15740846,556,Poor,France,Male,31-40,5,125909.85,High Balance,1,1,1,95124.4,Medium Salary,0
15573284,579,Poor,France,Female,41-50,2,0,Zero Balance,2,0,0,11514.39,Low Salary,0
15729083,674,Good,France,Male,31-40,2,154525.7,Very High Balance,1,0,1,27468.72,Low Salary,0
15611612,570,Poor,France,Female,21-30,0,0,Zero Balance,1,1,0,37092.43,Low Salary,0
15694381,631,Fair,France,Male,51-60,8,100654.8,High Balance,1,1,0,171587.9,Very High salary,0
15651737,623,Fair,Spain,Male,41-50,1,83325.77,Medium Balance,1,0,1,80828.78,Medium Salary,0
15663168,665,Fair,France,Male,31-40,8,110934.54,High Balance,1,1,0,169287.99,Very High salary,0
15643426,523,Poor,Spain,Female,31-40,8,113680.54,High Balance,1,0,0,13197.44,Low Salary,0
15618245,706,Good,Germany,Male,31-40,1,117020.08,High Balance,2,1,0,54439.53,Medium Salary,0
15717527,619,Fair,France,Female,41-50,9,145359.99,High Balance,1,1,0,38186.85,Low Salary,0
15793478,593,Fair,Germany,Female,31-40,8,151391.68,Very High Balance,1,1,0,27274.6,Low Salary,1
15642248,608,Fair,Spain,Male,60+,8,123935.35,High Balance,1,1,1,65758.19,Medium Salary,0
15640377,526,Poor,France,Female,31-40,0,0,Zero Balance,2,1,0,97767.63,Medium Salary,0
15723950,684,Good,Spain,Male,31-40,2,70291.02,Medium Balance,1,1,1,115468.84,High Salary,1
15590327,604,Fair,Germany,Female,41-50,10,166031.45,Very High Balance,1,1,0,98293.14,Medium Salary,0
15706199,636,Fair,Germany,Male,31-40,6,96643.32,Medium Balance,1,0,0,182059.28,Very High salary,0
15671514,669,Fair,Spain,Female,31-40,8,0,Zero Balance,2,0,1,128538.05,High Salary,0
15727041,624,Fair,France,Male,60+,7,0,Zero Balance,2,1,1,108841.83,High Salary,0
15738063,631,Fair,France,Male,21-30,2,0,Zero Balance,2,1,1,18581.84,Low Salary,0
15711733,753,Very Good,France,Male,41-50,4,0,Zero Balance,2,0,1,146821.42,High Salary,0
15652320,588,Fair,France,Male,31-40,5,0,Zero Balance,2,0,0,100727.68,High Salary,0
15634180,729,Good,Germany,Male,21-30,4,97268.1,Medium Balance,2,1,0,39356.38,Low Salary,0
15694566,602,Fair,France,Female,41-50,10,0,Zero Balance,2,0,0,169921.11,Very High salary,1
15726103,689,Good,Germany,Female,51-60,1,76296.81,Medium Balance,1,1,0,42364.75,Low Salary,1
15646351,486,Poor,Spain,Male,21-30,7,0,Zero Balance,2,1,0,28823.04,Low Salary,0
15730044,809,Excellent,Germany,Female,41-50,6,64497.94,Medium Balance,3,0,1,182436.81,Very High salary,1
15795186,562,Poor,France,Male,31-40,5,0,Zero Balance,1,1,0,115700.2,High Salary,0
15784890,763,Very Good,Spain,Female,31-40,8,0,Zero Balance,2,1,0,16725.53,Low Salary,0
15694125,669,Fair,France,Male,51-60,5,0,Zero Balance,2,1,1,56875.76,Medium Salary,0
15565891,709,Good,France,Male,31-40,8,0,Zero Balance,2,1,0,56214.09,Medium Salary,0
15674254,554,Poor,Spain,Female,41-50,4,0,Zero Balance,2,1,1,193412.05,Very High salary,0
15775206,699,Good,France,Male,31-40,10,0,Zero Balance,2,0,0,83263.04,Medium Salary,0
15797627,732,Good,Spain,Male,51-60,0,134249.7,High Balance,1,0,1,13404.4,Low Salary,0
15649853,625,Fair,France,Female,41-50,3,0,Zero Balance,1,1,1,184474.15,Very High salary,1
15610379,599,Fair,France,Male,21-30,9,105443.68,High Balance,1,1,1,121124.53,High Salary,0
15659800,584,Fair,Spain,Female,41-50,1,0,Zero Balance,1,0,1,152567.75,Very High salary,1
15716236,499,Poor,France,Male,31-40,10,0,Zero Balance,2,1,0,10722.54,Low Salary,0
15672053,526,Poor,Spain,Male,31-40,2,0,Zero Balance,2,0,0,58010.98,Medium Salary,0
15663933,625,Fair,Germany,Female,31-40,5,86147.46,Medium Balance,2,1,0,163440.8,Very High salary,1
15814236,537,Poor,Spain,Female,31-40,1,96939.06,Medium Balance,1,1,1,102606.92,High Salary,0
15583597,696,Good,Spain,Male,41-50,1,106758.6,High Balance,1,1,1,80591.18,Medium Salary,0
15607395,679,Good,France,Female,31-40,9,112528.65,High Balance,2,1,0,177362.45,Very High salary,0
15694556,684,Good,France,Male,51-60,2,116563.58,High Balance,1,1,0,120257.7,High Salary,1
15744109,850,Excellent,France,Male,31-40,4,0,Zero Balance,1,1,1,180622.02,Very High salary,0
15800688,495,Poor,Spain,Female,41-50,7,0,Zero Balance,2,0,0,130404.53,High Salary,0
15810878,537,Poor,Spain,Female,31-40,6,141786.78,High Balance,1,0,1,147797.54,High Salary,0
15587835,850,Excellent,France,Male,41-50,3,136416.82,High Balance,1,0,1,57844.26,Medium Salary,0
15763515,513,Poor,France,Male,21-30,5,0,Zero Balance,2,1,0,162523.66,Very High salary,0
15725882,618,Fair,Germany,Female,31-40,1,133245.52,High Balance,2,1,1,54495.82,Medium Salary,0
15788022,802,Excellent,Germany,Female,41-50,4,90757.64,Medium Balance,2,0,1,169183.66,Very High salary,0
15663917,547,Poor,France,Male,41-50,1,92350.36,Medium Balance,1,0,1,80262.91,Medium Salary,0
15656865,613,Fair,Germany,Male,60+,9,78778.49,Medium Balance,1,0,1,8751.59,Low Salary,0
15667971,592,Fair,Germany,Female,31-40,6,102143.93,High Balance,2,1,1,102628.98,High Salary,0
15800366,546,Poor,France,Male,21-30,5,0,Zero Balance,1,1,1,94823.95,Medium Salary,0
15717231,721,Good,Germany,Male,31-40,4,98459.6,Medium Balance,1,0,0,90821.66,Medium Salary,0
15643188,671,Good,Germany,Female,41-50,7,114603.76,High Balance,2,1,0,153194.32,Very High salary,1
15671351,624,Fair,Spain,Male,31-40,2,0,Zero Balance,2,1,0,87310.59,Medium Salary,0
15573628,751,Very Good,Germany,Female,51-60,7,148074.79,High Balance,1,1,0,146411.41,High Salary,1
15698953,636,Fair,Spain,Male,31-40,1,0,Zero Balance,3,1,1,74048.1,Medium Salary,1
15753888,607,Fair,Spain,Female,60+,8,108004.64,High Balance,1,1,1,23386.77,Low Salary,1
15737961,509,Poor,Germany,Female,21-30,0,107712.57,High Balance,2,1,1,92898.17,Medium Salary,0
15801701,653,Fair,Spain,Male,31-40,9,0,Zero Balance,2,1,1,45956.05,Low Salary,0
15684419,709,Good,Spain,Female,31-40,8,0,Zero Balance,3,1,0,71738.56,Medium Salary,0
15794266,559,Poor,France,Male,31-40,9,145303.52,High Balance,1,1,0,103560.98,High Salary,0
15810711,684,Good,Germany,Male,31-40,4,138476.41,High Balance,2,1,1,52367.29,Medium Salary,0
15771270,635,Fair,France,Female,21-30,8,127471.56,High Balance,1,1,1,152916.05,Very High salary,1
15607786,709,Good,France,Male,21-30,6,156551.63,Very High Balance,1,0,1,4410.77,Low Salary,0
15624519,656,Fair,Germany,Female,41-50,9,97092.87,Medium Balance,1,1,0,74771.22,Medium Salary,1
15799910,793,Very Good,France,Male,31-40,2,0,Zero Balance,2,1,0,193817.63,Very High salary,1
15602479,609,Fair,Spain,Male,31-40,5,129312.79,High Balance,1,1,1,26793.82,Low Salary,0
15617419,618,Fair,Germany,Female,21-30,10,100315.1,High Balance,2,1,1,32526.64,Low Salary,0
15657603,850,Excellent,France,Female,31-40,6,81684.97,Medium Balance,1,1,0,824,Low Salary,0
15570379,669,Fair,Spain,Male,51-60,3,88827.53,Medium Balance,1,0,0,85250.77,Medium Salary,1
15772996,594,Fair,Germany,Male,31-40,0,152092.44,Very High Balance,2,1,1,83508.93,Medium Salary,0
15729574,616,Fair,Spain,Male,60+,4,0,Zero Balance,2,1,1,173599.38,Very High salary,0
15737267,676,Good,France,Female,41-50,1,0,Zero Balance,1,1,0,79342.31,Medium Salary,1
15799128,608,Fair,Spain,Female,31-40,9,102406.76,High Balance,1,0,1,57600.66,Medium Salary,0
15813327,710,Good,France,Male,21-30,4,109130.96,High Balance,2,1,1,56191.99,Medium Salary,0
15711921,695,Good,France,Male,21-30,5,0,Zero Balance,2,1,1,6770.44,Low Salary,0
15654300,530,Poor,Germany,Male,31-40,9,75242.28,Medium Balance,1,0,1,101694.67,High Salary,0
15569945,509,Poor,Spain,Male,21-30,1,0,Zero Balance,2,1,0,69113.14,Medium Salary,0
15569666,517,Poor,France,Female,41-50,4,0,Zero Balance,1,0,0,172674.36,Very High salary,1
15681887,758,Very Good,Germany,Male,31-40,0,129142.54,High Balance,2,1,1,26606.28,Low Salary,0
15608873,665,Fair,France,Male,51-60,2,0,Zero Balance,1,0,0,53353.36,Medium Salary,0
15762091,631,Fair,Germany,Female,21-30,6,139129.92,High Balance,1,1,1,63747.51,Medium Salary,0
15722053,576,Poor,Spain,Male,31-40,3,0,Zero Balance,2,0,1,190112.05,Very High salary,0
15782100,544,Poor,Spain,Male,21-30,3,66483.32,Medium Balance,1,0,1,110317.39,High Salary,0
15765300,596,Fair,Germany,Male,31-40,5,62389.03,Medium Balance,3,1,0,148623.43,High Salary,1
15743570,481,Poor,France,Female,31-40,5,0,Zero Balance,2,1,1,125253.46,High Salary,0
15608541,498,Poor,France,Male,41-50,1,91857.66,Medium Balance,1,1,0,101954.78,High Salary,1
15750671,512,Poor,Spain,Male,31-40,6,0,Zero Balance,2,1,0,168462.26,Very High salary,0
15813659,594,Fair,France,Female,51-60,7,0,Zero Balance,1,1,0,26215.85,Low Salary,1
15757867,570,Poor,France,Female,21-30,10,176173.52,Very High Balance,1,1,0,97045.32,Medium Salary,1
15652914,721,Good,Spain,Male,31-40,7,0,Zero Balance,1,0,1,53534.8,Medium Salary,0
15723818,453,Poor,France,Female,31-40,4,131834.76,High Balance,2,1,0,8949.2,Low Salary,0
15713819,562,Poor,France,Male,41-50,3,92347.96,Medium Balance,1,1,1,163116.75,Very High salary,0
15656484,682,Good,France,Male,31-40,4,0,Zero Balance,2,1,1,140745.91,High Salary,0
15778515,748,Very Good,France,Male,31-40,3,95297.11,Medium Balance,1,0,0,171515.84,Very High salary,0
15803840,729,Good,France,Female,31-40,9,0,Zero Balance,2,0,0,150803.44,Very High salary,0
15735339,663,Fair,France,Male,31-40,4,0,Zero Balance,1,1,0,76884.05,Medium Salary,0
15600392,735,Good,France,Female,51-60,8,123845.36,High Balance,2,0,1,170454.93,Very High salary,1
15625740,627,Fair,Germany,Male,60+,3,143426.34,High Balance,2,1,1,143104.3,High Salary,0
15663817,713,Good,France,Male,41-50,5,0,Zero Balance,1,1,1,55701.62,Medium Salary,0
15734461,562,Poor,Germany,Male,31-40,2,112708.2,High Balance,1,0,1,186370.3,Very High salary,0
15780142,632,Fair,France,Male,41-50,2,100013.51,High Balance,1,1,0,24275.32,Low Salary,0
15709920,479,Poor,France,Female,31-40,2,208165.53,Very High Balance,1,0,0,50774.81,Medium Salary,1
15684248,658,Fair,Spain,Male,21-30,7,0,Zero Balance,2,0,1,154279.87,Very High salary,0
15643158,598,Fair,France,Female,31-40,9,0,Zero Balance,1,1,0,68462.59,Medium Salary,1
15693902,597,Fair,France,Male,0-20,2,0,Zero Balance,2,1,1,91036.74,Medium Salary,0
15578307,512,Poor,France,Female,31-40,6,121685.31,High Balance,2,1,1,83681.97,Medium Salary,0
15585379,704,Good,France,Male,31-40,2,111525.02,High Balance,1,1,0,199484.96,Very High salary,0
15758510,474,Poor,France,Male,21-30,6,0,Zero Balance,2,0,0,152491.22,Very High salary,0
15692918,604,Fair,Germany,Male,31-40,10,113546.3,High Balance,1,1,1,134875.37,High Salary,0
15705301,683,Good,France,Male,41-50,6,95696.52,Medium Balance,2,1,1,184366.14,Very High salary,0
15718231,537,Poor,France,Male,21-30,0,88963.31,Medium Balance,2,1,1,189839.93,Very High salary,0
15567991,794,Very Good,Spain,Male,31-40,0,144880.34,High Balance,2,0,1,175643.44,Very High salary,0
15772650,732,Good,France,Male,51-60,9,136576.02,High Balance,1,0,1,3268.17,Low Salary,1
15574795,495,Poor,France,Female,31-40,2,63093.01,Medium Balance,1,1,1,47089.72,Low Salary,0
15706036,552,Poor,Germany,Male,31-40,10,132271.12,High Balance,2,1,1,46562.02,Low Salary,0
15723856,602,Fair,France,Female,21-30,3,88814.4,Medium Balance,2,1,1,62487.97,Medium Salary,0
15812920,607,Fair,Germany,Male,31-40,5,90594.55,Medium Balance,1,0,1,181598.25,Very High salary,0
15691287,675,Good,Germany,Female,31-40,0,141816.25,High Balance,1,1,0,64815.05,Medium Salary,1
15804797,443,Poor,France,Female,51-60,3,138547.97,High Balance,1,1,1,70196.23,Medium Salary,1
15708650,727,Good,France,Female,31-40,2,52192.08,Medium Balance,2,0,1,160383.47,Very High salary,0
15712777,482,Poor,France,Male,31-40,4,124976.19,High Balance,1,1,0,35848.12,Low Salary,0
15786469,686,Good,France,Female,31-40,1,0,Zero Balance,2,1,0,87278.48,Medium Salary,0
15669219,588,Fair,Germany,Male,31-40,3,104356.38,High Balance,1,1,0,94498.82,Medium Salary,0
15641004,605,Fair,Spain,Female,41-50,10,150315.92,Very High Balance,1,0,1,133486.36,High Salary,0
15648067,583,Fair,France,Male,31-40,1,129299.28,High Balance,2,1,0,73107.6,Medium Salary,0
15704014,738,Good,Germany,Male,31-40,7,140950.92,High Balance,2,1,0,195333.98,Very High salary,0
15645136,744,Very Good,Spain,Male,21-30,1,128065.12,High Balance,1,1,0,121525.48,High Salary,0
15709604,781,Very Good,France,Male,21-30,2,107433.48,High Balance,1,1,0,173843.21,Very High salary,0
15713637,699,Good,France,Male,31-40,2,117468.67,High Balance,1,1,0,185227.42,Very High salary,0
15793901,639,Fair,France,Female,21-30,2,0,Zero Balance,2,0,0,125244.18,High Salary,0
15569759,583,Fair,France,Female,21-30,4,0,Zero Balance,3,1,0,163113.41,Very High salary,0
15712930,587,Fair,France,Male,41-50,1,0,Zero Balance,1,0,0,123006.91,High Salary,0
15586504,694,Good,France,Male,31-40,9,0,Zero Balance,2,1,0,40463.03,Low Salary,0
15677317,570,Poor,France,Female,21-30,4,153040.03,Very High Balance,1,1,1,131363.57,High Salary,1
15664270,692,Good,Germany,Male,41-50,6,142084.04,High Balance,4,1,0,188305.85,Very High salary,1
15731519,511,Poor,France,Female,21-30,5,0,Zero Balance,2,1,0,143994.86,High Salary,0
15745623,788,Very Good,France,Male,31-40,4,112079.58,High Balance,1,0,0,89368.59,Medium Salary,0
15813862,526,Poor,Spain,Male,60+,7,132044.6,High Balance,2,1,1,158365.89,Very High salary,0
15641934,749,Very Good,Spain,Female,41-50,9,66582.81,Medium Balance,1,1,0,78753.12,Medium Salary,1
15713043,691,Good,France,Female,31-40,6,0,Zero Balance,2,1,1,100408.31,High Salary,0
15700749,481,Poor,France,Female,31-40,6,0,Zero Balance,1,1,1,24677.54,Low Salary,0
15697567,752,Very Good,France,Male,31-40,4,0,Zero Balance,2,1,1,39570.78,Low Salary,0
15715414,658,Fair,France,Female,31-40,6,102895.1,High Balance,1,0,0,155665.76,Very High salary,0
15639530,679,Good,Spain,Male,41-50,2,0,Zero Balance,1,1,1,168294.27,Very High salary,0
15726058,754,Very Good,Germany,Male,21-30,7,117578.35,High Balance,2,0,1,87908.01,Medium Salary,0
15725665,679,Good,France,Male,41-50,10,198546.1,Very High Balance,2,1,0,191198.92,Very High salary,1
15698872,633,Fair,Spain,Female,31-40,2,0,Zero Balance,2,0,0,191207.03,Very High salary,0
15812184,674,Good,France,Female,31-40,1,0,Zero Balance,1,1,0,128954.05,High Salary,0
15742609,600,Fair,Germany,Male,21-30,2,116623.31,High Balance,1,0,1,59905.29,Medium Salary,0
15815043,645,Fair,Spain,Male,41-50,8,0,Zero Balance,2,1,0,162012.6,Very High salary,0
15640648,698,Good,France,Male,31-40,6,0,Zero Balance,2,0,1,19231.98,Low Salary,0
15627203,508,Poor,Spain,Male,51-60,10,0,Zero Balance,1,1,1,175749.36,Very High salary,0
15786196,555,Poor,France,Female,41-50,3,105770.7,High Balance,3,1,0,60533.96,Medium Salary,1
15612095,751,Very Good,France,Female,41-50,9,0,Zero Balance,1,1,0,137508.42,High Salary,1
15674368,738,Good,France,Female,31-40,1,94435.45,Medium Balance,2,0,1,189430.86,Very High salary,0
15783477,706,Good,Germany,Female,31-40,8,112889.91,High Balance,1,0,1,6723.66,Low Salary,0
15757559,595,Fair,France,Female,51-60,7,0,Zero Balance,2,1,0,41371.68,Low Salary,1
15591036,577,Poor,Germany,Female,41-50,3,127940.47,High Balance,1,0,0,125140.72,High Salary,1
15761241,578,Poor,Germany,Female,31-40,8,129745.1,High Balance,1,1,1,143683.75,High Salary,0
15695078,699,Good,France,Male,31-40,3,0,Zero Balance,2,1,1,170770.44,Very High salary,0
15645744,826,Excellent,France,Female,21-30,5,0,Zero Balance,2,0,1,157397.57,Very High salary,0
15566988,656,Fair,Germany,Female,41-50,7,141535.52,High Balance,1,1,0,50595.15,Medium Salary,1
15749300,556,Poor,France,Female,41-50,2,139914.27,High Balance,1,1,1,50390.98,Medium Salary,0
15594340,569,Poor,France,Male,41-50,4,120243.49,High Balance,1,1,0,163150.03,Very High salary,1
15607065,765,Very Good,France,Male,31-40,9,91835.16,Medium Balance,1,0,0,138280.17,High Salary,0
15778089,544,Poor,Spain,Male,31-40,2,0,Zero Balance,2,0,0,135067.02,High Salary,0
15773723,588,Fair,Spain,Female,21-30,9,67178.19,Medium Balance,1,1,1,163534.75,Very High salary,1
15697035,740,Very Good,Spain,Female,31-40,8,0,Zero Balance,2,0,0,86657.48,Medium Salary,0
15679668,850,Excellent,Spain,Male,31-40,7,115378.94,High Balance,1,0,1,162087.82,Very High salary,0
15709861,766,Very Good,Germany,Male,21-30,4,127786.28,High Balance,2,1,1,28879.3,Low Salary,0
15791958,849,Excellent,France,Female,41-50,6,0,Zero Balance,2,1,1,169203.51,Very High salary,1
15791030,612,Fair,France,Female,31-40,0,64900.32,Medium Balance,2,1,0,102426.12,High Salary,0
15695339,517,Poor,Germany,Male,51-60,0,109172.88,High Balance,1,1,0,54676.1,Medium Salary,1
15658813,645,Fair,France,Female,51-60,7,0,Zero Balance,2,1,1,18369.33,Low Salary,0
15715709,696,Good,Germany,Male,41-50,4,114091.38,High Balance,1,0,1,159888.1,Very High salary,0
15722533,716,Good,France,Female,31-40,3,0,Zero Balance,2,0,1,167636.15,Very High salary,0
15683118,590,Fair,France,Male,31-40,9,0,Zero Balance,2,1,0,138889.15,High Salary,0
15672798,656,Fair,France,Female,41-50,7,145933.27,High Balance,1,1,1,199392.14,Very High salary,0
15680112,473,Poor,Germany,Female,31-40,7,131504.73,High Balance,1,1,0,189560.43,Very High salary,0
15714575,742,Very Good,Germany,Female,41-50,8,107926.02,High Balance,1,0,1,17375.27,Low Salary,1
15806808,834,Excellent,Germany,Female,51-60,8,112281.6,High Balance,3,1,0,140225.14,High Salary,1
15590637,721,Good,France,Male,41-50,7,0,Zero Balance,2,0,1,61018.85,Medium Salary,0
15657535,590,Fair,Spain,Male,21-30,10,0,Zero Balance,1,1,1,51907.72,Medium Salary,1
15696141,516,Poor,Spain,Female,31-40,7,0,Zero Balance,1,1,0,47018.75,Low Salary,0
15811947,850,Excellent,France,Male,31-40,0,124781.67,High Balance,1,0,1,33700.52,Low Salary,0
15649024,748,Very Good,France,Female,31-40,9,132865.56,High Balance,1,1,1,59636.43,Medium Salary,1
15594928,798,Very Good,Germany,Female,31-40,4,129055.13,High Balance,1,1,0,157147.59,Very High salary,0
15765532,612,Fair,Germany,Male,60+,6,96166.88,Medium Balance,1,1,1,191393.26,Very High salary,0
15741719,540,Poor,France,Female,31-40,3,165298.12,Very High Balance,1,0,1,199862.75,Very High salary,0
15665629,719,Good,Spain,Female,31-40,7,0,Zero Balance,2,1,0,20016.59,Low Salary,0
15728917,598,Fair,France,Male,41-50,6,120682.53,High Balance,1,1,0,30635.52,Low Salary,1
15762993,796,Very Good,Spain,Male,31-40,5,102773.15,High Balance,2,0,1,117832.88,High Salary,0
15571193,579,Poor,Germany,Male,41-50,0,144386.32,High Balance,1,1,1,22497.1,Low Salary,1
15653521,850,Excellent,Germany,Female,31-40,7,104449.8,High Balance,1,1,1,747.88,Low Salary,0
15802220,599,Fair,Spain,Male,31-40,6,137102.65,High Balance,1,0,0,76870.81,Medium Salary,0
15644132,724,Good,France,Female,21-30,9,142475.87,High Balance,1,1,1,107848.24,High Salary,0
15600832,508,Poor,France,Female,41-50,9,0,Zero Balance,1,1,0,103726.71,High Salary,0
15797919,773,Very Good,Spain,Male,31-40,2,103195.2,High Balance,2,1,0,178268.36,Very High salary,0
15603743,526,Poor,France,Male,21-30,1,112070.44,High Balance,1,0,1,126281.83,High Salary,0
15579714,542,Poor,France,Female,21-30,7,0,Zero Balance,2,0,1,196651.72,Very High salary,0
15634295,470,Poor,France,Male,31-40,1,96473.59,Medium Balance,1,0,0,5962.3,Low Salary,0
15786680,805,Excellent,Spain,Male,31-40,5,0,Zero Balance,2,1,0,21928.81,Low Salary,0
15623499,548,Poor,Germany,Male,41-50,9,108437.89,High Balance,1,0,0,127022.87,High Salary,1
15691823,672,Good,France,Male,31-40,5,153195.59,Very High Balance,1,1,1,162763.01,Very High salary,0
15809279,773,Very Good,France,Male,41-50,8,96877.21,Medium Balance,1,1,1,113950.51,High Salary,0
15758039,614,Fair,France,Male,41-50,6,0,Zero Balance,2,0,1,104930.46,High Salary,0
15807163,537,Poor,France,Female,31-40,10,0,Zero Balance,1,0,0,52337.97,Medium Salary,1
15631639,704,Good,France,Female,31-40,6,95452.89,Medium Balance,1,0,1,179964.55,Very High salary,0
15713770,586,Fair,Spain,Male,41-50,3,63873.56,Medium Balance,1,1,0,83753.64,Medium Salary,0
15698167,677,Good,France,Female,21-30,0,148298.59,High Balance,2,0,0,182913.95,Very High salary,0
15781710,558,Poor,Spain,Female,31-40,7,0,Zero Balance,2,1,0,166720.28,Very High salary,0
15801296,634,Fair,Germany,Female,31-40,7,143258.85,High Balance,2,1,0,192721.98,Very High salary,0
15704378,655,Fair,Germany,Male,31-40,9,121342.24,High Balance,1,1,1,180241.44,Very High salary,0
15767891,619,Fair,Germany,Female,21-30,6,99152.73,Medium Balance,2,1,0,48475.12,Low Salary,0
15640667,662,Fair,France,Female,41-50,4,0,Zero Balance,2,1,0,126551.48,High Salary,0
15702145,705,Good,Spain,Male,31-40,7,68423.89,Medium Balance,1,1,1,64872.55,Medium Salary,0
15679738,527,Poor,Spain,Female,31-40,8,0,Zero Balance,1,1,0,98031.53,Medium Salary,1
15636634,630,Fair,Germany,Female,21-30,7,79656.81,Medium Balance,1,1,0,93524.22,Medium Salary,0
15809227,850,Excellent,France,Male,31-40,2,0,Zero Balance,2,1,1,56991.66,Medium Salary,0
15601811,668,Fair,France,Female,51-60,10,110240.04,High Balance,1,0,0,183980.56,Very High salary,1
15625494,573,Poor,France,Female,31-40,9,125321.84,High Balance,2,1,1,130234.63,High Salary,0
15723737,680,Good,France,Male,21-30,3,0,Zero Balance,1,1,0,32454.26,Low Salary,0
15682955,758,Very Good,France,Female,31-40,2,84378.9,Medium Balance,1,1,1,75396.43,Medium Salary,0
15758856,597,Fair,France,Male,41-50,7,0,Zero Balance,2,0,0,167756.45,Very High salary,0
15746065,580,Fair,Germany,Male,31-40,10,136281.41,High Balance,2,1,1,24799.47,Low Salary,0
15783865,622,Fair,France,Male,51-60,5,119380.37,High Balance,1,1,1,60429.43,Medium Salary,0
15745455,638,Fair,Germany,Male,60+,4,108716.59,High Balance,2,1,1,74241.09,Medium Salary,0
15583033,640,Fair,France,Female,0-20,4,0,Zero Balance,2,0,1,78310.82,Medium Salary,0
15644212,644,Fair,Spain,Male,21-30,0,0,Zero Balance,2,1,0,119419.37,High Salary,0
15735688,753,Very Good,France,Female,31-40,6,106596.29,High Balance,1,0,0,91305.77,Medium Salary,0
15658577,629,Fair,France,Female,31-40,10,99546.25,Medium Balance,3,0,1,25136.95,Low Salary,1
15606887,775,Very Good,France,Female,21-30,5,0,Zero Balance,1,1,0,193880.6,Very High salary,1
15783026,701,Good,France,Female,41-50,2,0,Zero Balance,1,1,0,47856.78,Low Salary,0
15579892,708,Good,Spain,Male,0-20,7,112615.86,High Balance,1,1,1,4491.77,Low Salary,0
15802088,521,Poor,Spain,Female,21-30,10,0,Zero Balance,1,1,1,101311.95,High Salary,0
15589323,636,Fair,France,Female,21-30,9,0,Zero Balance,2,0,1,38830.72,Low Salary,0
15636395,529,Poor,France,Female,31-40,5,0,Zero Balance,2,1,0,26817.23,Low Salary,0
15712772,757,Very Good,France,Male,21-30,3,75381.15,Medium Balance,1,1,1,199727.72,Very High salary,0
15700937,767,Very Good,Spain,Female,21-30,5,0,Zero Balance,2,1,1,67445.85,Medium Salary,0
15766659,525,Poor,Spain,Male,31-40,5,0,Zero Balance,2,1,0,161002.29,Very High salary,0
15814033,759,Very Good,Spain,Male,31-40,1,0,Zero Balance,2,1,0,20778.39,Low Salary,0
15783007,520,Poor,Germany,Female,41-50,1,123086.39,High Balance,1,1,1,41042.4,Low Salary,1
15654183,738,Good,France,Female,21-30,3,0,Zero Balance,2,1,0,67484.16,Medium Salary,0
15609899,548,Poor,Spain,Male,31-40,4,0,Zero Balance,1,1,0,121763.68,High Salary,0
15747323,535,Poor,Spain,Male,41-50,9,109472.47,High Balance,1,1,0,157358.43,Very High salary,1
15582591,615,Fair,Spain,Male,51-60,4,155766.05,Very High Balance,1,1,1,110275.17,High Salary,0
15738835,850,Excellent,Germany,Male,31-40,7,101985.81,High Balance,2,0,0,43801.27,Low Salary,0
15782404,487,Poor,France,Female,31-40,2,96019.5,Medium Balance,1,0,0,9085,Low Salary,0
15697480,731,Good,France,Male,21-30,7,0,Zero Balance,2,0,1,143086.09,High Salary,0
15697045,726,Good,Spain,Female,31-40,9,0,Zero Balance,2,0,1,100556.98,High Salary,0
15781234,609,Fair,France,Female,31-40,2,147900.43,High Balance,1,1,0,140000.29,High Salary,0
15579891,714,Good,France,Male,51-60,4,100755.66,High Balance,1,1,1,186775.25,Very High salary,0
15805690,694,Good,Spain,Female,31-40,7,0,Zero Balance,1,1,0,133570.43,High Salary,1
15612139,786,Very Good,France,Female,31-40,0,83036.05,Medium Balance,1,0,1,154990.58,Very High salary,1
15568834,698,Good,Spain,Male,21-30,6,125427.37,High Balance,2,0,0,27654.44,Low Salary,0
15709917,601,Fair,France,Female,41-50,3,98202.76,Medium Balance,1,0,0,137763.93,High Salary,0
15718843,769,Very Good,Spain,Male,41-50,1,72509.91,Medium Balance,1,1,0,25723.73,Low Salary,0
15799494,850,Excellent,Germany,Male,41-50,3,140393.65,High Balance,2,0,1,186285.52,Very High salary,0
15673439,646,Fair,Spain,Female,41-50,5,142644.64,High Balance,2,1,1,142208.5,High Salary,1
15669011,659,Fair,France,Female,41-50,9,23503.31,Low Balance,1,0,1,169862.01,Very High salary,1
15581388,487,Poor,Spain,Male,31-40,8,145729.71,High Balance,1,1,0,41365.85,Low Salary,0
15743153,740,Very Good,Germany,Female,31-40,2,122295.17,High Balance,2,1,1,30812.84,Low Salary,0
15579787,686,Good,France,Male,31-40,4,0,Zero Balance,2,1,0,155023.93,Very High salary,0
15759966,612,Fair,Spain,Female,31-40,5,119799.27,High Balance,2,1,0,159416.58,Very High salary,0
15601045,655,Fair,Spain,Male,31-40,8,163708.58,Very High Balance,2,0,0,76259.23,Medium Salary,0
15764021,617,Fair,France,Male,31-40,1,61687.33,Medium Balance,2,1,0,105965.25,High Salary,0
15687218,674,Good,France,Female,21-30,4,79144.34,Medium Balance,1,0,1,50743.83,Medium Salary,0
15626452,711,Good,Spain,Male,31-40,5,0,Zero Balance,2,1,1,147720.27,High Salary,0
15700964,624,Fair,Germany,Female,21-30,7,104848.68,High Balance,1,1,1,167387.36,Very High salary,0
15768887,597,Fair,Spain,Male,21-30,5,0,Zero Balance,2,0,1,95159.13,Medium Salary,0
15735358,682,Good,Spain,Male,41-50,4,0,Zero Balance,1,1,1,4654.28,Low Salary,0
15749472,775,Very Good,France,Male,41-50,8,0,Zero Balance,1,1,0,130376.68,High Salary,0
15685872,727,Good,France,Female,21-30,1,146652.01,High Balance,1,1,1,173486.39,Very High salary,0
15760851,629,Fair,France,Male,31-40,6,0,Zero Balance,2,1,0,93881.75,Medium Salary,0
15734588,684,Good,France,Male,41-50,0,0,Zero Balance,2,1,1,36376.97,Low Salary,0
15784594,549,Poor,Germany,Female,31-40,1,130622.34,High Balance,2,1,1,128499.94,High Salary,0
15606435,593,Fair,Germany,Male,60+,2,187013.13,Very High Balance,2,0,1,105898.69,High Salary,0
15790247,536,Poor,Spain,Male,31-40,9,0,Zero Balance,2,1,1,11959.03,Low Salary,0
15676433,707,Good,France,Female,31-40,6,0,Zero Balance,1,0,0,98810.78,Medium Salary,0
15625905,592,Fair,Spain,Male,41-50,0,0,Zero Balance,2,1,0,65906.07,Medium Salary,0
15626414,703,Good,France,Male,41-50,6,98862.54,Medium Balance,1,1,0,151516.7,Very High salary,0
15623220,723,Good,Spain,Female,41-50,4,0,Zero Balance,2,1,0,37214.39,Low Salary,0
15752857,452,Poor,Germany,Male,51-60,1,98443.14,Medium Balance,2,0,0,92033.98,Medium Salary,0
15677908,552,Poor,Spain,Male,41-50,4,0,Zero Balance,2,0,0,195692.3,Very High salary,0
15773013,633,Fair,France,Female,41-50,0,0,Zero Balance,1,1,1,6342.84,Low Salary,1
15623972,479,Poor,Germany,Female,21-30,9,123575.51,High Balance,1,0,1,95148.28,Medium Salary,0
15738627,768,Very Good,France,Male,21-30,6,0,Zero Balance,2,1,1,21215.67,Low Salary,0
15643392,742,Very Good,France,Male,31-40,4,105239.1,High Balance,1,1,1,19700.24,Low Salary,0
15684868,668,Fair,Germany,Male,51-60,9,110993.79,High Balance,1,1,0,134396.64,High Salary,1
15627854,707,Good,Spain,Male,41-50,3,0,Zero Balance,2,1,1,135077.01,High Salary,0
15669253,754,Very Good,Spain,Male,31-40,7,157691.98,Very High Balance,2,1,0,133600.89,High Salary,1
15758023,544,Poor,Germany,Male,41-50,5,105245.21,High Balance,1,0,0,99922.08,Medium Salary,1
15574558,718,Good,Spain,Male,31-40,8,0,Zero Balance,2,1,1,41399.33,Low Salary,0
15635256,762,Very Good,France,Male,31-40,7,117687.35,High Balance,1,1,1,159344.43,Very High salary,0
15680399,772,Very Good,France,Male,21-30,2,0,Zero Balance,2,1,0,18364.19,Low Salary,0
15674720,691,Good,Germany,Female,31-40,7,123067.63,High Balance,1,1,1,98162.44,Medium Salary,1
15580249,502,Poor,France,Male,41-50,0,0,Zero Balance,1,0,0,84663.21,Medium Salary,0
15675431,563,Poor,France,Female,31-40,6,0,Zero Balance,2,0,0,36536.93,Low Salary,0
15698285,676,Good,France,Female,41-50,4,101457.14,High Balance,1,1,1,79101.67,Medium Salary,0
15810775,576,Poor,Spain,Male,51-60,2,100549.43,High Balance,2,1,1,16644.16,Low Salary,0
15678173,629,Fair,Spain,Male,31-40,4,174588.8,Very High Balance,2,0,1,158420.14,Very High salary,0
15665222,625,Fair,Spain,Male,51-60,8,121161.57,High Balance,1,1,0,48988.28,Low Salary,0
15803908,628,Fair,France,Male,41-50,9,0,Zero Balance,2,1,1,96862.56,Medium Salary,0
15586039,471,Poor,Germany,Female,31-40,5,90063.74,Medium Balance,2,1,1,96366.7,Medium Salary,0
15802570,811,Excellent,France,Female,41-50,5,0,Zero Balance,2,1,1,146123.19,High Salary,0
15781451,504,Poor,France,Male,41-50,3,134936.97,High Balance,2,0,0,135178.91,High Salary,0
15721019,687,Good,France,Female,21-30,3,110495.27,High Balance,1,1,0,158615.41,Very High salary,0
15738588,660,Fair,Germany,Female,31-40,2,133200.09,High Balance,1,0,0,71433.88,Medium Salary,0
15730657,548,Poor,France,Female,41-50,4,82596.8,Medium Balance,1,0,1,55672.09,Medium Salary,0
15739292,609,Fair,Germany,Male,31-40,9,103837.75,High Balance,1,1,1,150218.11,Very High salary,0
15725945,659,Fair,Spain,Female,41-50,2,0,Zero Balance,1,0,0,162734.31,Very High salary,1
15813159,526,Poor,France,Male,51-60,8,93590.47,Medium Balance,1,0,1,21228.71,Low Salary,1
15636820,725,Good,Germany,Male,31-40,8,104149.66,High Balance,1,1,0,62027.9,Medium Salary,0
15603880,519,Poor,Germany,Male,31-40,1,114141.64,High Balance,1,1,1,60988.21,Medium Salary,1
15619494,562,Poor,Germany,Female,31-40,9,117153,High Balance,1,1,1,108675.01,High Salary,0
15596992,482,Poor,Germany,Male,41-50,7,156353.46,Very High Balance,1,1,0,72643.95,Medium Salary,1
15735025,535,Poor,Spain,Male,31-40,3,175534.78,Very High Balance,2,1,1,9241.52,Low Salary,0
15730759,561,Poor,France,Female,21-30,9,135637,High Balance,1,1,0,153080.4,Very High salary,1
15752912,661,Fair,France,Female,21-30,7,0,Zero Balance,2,1,0,72196.57,Medium Salary,0
15711316,771,Very Good,France,Male,21-30,2,0,Zero Balance,2,1,1,199527.34,Very High salary,0
15738785,545,Poor,France,Male,21-30,7,0,Zero Balance,2,0,1,156598.23,Very High salary,0
15777896,850,Excellent,Germany,Female,31-40,2,83415.04,Medium Balance,1,0,1,74917.64,Medium Salary,0
15628963,601,Fair,Germany,Male,41-50,3,141859.12,High Balance,2,1,1,111249.62,High Salary,0
15742126,712,Good,Germany,Male,31-40,7,132767.66,High Balance,2,1,1,59115.77,Medium Salary,0
15575623,589,Fair,France,Female,31-40,10,110635.32,High Balance,1,1,0,148218.86,High Salary,0
15741652,600,Fair,Spain,Male,31-40,8,177657.35,Very High Balance,1,1,1,77142.32,Medium Salary,0
15738884,642,Fair,Germany,Male,41-50,4,157777.58,Very High Balance,1,1,0,67484.6,Medium Salary,0
15615050,575,Poor,Germany,Male,41-50,9,107915.94,High Balance,2,1,1,63452.18,Medium Salary,1
15803005,570,Poor,Germany,Female,51-60,5,86568.75,Medium Balance,1,0,1,103660.31,High Salary,0
15743498,532,Poor,Germany,Male,51-60,9,137755.76,High Balance,1,1,0,163191.99,Very High salary,1
15720463,796,Very Good,France,Male,21-30,2,137262.71,High Balance,2,1,0,62905.29,Medium Salary,0
15588695,833,Excellent,Spain,Male,31-40,6,0,Zero Balance,1,1,1,44323.22,Low Salary,1
15665802,642,Fair,Spain,Female,31-40,6,0,Zero Balance,2,1,1,97938.59,Medium Salary,0
15571144,655,Fair,France,Male,21-30,10,0,Zero Balance,2,0,1,126565.21,High Salary,0
15750731,736,Good,Germany,Male,41-50,9,116309.01,High Balance,1,1,0,185360.4,Very High salary,1
15605134,617,Fair,France,Female,31-40,0,131244.65,High Balance,2,1,0,183229.02,Very High salary,0
15626044,762,Very Good,Germany,Male,21-30,3,125155.83,High Balance,2,1,1,106024.02,High Salary,0
15737910,703,Good,Germany,Male,31-40,5,140691.08,High Balance,2,1,0,167810.26,Very High salary,0
15761076,507,Poor,France,Male,41-50,3,58820.32,Medium Balance,2,1,1,138536.09,High Salary,0
15710105,581,Fair,Germany,Female,21-30,3,105099.45,High Balance,1,1,1,184520,Very High salary,1
15577402,593,Fair,France,Male,31-40,9,0,Zero Balance,2,0,1,20492.16,Low Salary,0
15803337,648,Fair,France,Male,21-30,9,168372.52,Very High Balance,1,1,0,134676.72,High Salary,0
15654372,462,Poor,Germany,Male,31-40,1,94682.56,Medium Balance,2,1,0,138478.2,High Salary,0
15585867,596,Fair,Spain,Male,31-40,2,0,Zero Balance,2,0,1,125557.95,High Salary,0
15662488,627,Fair,France,Female,41-50,5,0,Zero Balance,2,1,0,82969.61,Medium Salary,1
15604813,494,Poor,France,Male,31-40,7,0,Zero Balance,2,0,1,158071.69,Very High salary,0
15611644,627,Fair,France,Male,60+,0,146329.73,High Balance,1,0,1,43615.67,Low Salary,0
15674928,850,Excellent,Spain,Male,31-40,2,0,Zero Balance,2,1,0,119969.99,High Salary,0
15656100,632,Fair,France,Female,41-50,5,167962.7,Very High Balance,1,0,0,140201.21,High Salary,0
15764293,490,Poor,France,Male,31-40,1,0,Zero Balance,2,1,1,80792.83,Medium Salary,0
15636423,715,Good,France,Male,31-40,7,0,Zero Balance,1,1,1,141359.11,High Salary,0
15607629,679,Good,France,Male,41-50,8,0,Zero Balance,2,1,0,23344.94,Low Salary,0
15577313,619,Fair,France,Male,41-50,3,116967.68,High Balance,1,1,0,5075.17,Low Salary,1
15714493,465,Poor,Spain,Female,31-40,6,0,Zero Balance,2,1,1,95500.98,Medium Salary,0
15643359,736,Good,Spain,Male,31-40,7,0,Zero Balance,1,0,1,79082.62,Medium Salary,0
15687913,501,Poor,Germany,Female,31-40,7,93244.42,Medium Balance,1,0,1,199805.63,Very High salary,0
15790935,535,Poor,France,Female,21-30,5,0,Zero Balance,2,0,1,52709.55,Medium Salary,0
15708693,759,Very Good,France,Female,31-40,2,0,Zero Balance,2,1,0,56583.88,Medium Salary,0
15672016,819,Excellent,France,Male,31-40,1,0,Zero Balance,2,0,1,3385.04,Low Salary,0
15727605,533,Poor,Germany,Male,41-50,4,80442.06,Medium Balance,2,0,1,12537.42,Low Salary,0
15651144,632,Fair,Germany,Female,31-40,2,150561.03,Very High Balance,2,0,0,64722.61,Medium Salary,0
15749401,686,Good,France,Male,51-60,9,0,Zero Balance,3,1,1,75246.21,Medium Salary,1
15691874,687,Good,France,Female,31-40,9,125474.44,High Balance,1,1,0,198929.84,Very High salary,0
15620735,667,Fair,Germany,Female,31-40,4,127076.68,High Balance,2,1,0,69011.66,Medium Salary,0
15769781,699,Good,Spain,Female,21-30,8,0,Zero Balance,2,1,1,52404.47,Medium Salary,0
15624611,497,Poor,Spain,Male,31-40,8,128650.11,High Balance,2,1,1,163641.53,Very High salary,0
15773071,780,Very Good,Spain,Female,31-40,6,145580.61,High Balance,1,1,1,154598.56,Very High salary,0
15720371,652,Fair,France,Female,51-60,3,0,Zero Balance,1,1,0,173989.47,Very High salary,1
15717984,477,Poor,France,Male,41-50,9,144900.58,High Balance,1,1,0,61315.37,Medium Salary,1
15806407,652,Fair,France,Female,31-40,4,0,Zero Balance,2,1,0,143393.24,High Salary,0
15785042,488,Poor,France,Female,31-40,8,97588.6,Medium Balance,1,0,0,124210.53,High Salary,0
15809302,572,Poor,France,Male,21-30,1,0,Zero Balance,2,1,1,151460.84,Very High salary,0
15677550,755,Very Good,France,Female,31-40,1,0,Zero Balance,2,1,0,20734.81,Low Salary,0
15654096,779,Very Good,Germany,Female,21-30,10,122200.31,High Balance,2,1,0,43705.56,Low Salary,0
15617320,693,Good,Spain,Female,41-50,3,151709.33,Very High Balance,1,1,0,180736.24,Very High salary,0
15653065,530,Poor,Spain,Female,21-30,7,0,Zero Balance,2,1,0,104170.48,High Salary,0
15649112,738,Good,Spain,Female,31-40,3,122134.4,High Balance,2,0,1,27867.59,Low Salary,0
15690526,690,Good,Germany,Male,31-40,2,137260.45,High Balance,2,1,0,55387.28,Medium Salary,0
15806945,611,Fair,France,Female,21-30,9,88594.14,Medium Balance,1,1,0,196332.45,Very High salary,0
15670066,643,Fair,Spain,Male,31-40,6,0,Zero Balance,2,1,1,116046.22,High Salary,0
15625761,632,Fair,Germany,Male,41-50,8,127205.32,High Balance,4,1,0,93874.87,Medium Salary,1
15761525,727,Good,Spain,Female,31-40,10,96997.09,Medium Balance,2,0,0,76614.04,Medium Salary,0
15735080,508,Poor,France,Female,60+,2,0,Zero Balance,1,1,1,6076.62,Low Salary,0
15619537,550,Poor,France,Male,31-40,5,142200.19,High Balance,2,1,1,122221.71,High Salary,0
15598162,754,Very Good,Germany,Female,31-40,3,160761.41,Very High Balance,1,1,1,24156.03,Low Salary,0
15694300,759,Very Good,France,Male,21-30,4,0,Zero Balance,2,1,0,135394.62,High Salary,0
15637235,794,Very Good,Spain,Male,31-40,8,0,Zero Balance,2,0,0,91340.02,Medium Salary,0
15612444,549,Poor,France,Male,21-30,3,0,Zero Balance,2,1,0,146090.38,High Salary,0
15626457,671,Good,France,Male,31-40,0,116234.61,High Balance,1,1,0,172096.08,Very High salary,0
15627995,756,Very Good,Germany,Female,21-30,5,155143.52,Very High Balance,1,0,1,135034.57,High Salary,1
15706128,632,Fair,France,Female,21-30,1,0,Zero Balance,2,1,0,84008.66,Medium Salary,0
15666430,579,Poor,France,Male,31-40,8,0,Zero Balance,2,0,0,91763.67,Medium Salary,0
15627385,748,Very Good,France,Male,31-40,5,84009.47,Medium Balance,1,1,1,137001.1,High Salary,0
15581323,488,Poor,Germany,Female,21-30,7,139246.22,High Balance,2,1,0,106799.49,High Salary,0
15608109,710,Good,Germany,Male,51-60,7,170113,Very High Balance,2,0,1,10494.64,Low Salary,0
15801942,619,Fair,Spain,Female,41-50,8,0,Zero Balance,3,1,1,79866.73,Medium Salary,1
15567431,773,Very Good,France,Male,60+,2,145578.28,High Balance,1,0,1,186172.85,Very High salary,0
15810167,657,Fair,Spain,Male,60+,7,126273.95,High Balance,1,0,1,91673.6,Medium Salary,0
15644501,579,Poor,France,Female,21-30,10,162482.76,Very High Balance,1,1,1,18458.2,Low Salary,0
15785290,542,Poor,France,Male,21-30,9,0,Zero Balance,1,1,0,8342.35,Low Salary,0
15611157,709,Good,France,Female,31-40,2,87814.89,Medium Balance,1,1,0,138578.37,High Salary,0
15673837,617,Fair,Spain,Male,60+,3,113858.95,High Balance,1,1,1,38129.22,Low Salary,0
15656822,568,Poor,Germany,Male,41-50,5,87612.64,Medium Balance,4,1,1,107155.4,High Salary,1
15580560,769,Very Good,France,Female,60+,1,0,Zero Balance,1,1,1,29792.11,Low Salary,0
15760641,608,Fair,Germany,Male,21-30,1,106648.98,High Balance,1,0,1,7063.6,Low Salary,0
15587584,503,Poor,Spain,Male,31-40,4,0,Zero Balance,2,1,1,21645.06,Low Salary,0
15604146,608,Fair,Germany,Female,31-40,8,103653.51,High Balance,2,1,1,137079.86,High Salary,0
15813974,731,Good,Germany,Male,31-40,3,116880.53,High Balance,1,0,0,172718.35,Very High salary,1
15746986,850,Excellent,Germany,Female,31-40,4,97990.49,Medium Balance,2,0,0,106691.02,High Salary,0
15759741,591,Fair,Germany,Female,31-40,4,150635.3,Very High Balance,1,1,1,72274.84,Medium Salary,0
15734892,579,Poor,Spain,Male,31-40,4,0,Zero Balance,2,1,1,32246.63,Low Salary,0
15797194,570,Poor,France,Male,31-40,10,129674.89,High Balance,2,1,0,80552.36,Medium Salary,0
15723786,709,Good,France,Female,31-40,9,0,Zero Balance,2,1,0,16733.59,Low Salary,0
15642726,611,Fair,France,Male,51-60,3,83568.26,Medium Balance,1,0,0,1235.49,Low Salary,0
15664339,775,Very Good,Spain,Male,41-50,4,178144.91,Very High Balance,2,0,0,50168.41,Medium Salary,1
15754526,699,Good,Germany,Male,31-40,6,147137.74,High Balance,1,1,1,33687.9,Low Salary,0
15703037,618,Fair,France,Male,31-40,5,0,Zero Balance,1,0,1,178705.45,Very High salary,1
15751412,704,Good,France,Male,31-40,3,114370.41,High Balance,1,0,1,66810.48,Medium Salary,0
15609558,835,Excellent,Germany,Female,41-50,5,108289.28,High Balance,2,1,1,45859.55,Low Salary,1
15572408,714,Good,Germany,Male,31-40,3,149887.49,High Balance,2,1,0,63846.36,Medium Salary,0
15613923,581,Fair,Spain,Female,41-50,4,170172.9,Very High Balance,1,0,1,100236.02,High Salary,0
15747000,592,Fair,France,Male,21-30,3,0,Zero Balance,2,1,1,19645.65,Low Salary,0
15731781,551,Poor,France,Male,41-50,7,0,Zero Balance,2,1,0,178393.68,Very High salary,0
15727198,689,Good,Germany,Female,21-30,2,64808.32,Medium Balance,2,0,0,78591.15,Medium Salary,0
15794273,604,Fair,France,Female,51-60,0,62732.65,Medium Balance,1,0,1,124954.56,High Salary,0
15804950,514,Poor,France,Female,41-50,7,0,Zero Balance,2,1,1,3756.65,Low Salary,0
15576304,698,Good,France,Male,21-30,5,95167.55,Medium Balance,1,1,1,152723.23,Very High salary,0
15645200,581,Fair,Germany,Female,51-60,2,152508.99,Very High Balance,1,1,0,187597.98,Very High salary,1
15779627,573,Poor,Germany,Male,31-40,0,134644.19,High Balance,1,1,1,70381.49,Medium Salary,0
15750755,449,Poor,Spain,Female,31-40,8,0,Zero Balance,2,0,0,156792.89,Very High salary,0
15569654,850,Excellent,Germany,Female,31-40,3,51293.47,Medium Balance,1,0,0,35534.68,Low Salary,0
15753079,612,Fair,France,Male,41-50,5,0,Zero Balance,3,0,0,151256.22,Very High salary,0
15684995,690,Good,Spain,Male,41-50,8,116622.73,High Balance,1,0,1,51011.29,Medium Salary,0
15790763,599,Fair,Spain,Female,41-50,2,0,Zero Balance,2,1,0,111190.53,High Salary,0
15766458,498,Poor,France,Male,31-40,1,198113.86,Very High Balance,1,1,0,69664.35,Medium Salary,0
15616221,497,Poor,France,Female,21-30,4,85646.81,Medium Balance,1,0,0,63233.02,Medium Salary,1
15776124,802,Excellent,Spain,Male,51-60,7,0,Zero Balance,1,0,1,40855.79,Low Salary,0
15665811,644,Fair,France,Male,31-40,9,141234.98,High Balance,1,1,0,95673.05,Medium Salary,0
15729804,714,Good,France,Male,31-40,10,0,Zero Balance,2,1,1,80234.14,Medium Salary,0
15714062,690,Good,France,Female,31-40,9,77641.99,Medium Balance,1,0,0,189051.59,Very High salary,1
15592197,522,Poor,Spain,Male,21-30,3,0,Zero Balance,2,1,0,145490.85,High Salary,0
15793116,502,Poor,Germany,Female,31-40,7,117304.29,High Balance,1,0,0,196278.32,Very High salary,0
15638231,730,Good,Spain,Female,60+,2,0,Zero Balance,2,1,1,162889.1,Very High salary,0
15697678,590,Fair,Germany,Male,31-40,6,92340.69,Medium Balance,2,1,1,174667.58,Very High salary,0
15800412,458,Poor,Germany,Male,31-40,9,146780.52,High Balance,2,1,1,3476.38,Low Salary,0
15597610,553,Poor,Spain,Male,41-50,6,144974.55,High Balance,1,1,1,19344.92,Low Salary,0
15726634,479,Poor,France,Male,41-50,1,0,Zero Balance,1,1,0,95270.83,Medium Salary,0
15670866,693,Good,France,Male,31-40,2,0,Zero Balance,2,1,1,107759.31,High Salary,0
15667462,707,Good,Spain,Male,41-50,10,0,Zero Balance,2,1,0,118368.2,High Salary,0
15662574,636,Fair,Spain,Male,31-40,1,115137.26,High Balance,1,1,0,52484.01,Medium Salary,0
15716926,807,Excellent,France,Male,31-40,10,101952.97,High Balance,2,1,0,178153.65,Very High salary,0
15603554,513,Poor,France,Female,41-50,0,164649.52,Very High Balance,3,1,0,49915.52,Low Salary,1
15716800,582,Fair,France,Male,31-40,2,0,Zero Balance,2,1,1,33747.03,Low Salary,0
15679429,694,Good,France,Male,31-40,0,91956.49,Medium Balance,1,1,1,59961.81,Medium Salary,0
15616122,777,Very Good,France,Male,31-40,8,0,Zero Balance,2,1,1,18613.52,Low Salary,0
15742172,598,Fair,Germany,Male,31-40,9,123938.6,High Balance,2,1,0,198894.42,Very High salary,0
15792305,762,Very Good,Germany,Male,41-50,6,123571.77,High Balance,3,0,1,57014.17,Medium Salary,1
15636016,588,Fair,France,Female,31-40,3,120777.88,High Balance,1,1,1,131729.52,High Salary,0
15733138,663,Fair,Germany,Male,41-50,5,90248.79,Medium Balance,1,1,1,79169.73,Medium Salary,0
15669741,777,Very Good,France,Male,31-40,7,0,Zero Balance,1,1,0,106472.34,High Salary,0
15616954,592,Fair,France,Male,60+,4,0,Zero Balance,2,0,1,17013.54,Low Salary,0
15729238,631,Fair,Germany,Male,41-50,1,106396.48,High Balance,1,1,1,150661.42,Very High salary,1
15718242,725,Good,Germany,Female,41-50,1,104887.43,High Balance,1,0,0,86622.56,Medium Salary,1
15682914,850,Excellent,France,Male,31-40,2,72079.71,Medium Balance,1,1,1,115767.93,High Salary,0
15654274,540,Poor,France,Male,31-40,6,0,Zero Balance,2,1,0,141998.89,High Salary,0
15691457,674,Good,Spain,Male,31-40,2,0,Zero Balance,2,1,1,182787.17,Very High salary,0
15719649,553,Poor,France,Male,31-40,3,99844.68,Medium Balance,1,0,0,187915.7,Very High salary,0
15778897,630,Fair,France,Female,21-30,1,0,Zero Balance,2,1,1,133267.78,High Salary,0
15589437,466,Poor,France,Male,21-30,3,156815.71,Very High Balance,1,1,1,137476.09,High Salary,0
15682369,613,Fair,France,Male,41-50,6,146034.74,High Balance,1,1,1,77146.14,Medium Salary,0
15626507,558,Poor,France,Male,21-30,1,152283.39,Very High Balance,1,1,0,183271.15,Very High salary,0
15571995,775,Very Good,Germany,Female,31-40,1,118897.1,High Balance,2,1,1,26362.4,Low Salary,0
15673333,698,Good,Germany,Male,51-60,8,96781.39,Medium Balance,1,1,1,153373.71,Very High salary,0
15748752,608,Fair,Germany,Male,31-40,1,102772.67,High Balance,2,1,0,70705.58,Medium Salary,0
15725302,670,Good,Spain,Female,0-20,4,0,Zero Balance,2,1,0,119759.24,High Salary,0
15722083,591,Fair,Spain,Male,31-40,8,0,Zero Balance,2,0,0,42392.24,Low Salary,0
15771442,633,Fair,France,Male,31-40,4,150578,Very High Balance,1,0,1,34670.62,Low Salary,1
15803633,678,Good,France,Female,41-50,1,0,Zero Balance,2,0,0,82106.19,Medium Salary,0
15672185,590,Fair,France,Male,41-50,3,0,Zero Balance,2,1,0,171774.5,Very High salary,0
15806486,705,Good,France,Female,41-50,0,0,Zero Balance,2,0,0,149772.61,High Salary,0
15570895,608,Fair,France,Male,41-50,10,163548.07,Very High Balance,1,1,0,38866.85,Low Salary,0
15614520,682,Good,France,Female,31-40,8,148580.12,High Balance,1,1,0,35179.18,Low Salary,0
15687492,596,Fair,Germany,Male,31-40,3,96709.07,Medium Balance,2,0,0,41788.37,Low Salary,0
15675337,395,Poor,Germany,Female,31-40,5,106011.59,High Balance,1,1,1,17376.57,Low Salary,1
15721047,578,Poor,Germany,Male,31-40,1,135650.88,High Balance,1,1,0,199428.19,Very High salary,0
15589017,547,Poor,Germany,Male,51-60,4,111362.76,High Balance,3,1,0,16922.28,Low Salary,1
15611186,609,Fair,France,Male,31-40,1,39344.83,Low Balance,1,1,1,178291.89,Very High salary,1
15617301,774,Very Good,Germany,Male,31-40,9,130809.77,High Balance,1,1,0,152290.28,Very High salary,0
15726046,712,Good,France,Female,21-30,2,133009.51,High Balance,1,1,0,126809.15,High Salary,0
15585748,585,Fair,Germany,Female,21-30,9,135337.49,High Balance,2,1,1,40385.61,Low Salary,0
15672826,666,Fair,France,Female,31-40,10,112536.57,High Balance,2,1,1,34350.54,Low Salary,0
15595162,708,Good,Spain,Female,31-40,8,122570.69,High Balance,1,0,0,199005.88,Very High salary,0
15650026,513,Poor,France,Male,41-50,1,63562.02,Medium Balance,2,0,1,52629.73,Medium Salary,1
15745826,445,Poor,France,Male,31-40,3,0,Zero Balance,2,1,1,180012.39,Very High salary,0
15708610,690,Good,Germany,Male,41-50,9,100368.63,High Balance,2,0,0,35342.33,Low Salary,0
15624471,850,Excellent,France,Male,31-40,6,0,Zero Balance,2,1,0,109291.22,High Salary,0
15590097,537,Poor,Spain,Female,31-40,7,136082,High Balance,1,1,0,62746.54,Medium Salary,0
15689328,705,Good,Germany,Male,41-50,9,114169.16,High Balance,1,0,0,173273.2,Very High salary,1
15582154,670,Good,France,Female,41-50,5,47884.92,Low Balance,1,1,1,54340.24,Medium Salary,0
15734626,652,Fair,Spain,Female,31-40,1,0,Zero Balance,2,1,1,19302.78,Low Salary,0
15702806,696,Good,Spain,Male,21-30,9,0,Zero Balance,1,0,0,10883.52,Low Salary,0
15620756,747,Very Good,France,Male,41-50,6,202904.64,Very High Balance,1,1,1,17298.72,Low Salary,1
15611331,511,Poor,France,Female,41-50,1,0,Zero Balance,1,1,1,115779.48,High Salary,1
15576935,743,Very Good,Spain,Male,41-50,2,161807.18,Very High Balance,2,0,1,93228.86,Medium Salary,1
15661275,532,Poor,Germany,Male,51-60,3,110791.97,High Balance,1,1,0,148704.77,High Salary,1
15814940,642,Fair,Spain,Female,31-40,9,0,Zero Balance,2,1,1,150475.14,Very High salary,0
15768471,554,Poor,Germany,Female,51-60,6,108755,High Balance,1,1,0,40914.32,Low Salary,1
15697391,604,Fair,Spain,Female,31-40,3,0,Zero Balance,2,1,0,38587.7,Low Salary,0
15793346,602,Fair,France,Female,60+,3,0,Zero Balance,2,1,1,171260.66,Very High salary,0
15608338,757,Very Good,Spain,Female,51-60,9,117294.12,High Balance,4,1,0,94187.47,Medium Salary,1
15578546,491,Poor,Germany,Male,21-30,4,102251.14,High Balance,1,1,1,145900.89,High Salary,0
15656921,850,Excellent,France,Male,31-40,4,0,Zero Balance,2,0,0,152298.28,Very High salary,0
15761340,521,Poor,France,Male,21-30,5,0,Zero Balance,2,1,1,99828.45,Medium Salary,0
15591135,726,Good,France,Male,31-40,2,132057.92,High Balance,2,1,0,34743.98,Low Salary,0
15623219,596,Fair,France,Male,31-40,8,0,Zero Balance,1,1,0,121189.3,High Salary,1
15655229,850,Excellent,Germany,Female,31-40,7,114285.2,High Balance,1,0,1,129660.59,High Salary,0
15805884,637,Fair,France,Female,41-50,9,0,Zero Balance,2,1,0,145477.36,High Salary,0
15668289,690,Good,Spain,Male,31-40,2,76087.98,Medium Balance,1,0,1,151822.66,Very High salary,0
15568562,689,Good,France,Male,31-40,8,160272.27,Very High Balance,1,1,0,49656.24,Low Salary,0
15773276,633,Fair,Spain,Male,60+,4,114552.6,High Balance,1,1,0,73856.28,Medium Salary,1
15622801,555,Poor,France,Female,21-30,8,102000.17,High Balance,1,1,1,116757,High Salary,0
15779886,563,Poor,Spain,Male,21-30,7,0,Zero Balance,2,0,0,16319.56,Low Salary,0
15713673,494,Poor,France,Female,31-40,1,137853,High Balance,1,0,1,90273.85,Medium Salary,0
15783083,534,Poor,France,Male,21-30,9,0,Zero Balance,2,1,0,161344.13,Very High salary,0
15742824,696,Good,Germany,Male,41-50,7,162318.61,Very High Balance,1,1,0,121061.89,High Salary,0
15621550,535,Poor,Spain,Female,41-50,1,140292.58,High Balance,3,0,0,69531.22,Medium Salary,1
15799480,600,Fair,France,Male,31-40,0,0,Zero Balance,2,0,1,3756.23,Low Salary,0
15625247,807,Excellent,France,Female,31-40,1,0,Zero Balance,1,0,0,114448.13,High Salary,0
15755241,714,Good,France,Female,51-60,2,0,Zero Balance,1,0,1,144045.08,High Salary,1
15575679,590,Fair,France,Male,21-30,7,126431.54,High Balance,1,1,0,58781.11,Medium Salary,0
15668235,614,Fair,France,Female,41-50,3,123475.04,High Balance,1,1,1,179227.52,Very High salary,0
15683183,766,Very Good,Germany,Female,41-50,6,97652.96,Medium Balance,1,1,0,127332.33,High Salary,0
15684592,557,Poor,Spain,Male,41-50,4,0,Zero Balance,2,0,1,86642.38,Medium Salary,0
15591169,788,Very Good,Germany,Female,41-50,4,137455.99,High Balance,1,1,0,184178.29,Very High salary,1
15653455,648,Fair,France,Female,31-40,2,0,Zero Balance,2,0,1,9551.49,Low Salary,0
15732563,726,Good,Germany,Female,31-40,7,99046.31,Medium Balance,2,1,1,56053.06,Medium Salary,0
15656471,773,Very Good,France,Male,31-40,9,0,Zero Balance,2,1,1,1118.31,Low Salary,0
15598510,583,Fair,Germany,Male,21-30,4,105907.42,High Balance,2,1,1,195732.04,Very High salary,0
15766427,565,Poor,Germany,Male,51-60,5,97720.35,Medium Balance,2,1,0,175070.94,Very High salary,1
15785342,705,Good,France,Male,21-30,9,0,Zero Balance,2,0,1,112331.19,High Salary,0
15641595,685,Good,Spain,Male,41-50,4,97392.18,Medium Balance,2,1,0,43956.83,Low Salary,0
15798429,741,Very Good,France,Male,21-30,8,0,Zero Balance,2,1,1,115994.52,High Salary,0
15648136,658,Fair,Germany,Female,21-30,9,152812.58,Very High Balance,1,1,0,166682.57,Very High salary,0
15812482,575,Poor,France,Male,21-30,3,139301.68,High Balance,1,1,0,99843.98,Medium Salary,0
15790810,844,Excellent,France,Female,41-50,10,76319.64,Medium Balance,1,1,1,141175.18,High Salary,1
15687421,559,Poor,Spain,Male,60+,9,125919.35,High Balance,1,1,0,175910.95,Very High salary,1
15765643,725,Good,France,Male,31-40,6,124348.38,High Balance,2,0,1,176984.34,Very High salary,0
15654878,450,Poor,France,Male,21-30,7,117199.8,High Balance,1,1,1,43480.63,Low Salary,0
15686835,738,Good,Germany,Female,51-60,9,148384.64,High Balance,1,0,0,155047.11,Very High salary,1
15768340,642,Fair,Germany,Female,0-20,3,113905.48,High Balance,1,1,1,176137.2,Very High salary,0
15673599,618,Fair,Spain,Male,31-40,5,133476.09,High Balance,1,0,1,154843.4,Very High salary,0
15689096,590,Fair,France,Male,41-50,0,117879.32,High Balance,1,1,1,8214.46,Low Salary,0
15684294,735,Good,France,Male,41-50,2,0,Zero Balance,2,0,1,147075.69,High Salary,0
15615828,550,Poor,France,Male,31-40,8,122359.5,High Balance,1,0,0,116495.55,High Salary,0
15746012,729,Good,Spain,Female,21-30,0,0,Zero Balance,2,1,1,31165.06,Low Salary,1
15615797,743,Very Good,Germany,Male,51-60,5,108585.35,High Balance,1,1,1,192127.22,Very High salary,1
15788494,555,Poor,France,Male,31-40,8,145875.74,High Balance,1,1,0,137491.23,High Salary,0
15793856,667,Fair,Spain,Female,31-40,3,121542.57,High Balance,2,1,1,186841.71,Very High salary,0
15629545,790,Very Good,Spain,Female,41-50,7,109508.68,High Balance,1,0,0,86776.38,Medium Salary,0
15661198,727,Good,Germany,Male,31-40,2,146407.11,High Balance,1,1,1,72073.72,Medium Salary,0
15715117,744,Very Good,France,Female,31-40,6,0,Zero Balance,1,0,0,10662.58,Low Salary,0
15701074,629,Fair,Germany,Male,31-40,8,112330.83,High Balance,1,1,1,91001.02,Medium Salary,0
15793046,619,Fair,France,Female,31-40,4,90413.12,Medium Balance,1,1,1,20555.21,Low Salary,0
15623744,634,Fair,France,Male,31-40,8,105302.66,High Balance,1,1,1,123164.97,High Salary,0
15611329,608,Fair,Spain,Female,31-40,6,0,Zero Balance,2,1,1,143463.28,High Salary,0
15740428,507,Poor,France,Female,31-40,1,0,Zero Balance,2,0,0,92131.54,Medium Salary,0
15781534,536,Poor,Germany,Female,31-40,4,121520.36,High Balance,1,0,0,77178.42,Medium Salary,0
15618243,730,Good,Spain,Female,41-50,1,103960.38,High Balance,1,1,1,193650.16,Very High salary,0
15784161,583,Fair,Germany,Male,31-40,8,102945.01,High Balance,1,0,0,52861.89,Medium Salary,0
15700325,644,Fair,France,Female,21-30,8,92760.55,Medium Balance,1,1,0,35896.75,Low Salary,0
15659064,790,Very Good,Spain,Male,31-40,8,0,Zero Balance,2,1,1,149418.41,High Salary,0
15658364,807,Excellent,Germany,Female,31-40,1,134590.21,High Balance,1,1,1,46253.65,Low Salary,0
15704340,581,Fair,France,Female,31-40,10,104255.03,High Balance,1,1,0,86609.37,Medium Salary,0
15793455,627,Fair,Spain,Female,51-60,6,0,Zero Balance,1,0,0,91943.94,Medium Salary,1
15579777,850,Excellent,France,Male,41-50,3,0,Zero Balance,2,1,0,128892.36,High Salary,0
15632345,754,Very Good,France,Female,31-40,4,0,Zero Balance,2,1,0,44830.71,Low Salary,0
15814468,551,Poor,Germany,Male,41-50,1,121399.98,High Balance,1,0,1,84508.44,Medium Salary,1
15754820,637,Fair,Germany,Male,31-40,8,147127.81,High Balance,2,1,1,84760.7,Medium Salary,0
15707505,699,Good,Spain,Male,31-40,8,125927.51,High Balance,2,1,0,147661.47,High Salary,0
15699507,542,Poor,France,Female,21-30,7,0,Zero Balance,2,0,1,82393.08,Medium Salary,0
15799600,640,Fair,Germany,Male,41-50,1,111599.32,High Balance,1,0,1,135995.58,High Salary,0
15794472,553,Poor,France,Female,21-30,3,0,Zero Balance,2,0,0,159800.16,Very High salary,0
15646632,741,Very Good,France,Male,31-40,9,0,Zero Balance,2,1,0,14379.01,Low Salary,0
15676353,598,Fair,France,Male,31-40,8,114212.6,High Balance,1,1,1,74322.85,Medium Salary,0
15566312,660,Fair,Spain,Female,41-50,5,0,Zero Balance,3,1,1,189016.24,Very High salary,1
15570414,618,Fair,Spain,Male,41-50,4,115251.64,High Balance,1,0,0,136435.75,High Salary,0
15776743,647,Fair,France,Male,41-50,9,0,Zero Balance,2,1,1,78488.39,Medium Salary,0
15674637,491,Poor,France,Female,60+,3,107571.61,High Balance,1,0,1,113695.99,High Salary,0
15730418,652,Fair,France,Female,31-40,2,0,Zero Balance,2,1,0,54628.11,Medium Salary,0
15739972,650,Fair,Germany,Female,41-50,9,152367.21,Very High Balance,3,1,0,150835.21,Very High salary,1
15661591,413,Poor,Germany,Male,31-40,1,130969.77,High Balance,2,1,1,158891.79,Very High salary,0
15675585,416,Poor,Germany,Female,21-30,0,97738.97,Medium Balance,2,1,1,160523.33,Very High salary,0
15814750,629,Fair,Spain,Male,31-40,8,0,Zero Balance,2,1,1,180595.02,Very High salary,0
15593454,678,Good,Spain,Female,31-40,4,113794.22,High Balance,1,1,0,16618.76,Low Salary,0
15663421,527,Poor,Spain,Male,21-30,6,128396.33,High Balance,2,1,0,79919.97,Medium Salary,0
15576196,743,Very Good,Spain,Female,41-50,5,118207.69,High Balance,2,0,0,186489.14,Very High salary,1
15677324,683,Good,Germany,Male,60+,9,124730.26,High Balance,1,1,1,51999.5,Medium Salary,0
15568742,536,Poor,France,Female,41-50,9,0,Zero Balance,1,1,0,121299.14,High Salary,0
15693764,663,Fair,Spain,Male,51-60,0,136298.65,High Balance,1,1,0,144593.3,High Salary,1
15714260,646,Fair,France,Female,31-40,2,0,Zero Balance,2,0,0,178752.73,Very High salary,0
15798200,707,Good,France,Male,31-40,2,0,Zero Balance,3,1,1,94148.3,Medium Salary,0
15656627,602,Fair,France,Male,31-40,5,0,Zero Balance,2,1,1,77414.45,Medium Salary,0
15791111,635,Fair,France,Female,41-50,2,125724.95,High Balance,2,1,0,63236.97,Medium Salary,0
15638269,597,Fair,France,Male,60+,2,0,Zero Balance,2,0,1,108645.85,High Salary,0
15807473,503,Poor,France,Male,31-40,1,0,Zero Balance,2,1,1,95153.24,Medium Salary,0
15708534,524,Poor,Spain,Female,60+,5,0,Zero Balance,1,1,0,136079.64,High Salary,1
15640686,700,Good,France,Male,41-50,5,95872.86,Medium Balance,1,1,0,98273.01,Medium Salary,1
15588904,692,Good,France,Male,31-40,9,0,Zero Balance,1,1,0,113505.93,High Salary,1
15768763,562,Poor,France,Male,31-40,2,0,Zero Balance,1,0,1,52525.15,Medium Salary,1
15770543,679,Good,France,Male,31-40,7,74260.03,Medium Balance,1,1,0,194617.98,Very High salary,0
15642162,603,Fair,Germany,Male,31-40,1,123407.69,High Balance,1,1,0,152541.89,Very High salary,1
15714046,720,Good,Spain,Male,31-40,3,123783.91,High Balance,2,1,1,142903.44,High Salary,0
15575060,797,Very Good,France,Male,21-30,5,0,Zero Balance,2,1,0,182257.61,Very High salary,0
15812040,594,Fair,France,Male,31-40,6,153880.15,Very High Balance,1,0,0,135431.72,High Salary,0
15812073,529,Poor,France,Female,31-40,7,0,Zero Balance,2,1,1,175697.87,Very High salary,0
15706810,606,Fair,Germany,Female,31-40,1,106301.85,High Balance,2,0,1,59061.25,Medium Salary,0
15584090,621,Fair,Spain,Female,31-40,7,0,Zero Balance,2,0,1,131283.6,High Salary,1
15810807,513,Poor,France,Female,41-50,9,0,Zero Balance,2,1,0,152499.8,Very High salary,0
15582033,753,Very Good,Germany,Male,41-50,3,138076.47,High Balance,1,1,0,15523.09,Low Salary,1
15687607,605,Fair,France,Female,21-30,9,135422.31,High Balance,1,0,1,186418.85,Very High salary,0
15588406,574,Poor,Spain,Female,31-40,7,0,Zero Balance,2,1,0,32262.28,Low Salary,0
15784099,726,Good,France,Female,31-40,5,126875.62,High Balance,1,1,0,128052.29,High Salary,0
15701352,611,Fair,Spain,Female,21-30,3,96381.68,Medium Balance,2,1,0,181419.29,Very High salary,0
15789371,593,Fair,Germany,Female,41-50,4,119703.1,High Balance,2,1,1,109783.29,High Salary,0
15602845,466,Poor,Germany,Male,41-50,2,152102.18,Very High Balance,2,1,0,181879.56,Very High salary,0
15707918,741,Very Good,Germany,Female,31-40,0,127675.39,High Balance,2,1,0,74260.16,Medium Salary,0
15602812,684,Good,Germany,Female,41-50,2,133776.86,High Balance,2,0,1,49865.04,Low Salary,0
15675888,550,Poor,Spain,Female,31-40,9,72788.03,Medium Balance,1,1,1,103608.06,High Salary,0
15591822,593,Fair,Spain,Male,21-30,9,76226.9,Medium Balance,1,1,0,167564.82,Very High salary,0
15738501,601,Fair,Germany,Male,41-50,9,163630.76,Very High Balance,1,0,1,41816.49,Low Salary,1
15585907,676,Good,Spain,Female,21-30,5,0,Zero Balance,2,0,0,179066.58,Very High salary,0
15579040,556,Poor,France,Female,41-50,10,0,Zero Balance,2,0,0,109184.24,High Salary,0
15804211,719,Good,France,Male,31-40,3,155423.17,Very High Balance,1,1,1,199841.32,Very High salary,0
15736126,850,Excellent,Germany,Male,51-60,0,98710.89,Medium Balance,1,1,1,83617.17,Medium Salary,1
15745399,649,Fair,Spain,Female,41-50,2,0,Zero Balance,1,1,0,84863.85,Medium Salary,1
15760749,509,Poor,Spain,Male,41-50,7,126683.8,High Balance,1,0,1,114775.53,High Salary,0
15637118,684,Good,France,Male,31-40,4,140700.61,High Balance,1,1,0,103557.93,High Salary,0
15657829,806,Excellent,Germany,Male,21-30,8,168078.83,Very High Balance,1,1,0,85028.36,Medium Salary,1
15738497,729,Good,Spain,Male,41-50,4,107726.93,High Balance,2,1,0,153064.87,Very High salary,0
15690695,683,Good,France,Female,31-40,9,0,Zero Balance,2,1,1,38784.42,Low Salary,0
15762351,689,Good,Spain,Female,60+,1,0,Zero Balance,2,1,1,186526.12,Very High salary,0
15791172,672,Good,Germany,Female,21-30,1,35741.69,Low Balance,1,1,0,28789.94,Low Salary,0
15598982,602,Fair,Germany,Female,51-60,5,98268.84,Medium Balance,1,0,1,45038.29,Low Salary,1
15734765,739,Good,France,Female,0-20,4,133800.98,High Balance,1,0,1,150245.81,Very High salary,0
15642912,618,Fair,France,Female,21-30,2,125682.79,High Balance,1,0,0,57762,Medium Salary,0
15769516,674,Good,France,Female,41-50,9,0,Zero Balance,2,1,0,4292.72,Low Salary,0
15789379,762,Very Good,France,Male,21-30,6,130428.78,High Balance,1,1,0,173365.89,Very High salary,0
15695103,790,Very Good,Spain,Male,31-40,6,0,Zero Balance,2,1,1,119484.01,High Salary,0
15801924,754,Very Good,Spain,Female,21-30,8,0,Zero Balance,2,0,0,121821.16,High Salary,0
15767804,729,Good,France,Male,41-50,6,0,Zero Balance,2,1,0,151733.43,Very High salary,0
15718039,606,Fair,Germany,Female,41-50,0,137138.2,High Balance,2,0,1,53784.22,Medium Salary,0
15579994,616,Fair,France,Male,21-30,8,73112.95,Medium Balance,1,1,1,62733.05,Medium Salary,0
15595037,772,Very Good,France,Male,41-50,9,152347.01,Very High Balance,1,0,1,17671.78,Low Salary,0
15600720,652,Fair,Spain,Male,41-50,8,115144.68,High Balance,1,1,0,188905.43,Very High salary,0
15782608,743,Very Good,France,Male,41-50,5,0,Zero Balance,2,0,0,113079.19,High Salary,1
15566894,793,Very Good,France,Male,31-40,3,137817.52,High Balance,1,0,0,83997.79,Medium Salary,0
15749123,743,Very Good,Spain,Male,41-50,7,157332.26,Very High Balance,1,1,0,125424.42,High Salary,0
15668943,746,Very Good,France,Male,31-40,2,0,Zero Balance,2,1,0,143194.05,High Salary,0
15577423,627,Fair,Germany,Female,31-40,5,124586.93,High Balance,1,1,0,93132.61,Medium Salary,1
15623102,713,Good,Spain,Male,31-40,6,116980.78,High Balance,2,0,1,76038.38,Medium Salary,0
15728012,678,Good,Spain,Female,31-40,3,128398.38,High Balance,1,1,0,168658.3,Very High salary,0
15683363,540,Poor,Spain,Male,31-40,1,0,Zero Balance,1,0,1,108419.41,High Salary,0
15699335,615,Fair,Germany,Female,31-40,3,137657.25,High Balance,2,1,1,171657.57,Very High salary,0
15574369,415,Poor,Spain,Male,51-60,5,167259.44,Very High Balance,1,1,1,22357.25,Low Salary,0
15703167,628,Fair,France,Female,41-50,8,0,Zero Balance,2,1,0,193903.06,Very High salary,0
15754874,700,Good,France,Male,21-30,4,119009.57,High Balance,1,1,0,141926.43,High Salary,0
15723216,623,Fair,Germany,Male,31-40,2,80002.33,Medium Balance,1,1,1,104079.62,High Salary,0
15725094,623,Fair,France,Female,31-40,4,140211.88,High Balance,1,1,1,93832.33,Medium Salary,0
15647974,679,Good,France,Female,41-50,3,118742.74,High Balance,2,1,0,1568.91,Low Salary,0
15583371,632,Fair,Spain,Male,31-40,1,138207.08,High Balance,1,1,0,60778.11,Medium Salary,1
15772559,790,Very Good,France,Female,41-50,10,148636.21,High Balance,1,0,1,16119.96,Low Salary,1
15711251,514,Poor,France,Male,41-50,1,178827.79,Very High Balance,1,1,0,60375.18,Medium Salary,0
15719212,491,Poor,France,Male,31-40,5,83134.3,Medium Balance,1,1,0,187946.55,Very High salary,0
15764927,753,Very Good,France,Male,60+,3,121513.31,High Balance,1,0,1,195563.99,Very High salary,0
15731412,693,Good,Germany,Female,31-40,6,95900.04,Medium Balance,1,1,1,38196.24,Low Salary,0
15719170,679,Good,France,Female,21-30,1,112543.42,High Balance,1,1,1,179435.21,Very High salary,0
15596011,529,Poor,Spain,Male,31-40,9,0,Zero Balance,1,1,1,93208.22,Medium Salary,0
15614834,619,Fair,Spain,Female,31-40,3,141751.82,High Balance,1,0,1,61531.86,Medium Salary,0
15600510,680,Good,Spain,Female,31-40,6,124140.57,High Balance,2,1,0,92826.35,Medium Salary,0
15625706,693,Good,Germany,Male,41-50,2,116546.59,High Balance,2,0,0,23140.28,Low Salary,1
15781409,834,Excellent,France,Female,21-30,6,0,Zero Balance,1,1,0,74287.53,Medium Salary,0
15722583,636,Fair,Spain,Female,21-30,6,157576.47,Very High Balance,2,1,1,101102.39,High Salary,0
15677243,538,Poor,Spain,Male,41-50,5,0,Zero Balance,2,1,0,126933.73,High Salary,0
15815070,566,Poor,Germany,Female,41-50,5,141428.99,High Balance,2,0,0,68408.74,Medium Salary,0
15705899,597,Fair,Spain,Male,31-40,0,127510.99,High Balance,1,1,1,155356.34,Very High salary,0
15701522,711,Good,France,Female,21-30,9,0,Zero Balance,2,0,1,3234.8,Low Salary,0
15755978,606,Fair,France,Male,31-40,10,0,Zero Balance,2,1,0,195209.4,Very High salary,0
15722090,615,Fair,Spain,Male,51-60,6,81818.49,Medium Balance,1,1,1,169149.38,Very High salary,0
15783526,589,Fair,France,Male,31-40,1,100895.54,High Balance,1,1,1,68075.14,Medium Salary,0
15632125,606,Fair,Germany,Male,41-50,5,63832.43,Medium Balance,1,1,1,93707.8,Medium Salary,0
15688395,582,Fair,France,Male,21-30,4,0,Zero Balance,2,0,0,156153.27,Very High salary,0
15666975,710,Good,France,Female,31-40,4,116085.06,High Balance,1,1,0,58601.61,Medium Salary,0
15682211,467,Poor,France,Male,51-60,1,0,Zero Balance,2,1,1,114448.77,High Salary,0
15637411,749,Very Good,France,Male,21-30,1,0,Zero Balance,2,0,1,126551.65,High Salary,0
15591512,564,Poor,Germany,Female,31-40,2,115761.51,High Balance,1,0,1,112350.21,High Salary,1
15606855,730,Good,Spain,Male,21-30,6,0,Zero Balance,2,1,1,185808.7,Very High salary,0
15763683,678,Good,Germany,Male,31-40,4,139626.01,High Balance,1,1,1,118235.52,High Salary,1
15641782,540,Poor,France,Female,31-40,7,0,Zero Balance,1,0,1,183051.6,Very High salary,1
15677184,767,Very Good,France,Female,31-40,6,115576.44,High Balance,1,0,1,27922.45,Low Salary,0
15775042,615,Fair,France,Female,21-30,4,0,Zero Balance,2,1,0,196476.19,Very High salary,0
15616630,583,Fair,Germany,Female,41-50,5,77647.6,Medium Balance,1,1,0,190429.52,Very High salary,0
15800233,850,Excellent,France,Female,31-40,5,0,Zero Balance,2,1,0,35034.15,Low Salary,0
15588419,651,Fair,Germany,Female,31-40,10,148962.46,High Balance,1,1,0,66389.43,Medium Salary,1
15595557,798,Very Good,France,Male,21-30,8,0,Zero Balance,2,1,0,107615.43,High Salary,0
15626143,695,Good,France,Male,31-40,2,0,Zero Balance,2,1,1,99692.65,Medium Salary,0
15566030,497,Poor,Germany,Male,41-50,5,80542.81,Medium Balance,1,0,0,88729.22,Medium Salary,1
15701412,739,Good,France,Male,31-40,4,0,Zero Balance,2,0,0,173321.65,Very High salary,0
15702464,549,Poor,France,Female,31-40,4,0,Zero Balance,2,0,0,139463.57,High Salary,0
15573348,850,Excellent,France,Male,31-40,9,102050.47,High Balance,1,1,1,3769.71,Low Salary,0
15704160,648,Fair,Spain,Male,41-50,5,0,Zero Balance,1,1,0,149946.43,High Salary,1
15693704,679,Good,France,Female,21-30,6,114948.76,High Balance,2,0,1,135768.25,High Salary,0
15664752,606,Fair,Germany,Male,31-40,8,136000.45,High Balance,2,1,0,31708.53,Low Salary,0
15628292,850,Excellent,France,Male,31-40,4,156001.68,Very High Balance,2,1,1,151677.31,Very High salary,0
15621195,619,Fair,Germany,Male,41-50,3,147974.16,High Balance,2,1,0,170518.83,Very High salary,0
15668629,719,Good,Spain,Male,41-50,2,0,Zero Balance,2,1,0,196582.19,Very High salary,0
15635197,640,Fair,Germany,Male,21-30,5,90402.77,Medium Balance,1,1,1,3298.65,Low Salary,0
15592761,710,Good,France,Male,31-40,5,0,Zero Balance,2,0,0,162878.96,Very High salary,0
15574283,580,Fair,France,Male,31-40,2,0,Zero Balance,2,0,1,64014.24,Medium Salary,0
15598097,550,Poor,France,Male,41-50,9,0,Zero Balance,2,1,0,26257.01,Low Salary,0
15711352,841,Excellent,France,Female,31-40,3,162701.65,Very High Balance,2,1,1,126794.56,High Salary,0
15620751,760,Very Good,France,Male,31-40,2,0,Zero Balance,2,1,0,164162.44,Very High salary,0
15656717,687,Good,France,Female,21-30,6,0,Zero Balance,2,0,0,179206.92,Very High salary,0
15643121,753,Very Good,Germany,Female,31-40,5,82453.96,Medium Balance,2,0,0,18254.75,Low Salary,0
15723671,661,Fair,France,Male,31-40,9,100107.99,High Balance,1,1,0,83949.68,Medium Salary,0
15752846,699,Good,France,Male,21-30,7,0,Zero Balance,2,1,1,22684.78,Low Salary,0
15640852,617,Fair,Germany,Female,31-40,5,83348.89,Medium Balance,3,1,0,7953.62,Low Salary,1
15789313,595,Fair,Germany,Female,41-50,4,96553.52,Medium Balance,2,1,0,143952.24,High Salary,1
15793688,669,Fair,France,Male,41-50,9,201009.64,Very High Balance,1,1,0,158032.5,Very High salary,1
15770405,613,Fair,France,Female,21-30,5,125167.74,High Balance,1,1,0,199104.52,Very High salary,0
15702561,782,Very Good,France,Male,31-40,9,0,Zero Balance,1,1,1,87566.97,Medium Salary,0
15625964,582,Fair,France,Female,41-50,5,153313.67,Very High Balance,1,0,0,170563.73,Very High salary,0
15761364,679,Good,France,Male,21-30,9,0,Zero Balance,2,1,0,157871.55,Very High salary,0
15590286,611,Fair,France,Female,31-40,2,125879.29,High Balance,1,1,0,93203.43,Medium Salary,0
15587978,455,Poor,Germany,Female,31-40,6,170057.62,Very High Balance,1,0,1,54398.56,Medium Salary,0
15773242,621,Fair,France,Male,31-40,1,0,Zero Balance,2,1,1,168779.47,Very High salary,0
15761053,596,Fair,Germany,Male,41-50,2,131326.47,High Balance,1,0,0,1140.02,Low Salary,1
15702095,585,Fair,Spain,Female,51-60,1,128472.8,High Balance,1,1,0,186476.91,Very High salary,1
15764253,742,Very Good,France,Male,31-40,6,160485.16,Very High Balance,1,1,0,29023.03,Low Salary,0
15700801,850,Excellent,Germany,Male,41-50,6,84445.68,Medium Balance,3,0,1,60021.34,Medium Salary,1
15730590,738,Good,Germany,Female,31-40,1,115409.18,High Balance,2,0,0,180456.8,Very High salary,0
15643916,619,Fair,Spain,Male,41-50,8,62400.48,Medium Balance,1,1,1,132498.39,High Salary,1
15720636,628,Fair,France,Female,41-50,4,143054.56,High Balance,1,0,1,109608.81,High Salary,1
15795429,487,Poor,France,Male,21-30,7,133628.09,High Balance,2,1,1,98570.01,Medium Salary,0
15609254,513,Poor,Spain,Female,41-50,9,107135.04,High Balance,2,1,1,160546.58,Very High salary,0
15625141,563,Poor,Spain,Male,21-30,7,0,Zero Balance,2,0,0,6139.74,Low Salary,0
15810898,803,Excellent,France,Female,60+,2,151659.52,Very High Balance,2,0,1,6930.17,Low Salary,0
15775797,607,Fair,Spain,Female,31-40,7,0,Zero Balance,3,0,1,10674.62,Low Salary,0
15795246,628,Fair,Germany,Female,51-60,9,155903.82,Very High Balance,2,1,1,71159.84,Medium Salary,0
15795275,521,Poor,Spain,Female,41-50,4,82940.25,Medium Balance,2,0,0,62413.01,Medium Salary,1
15571869,669,Fair,Germany,Female,41-50,4,112650.89,High Balance,1,0,0,166386.22,Very High salary,1
15694143,686,Good,France,Female,41-50,10,0,Zero Balance,1,1,0,133086.45,High Salary,0
15748231,700,Good,Germany,Male,31-40,4,95853.39,Medium Balance,2,1,0,192933.37,Very High salary,0
15632185,663,Fair,France,Female,41-50,1,82228.67,Medium Balance,2,1,0,71359.78,Medium Salary,0
15806249,671,Good,Spain,Female,31-40,4,0,Zero Balance,2,0,1,79270.02,Medium Salary,0
15743293,651,Fair,Germany,Female,31-40,1,163700.78,Very High Balance,3,1,1,29583.48,Low Salary,1
15598157,728,Good,France,Male,31-40,4,106328.08,High Balance,1,1,0,88680.65,Medium Salary,0
15700946,574,Poor,France,Female,31-40,7,152992.91,Very High Balance,1,1,1,134691.2,High Salary,0
15722692,464,Poor,France,Male,31-40,3,116439.65,High Balance,1,1,0,75574.48,Medium Salary,0
15696506,604,Fair,Spain,Male,21-30,9,101352.78,High Balance,1,0,0,30252.3,Low Salary,0
15728823,836,Excellent,Spain,Female,31-40,10,0,Zero Balance,2,1,0,111324.41,High Salary,0
15808851,511,Poor,Germany,Female,60+,9,105609.17,High Balance,1,0,1,105425.18,High Salary,0
15675231,518,Poor,France,Female,41-50,8,0,Zero Balance,2,1,1,36193.07,Low Salary,0
15732299,756,Very Good,France,Male,60+,4,0,Zero Balance,3,1,1,93081.87,Medium Salary,0
15706269,489,Poor,France,Female,41-50,8,103894.38,High Balance,2,1,1,107625.46,High Salary,0
15590078,622,Fair,Spain,Male,21-30,9,139834.93,High Balance,1,1,1,152733.89,Very High salary,0
15776985,652,Fair,France,Female,31-40,6,112518.71,High Balance,2,0,1,110421.31,High Salary,0
15756743,625,Fair,France,Female,31-40,7,115895.42,High Balance,1,1,0,48486.25,Low Salary,0
15782364,521,Poor,Spain,Female,31-40,3,146408.68,High Balance,1,0,0,72993.67,Medium Salary,0
15604093,546,Poor,France,Male,31-40,4,165363.31,Very High Balance,2,1,1,25744.13,Low Salary,1
15749328,697,Good,France,Female,41-50,1,0,Zero Balance,2,1,0,46807.62,Low Salary,1
15656322,571,Poor,Germany,Male,31-40,3,71843.15,Medium Balance,1,1,0,26772.04,Low Salary,0
15685564,748,Very Good,Spain,Male,31-40,5,105492.53,High Balance,1,1,1,150057.2,Very High salary,0
15785831,591,Fair,France,Male,31-40,7,183027.25,Very High Balance,1,1,1,56028.79,Medium Salary,0
15796218,814,Excellent,Germany,Male,21-30,1,131968.57,High Balance,2,1,1,147693.92,High Salary,0
15716218,709,Good,France,Female,41-50,3,104118.5,High Balance,1,0,1,174032,Very High salary,0
15572735,433,Poor,Spain,Male,21-30,2,0,Zero Balance,2,1,1,153698.65,Very High salary,0
15633840,781,Very Good,France,Male,0-20,0,125023.1,High Balance,2,1,1,108301.45,High Salary,0
15608760,656,Fair,France,Female,21-30,4,74323.2,Medium Balance,1,1,1,22929.08,Low Salary,0
15627848,683,Good,France,Male,31-40,7,109346.13,High Balance,2,1,0,102665.92,High Salary,0
15792029,620,Fair,France,Male,31-40,6,0,Zero Balance,2,1,0,56139.09,Medium Salary,0
15617331,637,Fair,Germany,Female,31-40,3,109698.41,High Balance,1,1,1,88391.29,Medium Salary,1
15651740,525,Poor,Spain,Female,21-30,5,0,Zero Balance,2,0,1,149195.44,High Salary,0
15636407,793,Very Good,Germany,Female,31-40,5,127758.09,High Balance,1,1,0,143357.03,High Salary,0
15607526,638,Fair,Germany,Male,41-50,1,102645.48,High Balance,1,1,0,168359.98,Very High salary,1
15632576,520,Poor,France,Male,31-40,4,93249.4,Medium Balance,1,1,0,77335.75,Medium Salary,0
15581505,641,Fair,France,Male,31-40,5,0,Zero Balance,2,1,0,93148.93,Medium Salary,0
15612207,840,Excellent,Germany,Female,51-60,1,87779.83,Medium Balance,1,0,1,36687.11,Low Salary,1
15707242,504,Poor,Spain,Male,31-40,5,0,Zero Balance,2,0,0,146703.36,High Salary,0
15721937,686,Good,France,Male,31-40,0,138131.34,High Balance,1,0,1,115927.85,High Salary,0
15773852,533,Poor,Germany,Male,31-40,4,70362.52,Medium Balance,2,1,1,104189.46,High Salary,0
15719778,577,Poor,France,Female,31-40,1,0,Zero Balance,2,1,0,9902.39,Low Salary,0
15650538,445,Poor,Germany,Female,41-50,7,168286.58,Very High Balance,1,1,0,16645.77,Low Salary,1
15797475,720,Good,France,Male,41-50,3,86102.27,Medium Balance,1,1,0,180134.88,Very High salary,1
15780359,643,Fair,Germany,Male,21-30,4,115142.9,High Balance,1,1,1,148098.95,High Salary,0
15737104,652,Fair,Germany,Female,41-50,0,126597.89,High Balance,2,1,1,38798.79,Low Salary,1
15789936,663,Fair,France,Female,31-40,2,0,Zero Balance,2,1,0,153295,Very High salary,0
15709523,525,Poor,Germany,Female,21-30,0,157989.21,Very High Balance,2,1,1,100687.67,High Salary,0
15593425,662,Fair,Spain,Female,51-60,1,187997.15,Very High Balance,1,0,0,111442.71,High Salary,1
15776725,724,Good,Germany,Male,51-60,8,172192.49,Very High Balance,1,1,1,136902.01,High Salary,0
15604706,581,Fair,Germany,Male,31-40,1,133105.47,High Balance,1,1,0,105732.9,High Salary,1
15790958,685,Good,Spain,Male,31-40,4,0,Zero Balance,2,1,1,35884.91,Low Salary,0
15747534,595,Fair,France,Male,41-50,10,0,Zero Balance,1,1,0,73489.15,Medium Salary,1
15574237,588,Fair,France,Female,21-30,8,0,Zero Balance,2,1,1,110114.19,High Salary,0
15690332,647,Fair,Germany,Male,31-40,3,192407.97,Very High Balance,1,1,1,40145.28,Low Salary,0
15661290,785,Very Good,Germany,Female,31-40,9,107199.75,High Balance,1,0,0,146398.51,High Salary,0
15651883,794,Very Good,Germany,Female,51-60,6,115796.7,High Balance,1,1,0,160526.36,Very High salary,1
15808905,823,Excellent,France,Male,31-40,5,164858.18,Very High Balance,1,1,1,173516.71,Very High salary,0
15715532,687,Good,Germany,Male,31-40,4,117633.28,High Balance,1,0,1,88396.6,Medium Salary,0
15786078,850,Excellent,France,Female,21-30,9,0,Zero Balance,2,1,0,185821.41,Very High salary,0
15652401,496,Poor,France,Female,31-40,7,0,Zero Balance,2,0,0,108098.28,High Salary,0
15673074,527,Poor,Germany,Female,21-30,6,126663.51,High Balance,1,1,1,162267.91,Very High salary,0
15598744,576,Poor,Germany,Female,60+,6,140273.47,High Balance,1,1,1,193135.25,Very High salary,1
15785975,525,Poor,Spain,Female,51-60,7,0,Zero Balance,2,0,1,168034.9,Very High salary,0
15613180,727,Good,Germany,Male,21-30,8,153344.72,Very High Balance,1,1,1,163295.87,Very High salary,0
15584229,671,Good,Germany,Female,21-30,9,123943.18,High Balance,1,1,1,159553.27,Very High salary,0
15773804,625,Fair,France,Male,31-40,5,0,Zero Balance,1,1,0,99800.87,Medium Salary,0
15699515,643,Fair,Germany,Male,31-40,7,98630.31,Medium Balance,2,1,1,40250.82,Low Salary,0
15705313,707,Good,France,Female,31-40,2,58036.33,Medium Balance,1,1,1,83335.78,Medium Salary,0
15693817,539,Poor,Spain,Male,21-30,5,0,Zero Balance,2,1,0,48382.4,Low Salary,0
15673790,498,Poor,Germany,Male,41-50,7,109200.74,High Balance,2,0,1,165990.44,Very High salary,0
15674868,696,Good,Spain,Female,21-30,0,0,Zero Balance,2,1,1,9002.8,Low Salary,0
15692110,758,Very Good,France,Female,31-40,7,0,Zero Balance,1,1,0,188156.34,Very High salary,0
15645904,685,Good,France,Female,31-40,6,0,Zero Balance,2,0,1,186785.01,Very High salary,0
15581332,655,Fair,Germany,Female,21-30,1,83173.98,Medium Balance,2,1,1,184259.6,Very High salary,0
15808544,747,Very Good,France,Female,31-40,3,0,Zero Balance,1,0,0,57817.84,Medium Salary,1
15734948,601,Fair,Spain,Male,21-30,7,0,Zero Balance,2,0,0,144660.42,High Salary,0
15654531,477,Poor,France,Male,21-30,5,82559.42,Medium Balance,2,0,0,163112.9,Very High salary,1
15637774,558,Poor,France,Male,31-40,5,73494.21,Medium Balance,1,0,0,136301.1,High Salary,0
15677141,586,Fair,Spain,Male,21-30,2,132450.24,High Balance,1,1,1,36176.63,Low Salary,0
15739578,850,Excellent,France,Male,41-50,6,128663.9,High Balance,1,1,0,65769.3,Medium Salary,1
15697360,505,Poor,France,Female,31-40,2,79951.9,Medium Balance,1,0,1,174123.16,Very High salary,1
15655213,591,Fair,Germany,Female,51-60,8,132508.3,High Balance,1,1,1,161304.68,Very High salary,1
15580872,761,Very Good,Germany,Female,31-40,1,120530.13,High Balance,2,1,0,109394.62,High Salary,0
15683213,554,Poor,France,Female,31-40,10,74988.59,Medium Balance,2,0,1,190155.13,Very High salary,0
15801188,774,Very Good,France,Female,41-50,6,94722.88,Medium Balance,1,0,1,61450.96,Medium Salary,0
15645029,771,Very Good,Spain,Female,31-40,5,0,Zero Balance,2,1,0,8673.43,Low Salary,0
15633181,792,Very Good,France,Male,31-40,6,71269.89,Medium Balance,2,0,1,125912.77,High Salary,0
15598259,673,Good,Germany,Female,41-50,9,98612.1,Medium Balance,1,1,0,151349.35,Very High salary,0
15576000,765,Very Good,France,Male,31-40,6,138033.55,High Balance,1,1,1,67972.45,Medium Salary,0
15766047,748,Very Good,France,Female,41-50,2,91621.69,Medium Balance,1,1,1,71139.31,Medium Salary,0
15596339,422,Poor,France,Male,51-60,3,140014.42,High Balance,1,0,1,86350.97,Medium Salary,0
15715199,568,Poor,Spain,Male,21-30,5,126815.97,High Balance,2,0,1,118648.12,High Salary,0
15615938,502,Poor,France,Female,60+,3,139663.37,High Balance,1,0,1,100995.11,High Salary,0
15679991,524,Poor,France,Female,21-30,7,0,Zero Balance,2,0,1,147100.72,High Salary,0
15626135,689,Good,France,Male,31-40,1,165312.27,Very High Balance,1,1,0,155495.63,Very High salary,0
15792934,661,Fair,France,Male,21-30,8,0,Zero Balance,2,0,0,196875.87,Very High salary,0
15744046,606,Fair,Spain,Male,31-40,8,0,Zero Balance,2,1,1,63176.77,Medium Salary,0
15700826,678,Good,Germany,Female,51-60,1,123699.28,High Balance,2,0,1,105221.76,High Salary,0
15756301,636,Fair,Germany,Female,21-30,3,97325.15,Medium Balance,1,0,1,131924.38,High Salary,0
15586517,647,Fair,France,Male,31-40,5,97041.16,Medium Balance,1,1,1,23132.73,Low Salary,0
15751297,732,Good,France,Male,31-40,5,0,Zero Balance,2,1,0,161428.25,Very High salary,0
15710365,646,Fair,France,Male,41-50,0,104129.24,High Balance,2,1,0,181794.86,Very High salary,1
15679307,559,Poor,France,Female,41-50,1,0,Zero Balance,1,0,1,86634.3,Medium Salary,0
15610753,581,Fair,France,Male,21-30,3,104367.5,High Balance,1,1,1,29937.75,Low Salary,0
15811036,565,Poor,France,Male,41-50,7,135369.71,High Balance,1,0,1,140130.22,High Salary,0
15610912,657,Fair,Spain,Female,41-50,6,112119.48,High Balance,1,1,0,17536.82,Low Salary,0
15619932,847,Excellent,France,Male,60+,7,123760.68,High Balance,1,0,1,53157.16,Medium Salary,0
15746199,558,Poor,France,Female,41-50,6,0,Zero Balance,1,1,1,143585.29,High Salary,1
15584967,596,Fair,Spain,Male,51-60,6,0,Zero Balance,2,1,1,72402,Medium Salary,0
15734365,579,Poor,France,Male,31-40,5,0,Zero Balance,2,0,1,39891.84,Low Salary,0
15726960,741,Very Good,France,Female,31-40,3,0,Zero Balance,2,1,1,89804.83,Medium Salary,0
15665177,613,Fair,France,Male,41-50,3,0,Zero Balance,2,0,1,136491.72,High Salary,0
15779915,694,Good,Spain,Male,31-40,5,0,Zero Balance,1,1,0,35593.18,Low Salary,0
15729110,729,Good,Spain,Female,41-50,7,0,Zero Balance,2,1,0,58268.2,Medium Salary,1
15575399,480,Poor,France,Female,41-50,1,152160.21,Very High Balance,2,1,0,101778.9,High Salary,0
15678374,666,Fair,France,Female,51-60,5,0,Zero Balance,2,1,1,185123.09,Very High salary,0
15792679,575,Poor,France,Male,21-30,2,0,Zero Balance,2,1,1,119927.81,High Salary,0
15668767,850,Excellent,France,Male,31-40,3,0,Zero Balance,2,1,0,195033.07,Very High salary,0
15761886,740,Very Good,France,Male,31-40,4,172381.8,Very High Balance,1,1,1,86480.29,Medium Salary,0
15583076,588,Fair,Germany,Male,41-50,6,106116.56,High Balance,2,1,0,198766.61,Very High salary,0
15815615,681,Good,France,Male,31-40,5,141952.07,High Balance,1,1,1,185144.08,Very High salary,0
15591942,611,Fair,Spain,Female,31-40,7,0,Zero Balance,2,1,1,3729.89,Low Salary,0
15724924,589,Fair,France,Female,31-40,6,138497.84,High Balance,1,0,1,18988.58,Low Salary,0
15762123,717,Good,Spain,Female,31-40,1,0,Zero Balance,2,1,0,119313.74,High Salary,0
15567893,556,Poor,Germany,Male,31-40,3,124213.36,High Balance,2,1,0,62627.55,Medium Salary,0
15648989,850,Excellent,France,Male,31-40,4,126872.6,High Balance,1,1,0,197266.58,Very High salary,0
15662021,685,Good,Spain,Female,41-50,2,0,Zero Balance,2,0,0,199992.48,Very High salary,0
15691627,713,Good,France,Female,31-40,8,0,Zero Balance,1,1,1,16403.41,Low Salary,0
15731751,437,Poor,France,Female,21-30,1,120923.52,High Balance,1,0,1,78854.57,Medium Salary,0
15635277,605,Fair,Spain,Male,41-50,7,142643.54,High Balance,1,1,0,189310.27,Very High salary,0
15655252,758,Very Good,Germany,Male,41-50,10,79857.64,Medium Balance,1,1,1,78088.17,Medium Salary,0
15803941,600,Fair,France,Male,41-50,10,95502.21,Medium Balance,1,0,0,19842.18,Low Salary,0
15714380,827,Excellent,France,Male,31-40,5,0,Zero Balance,2,0,0,103305.01,High Salary,0
15666559,608,Fair,Germany,Male,21-30,8,197715.93,Very High Balance,2,1,1,116124.28,High Salary,0
15799998,608,Fair,France,Female,21-30,8,85859.76,Medium Balance,1,0,0,142730.27,High Salary,0
15703763,554,Poor,France,Male,41-50,7,85304.27,Medium Balance,1,1,1,58076.52,Medium Salary,0
15795640,683,Good,Germany,Female,31-40,1,132371.3,High Balance,2,0,0,186123.57,Very High salary,0
15780056,660,Fair,Spain,Male,31-40,4,0,Zero Balance,1,1,0,29664.45,Low Salary,0
15777873,628,Fair,France,Female,31-40,5,0,Zero Balance,1,0,0,147963.07,High Salary,1
15584749,668,Fair,Germany,Male,31-40,4,79896,Medium Balance,1,1,0,38466.39,Low Salary,0
15765258,776,Very Good,France,Female,21-30,5,0,Zero Balance,2,1,1,143301.49,High Salary,0
15623346,820,Excellent,France,Male,31-40,4,0,Zero Balance,2,1,0,31422.69,Low Salary,0
15614054,665,Fair,France,Male,31-40,1,0,Zero Balance,2,0,1,121505.61,High Salary,0
15766185,850,Excellent,Germany,Male,31-40,4,146587.3,High Balance,1,1,1,89874.82,Medium Salary,0
15667632,703,Good,France,Female,41-50,7,0,Zero Balance,2,0,1,72500.68,Medium Salary,0
15599024,506,Poor,Spain,Male,31-40,8,0,Zero Balance,2,0,1,182692.8,Very High salary,0
15798709,588,Fair,Spain,Male,31-40,3,109109.33,High Balance,1,0,1,4993.94,Low Salary,0
15741921,622,Fair,Spain,Female,21-30,8,0,Zero Balance,2,1,1,124964.82,High Salary,0
15793671,606,Fair,France,Male,31-40,5,0,Zero Balance,1,1,0,161971.42,Very High salary,0
15797900,517,Poor,France,Male,51-60,9,142147.32,High Balance,1,0,0,39488.04,Low Salary,1
15667932,758,Very Good,Spain,Female,41-50,10,0,Zero Balance,2,1,1,55313.44,Medium Salary,0
15795933,677,Good,France,Female,41-50,3,0,Zero Balance,2,1,1,187811.71,Very High salary,0
15660403,827,Excellent,Spain,Female,31-40,0,0,Zero Balance,2,0,1,184514.01,Very High salary,0
15736299,729,Good,France,Female,31-40,8,109106.8,High Balance,1,0,0,121311.12,High Salary,0
15759034,654,Fair,France,Male,31-40,2,112262.84,High Balance,1,1,0,12873.39,Low Salary,0
15724663,654,Fair,Spain,Female,31-40,5,0,Zero Balance,2,0,0,157238.05,Very High salary,0
15594556,619,Fair,Spain,Male,51-60,8,0,Zero Balance,2,1,1,123242.11,High Salary,0
15737169,642,Fair,Spain,Male,21-30,8,144238.7,High Balance,1,1,1,184399.76,Very High salary,0
15632472,472,Poor,Spain,Female,31-40,1,159397.75,Very High Balance,1,0,1,57323.18,Medium Salary,0
15722813,470,Poor,Spain,Male,21-30,4,125385.01,High Balance,1,1,0,68293.93,Medium Salary,0
15588450,633,Fair,France,Female,51-60,8,69365.25,Medium Balance,1,1,1,10288.24,Low Salary,0
15736717,602,Fair,France,Male,31-40,7,155271.83,Very High Balance,1,1,1,179446.31,Very High salary,0
15680683,640,Fair,Spain,Male,21-30,5,197200.04,Very High Balance,2,1,0,141453.62,High Salary,0
15710316,454,Poor,Spain,Female,41-50,5,144837.79,High Balance,1,1,1,93151.77,Medium Salary,0
15746333,562,Poor,France,Female,51-60,3,0,Zero Balance,3,1,0,6554.97,Low Salary,1
15606861,636,Fair,France,Male,31-40,8,0,Zero Balance,2,1,0,38570.13,Low Salary,0
15641285,621,Fair,Spain,Male,41-50,3,163085.79,Very High Balance,1,0,1,131048.36,High Salary,0
15662908,795,Very Good,Germany,Male,31-40,7,125903.22,High Balance,2,1,1,127068.92,High Salary,0
15814267,550,Poor,France,Male,21-30,6,154377.3,Very High Balance,1,1,1,51721.52,Medium Salary,0
15614923,630,Fair,Spain,Male,41-50,7,107511.52,High Balance,1,0,1,46156.87,Low Salary,0
15579223,573,Poor,Germany,Male,21-30,8,127406.5,High Balance,1,1,0,192950.6,Very High salary,0
15651389,561,Poor,Spain,Male,21-30,8,143656.55,High Balance,1,0,1,180932.46,Very High salary,0
15677087,662,Fair,France,Female,31-40,5,138106.75,High Balance,1,0,0,19596.73,Low Salary,0
15665784,637,Fair,France,Male,21-30,9,128940.24,High Balance,1,1,0,46786.92,Low Salary,0
15576706,651,Fair,Germany,Male,31-40,9,114453.58,High Balance,1,0,1,175820.91,Very High salary,0
15615473,646,Fair,France,Female,31-40,2,0,Zero Balance,2,0,0,198208,Very High salary,0
15587299,567,Poor,France,Female,41-50,3,0,Zero Balance,1,1,0,55362.45,Medium Salary,0
15655389,638,Fair,France,Male,41-50,1,131762.94,High Balance,1,1,1,47675.29,Low Salary,0
15784491,725,Good,France,Female,31-40,6,0,Zero Balance,1,0,0,61326.43,Medium Salary,0
15809999,709,Good,France,Female,41-50,3,150300.65,Very High Balance,2,1,0,71672.86,Medium Salary,0
15681115,787,Very Good,Spain,Male,31-40,10,108935.39,High Balance,1,1,1,101168.3,High Salary,0
15629390,653,Fair,France,Male,31-40,7,135847.47,High Balance,1,1,0,144880.81,High Salary,0
15792668,661,Fair,Germany,Male,31-40,7,109908.06,High Balance,2,1,0,115037.67,High Salary,1
15583863,681,Good,Germany,Male,41-50,8,142946.18,High Balance,1,0,0,187280.51,Very High salary,1
15681878,436,Poor,Germany,Male,41-50,3,104339.11,High Balance,2,1,1,183540.22,Very High salary,1
15782875,663,Fair,France,Male,31-40,5,157274.36,Very High Balance,2,1,1,28531.81,Low Salary,0
15732235,662,Fair,France,Male,60+,0,98848.19,Medium Balance,1,0,1,42730.12,Low Salary,0
15735909,607,Fair,Germany,Female,31-40,8,105103.33,High Balance,1,1,0,104721.5,High Salary,1
15653448,754,Very Good,France,Male,31-40,7,0,Zero Balance,2,1,1,65219.85,Medium Salary,0
15587647,850,Excellent,Germany,Female,60+,0,127120.62,High Balance,1,0,1,118929.64,High Salary,1
15701037,578,Poor,France,Male,31-40,2,0,Zero Balance,2,1,0,70563.9,Medium Salary,0
15727499,666,Fair,Germany,Female,31-40,3,129118.5,High Balance,2,0,0,139435.12,High Salary,0
15724838,599,Fair,France,Female,41-50,4,0,Zero Balance,1,1,0,170347.1,Very High salary,0
15666711,586,Fair,France,Female,41-50,0,0,Zero Balance,3,0,1,131553.82,High Salary,1
15588933,825,Excellent,France,Female,31-40,3,146053.66,High Balance,1,1,1,138344.7,High Salary,0
15763111,808,Excellent,Spain,Female,60+,10,124577.15,High Balance,1,0,1,169894.4,Very High salary,0
15805676,515,Poor,Spain,Male,21-30,4,151012.55,Very High Balance,2,1,0,9770.97,Low Salary,0
15586674,663,Fair,Spain,Female,51-60,5,216109.88,Very High Balance,1,0,1,74176.71,Medium Salary,1
15744553,444,Poor,France,Male,31-40,2,144318.97,High Balance,1,1,0,112668.06,High Salary,0
15776629,650,Fair,France,Female,31-40,4,0,Zero Balance,2,0,0,186275.7,Very High salary,0
15647207,609,Fair,France,Male,21-30,7,0,Zero Balance,2,1,0,98463.99,Medium Salary,0
15715638,824,Excellent,Germany,Male,60+,3,27517.15,Low Balance,2,0,1,2746.41,Low Salary,0
15750602,662,Fair,France,Male,21-30,5,147092.65,High Balance,1,1,0,10928.3,Low Salary,0
15766810,699,Good,Germany,Female,51-60,2,92246.14,Medium Balance,2,0,1,91346.03,Medium Salary,0
15756625,752,Very Good,France,Female,41-50,8,0,Zero Balance,2,1,0,139844.04,High Salary,1
15639552,603,Fair,Germany,Female,31-40,8,148897.02,High Balance,1,0,0,105052.9,High Salary,0
15633213,628,Fair,Spain,Male,41-50,8,0,Zero Balance,1,0,0,144366.83,High Salary,1
15610416,745,Very Good,France,Female,31-40,9,0,Zero Balance,1,1,0,19605.18,Low Salary,1
15715208,804,Excellent,Germany,Female,31-40,10,138335.96,High Balance,1,1,1,80483.76,Medium Salary,0
15619608,454,Poor,Germany,Female,41-50,10,92895.56,Medium Balance,1,1,0,154344,Very High salary,1
15628697,631,Fair,Spain,Male,41-50,9,160736.63,Very High Balance,1,0,1,93503.02,Medium Salary,0
15643826,503,Poor,France,Male,31-40,4,0,Zero Balance,2,1,1,153036.97,Very High salary,0
15718588,548,Poor,France,Female,31-40,9,0,Zero Balance,2,0,0,98029.58,Medium Salary,0
15709741,668,Fair,France,Male,21-30,4,107141.27,High Balance,1,1,0,193018.71,Very High salary,0
15723318,619,Fair,France,Female,51-60,0,0,Zero Balance,3,0,0,60810.64,Medium Salary,1
15717328,842,Excellent,France,Female,31-40,4,132446.08,High Balance,2,1,0,87071.18,Medium Salary,1
15771299,707,Good,France,Female,51-60,1,92053,Medium Balance,1,1,1,164064.44,Very High salary,1
15706223,715,Good,Spain,Male,31-40,2,96798.79,Medium Balance,2,1,1,4554.67,Low Salary,0
15612358,573,Poor,Germany,Male,31-40,9,134498.54,High Balance,2,1,1,119924.8,High Salary,0
15769191,509,Poor,France,Male,51-60,8,132387.91,High Balance,2,1,1,170360.11,Very High salary,0
15618816,670,Good,Germany,Female,31-40,2,147171.2,High Balance,1,0,1,69850.04,Medium Salary,0
15730810,613,Fair,Spain,Male,41-50,9,100524.69,High Balance,1,1,1,47298.95,Low Salary,0
15783463,678,Good,France,Female,21-30,1,0,Zero Balance,2,1,0,45443.68,Low Salary,0
15616213,555,Poor,Germany,Female,51-60,9,138214.5,High Balance,1,1,0,198715.27,Very High salary,1
15611287,777,Very Good,France,Female,21-30,4,0,Zero Balance,2,0,1,115611.97,High Salary,0
15786454,552,Poor,Spain,Male,51-60,3,0,Zero Balance,1,1,1,40333.94,Low Salary,0
15768682,640,Fair,Spain,Male,31-40,3,0,Zero Balance,1,1,1,105997.25,High Salary,0
15766172,541,Poor,France,Male,31-40,3,128743.55,High Balance,1,1,0,134851.12,High Salary,0
15637646,756,Very Good,France,Male,31-40,10,122647.32,High Balance,1,0,0,61666.87,Medium Salary,0
15653404,684,Good,Spain,Female,21-30,9,79263.9,Medium Balance,1,0,1,196574.48,Very High salary,0
15690546,618,Fair,France,Female,41-50,2,0,Zero Balance,4,0,0,111097.39,High Salary,1
15735636,604,Fair,France,Female,51-60,2,121389.78,High Balance,1,1,1,48201.64,Low Salary,1
15605424,624,Fair,Spain,Male,31-40,7,123906.55,High Balance,1,1,0,135096.78,High Salary,0
15568449,661,Fair,Spain,Male,31-40,7,143006.7,High Balance,1,1,1,15650.89,Low Salary,0
15688085,627,Fair,Spain,Female,21-30,3,157597.61,Very High Balance,1,0,1,34097.22,Low Salary,0
15683483,812,Excellent,Spain,Male,31-40,3,127117.8,High Balance,2,1,1,174822.74,Very High salary,0
15659567,473,Poor,France,Female,31-40,9,117103.26,High Balance,2,1,1,85937.52,Medium Salary,1
15766667,717,Good,Spain,Male,31-40,2,102989.83,High Balance,2,0,1,49185.57,Low Salary,0
15624975,693,Good,Spain,Male,21-30,1,145118.83,High Balance,1,0,1,77742.38,Medium Salary,0
15660878,705,Good,France,Male,60+,1,126076.24,High Balance,2,1,1,34436.83,Low Salary,0
15586557,661,Fair,France,Male,41-50,5,0,Zero Balance,1,0,1,88279.6,Medium Salary,0
15746183,573,Poor,France,Female,21-30,4,0,Zero Balance,2,1,1,157549.6,Very High salary,0
15631457,639,Fair,France,Male,31-40,5,98186.7,Medium Balance,1,0,1,173386.95,Very High salary,0
15754053,718,Good,France,Female,60+,7,0,Zero Balance,3,1,1,82782.08,Medium Salary,0
15645839,570,Poor,France,Male,31-40,6,0,Zero Balance,1,1,1,187758.5,Very High salary,0
15689955,461,Poor,France,Female,31-40,7,0,Zero Balance,2,1,0,176547.8,Very High salary,0
15593510,638,Fair,Germany,Female,31-40,5,129335.65,High Balance,1,1,1,56585.2,Medium Salary,1
15654964,608,Fair,Spain,Male,41-50,7,75801.74,Medium Balance,1,1,0,125762.95,High Salary,0
15594039,599,Fair,Spain,Male,41-50,6,0,Zero Balance,2,1,0,113868.4,High Salary,0
15625929,762,Very Good,France,Female,41-50,7,159316.64,Very High Balance,1,0,0,24780.13,Low Salary,0
15815295,662,Fair,France,Female,31-40,2,96479.81,Medium Balance,1,1,0,120259.41,High Salary,0
15621818,747,Very Good,Germany,Male,21-30,7,117726.33,High Balance,1,1,1,175398.34,Very High salary,0
15652700,539,Poor,France,Male,31-40,6,0,Zero Balance,2,1,1,86767.48,Medium Salary,0
15636860,625,Fair,France,Male,41-50,4,122351.29,High Balance,1,1,0,71216.6,Medium Salary,0
15569432,656,Fair,France,Female,41-50,9,0,Zero Balance,2,1,1,85240.61,Medium Salary,1
15751455,469,Poor,France,Female,41-50,5,0,Zero Balance,1,1,0,160529.71,Very High salary,1
15800583,621,Fair,Spain,Female,41-50,8,0,Zero Balance,1,0,0,102806.6,High Salary,0
15770214,754,Very Good,France,Female,21-30,7,0,Zero Balance,2,1,0,144134.64,High Salary,0
15613463,679,Good,Germany,Female,41-50,6,132598.38,High Balance,2,1,1,184017.98,Very High salary,0
15587066,535,Poor,France,Male,31-40,2,119272.29,High Balance,1,0,0,195896.59,Very High salary,1
15693752,487,Poor,France,Male,31-40,2,0,Zero Balance,2,1,1,126722.57,High Salary,0
15714874,850,Excellent,France,Female,41-50,3,0,Zero Balance,2,1,1,176883.42,Very High salary,0
15657809,585,Fair,France,Male,51-60,10,106415.57,High Balance,3,1,1,122960.98,High Salary,1
15651955,603,Fair,France,Male,31-40,4,0,Zero Balance,2,0,1,9607.1,Low Salary,0
15570912,728,Good,Germany,Female,31-40,9,127772.1,High Balance,2,1,1,152643.48,Very High salary,0
15640266,621,Fair,Spain,Male,41-50,5,104631.67,High Balance,1,1,1,95551.22,Medium Salary,0
15652069,833,Excellent,France,Male,21-30,1,0,Zero Balance,2,1,0,141860.62,High Salary,0
15596074,502,Poor,France,Male,31-40,10,0,Zero Balance,1,1,1,76642.68,Medium Salary,0
15800268,825,Excellent,Germany,Male,31-40,6,118050.79,High Balance,1,0,1,52301.15,Medium Salary,0
15809847,668,Fair,France,Male,41-50,0,0,Zero Balance,2,0,0,29388.02,Low Salary,0
15599074,487,Poor,Spain,Female,31-40,6,136093.74,High Balance,1,0,1,193408.43,Very High salary,0
15599591,600,Fair,Germany,Female,31-40,7,88477.36,Medium Balance,2,1,0,58632.37,Medium Salary,0
15776096,606,Fair,Spain,Male,31-40,3,161572.24,Very High Balance,1,0,1,191076.22,Very High salary,0
15611669,623,Fair,Germany,Male,41-50,7,126608.37,High Balance,1,0,1,645.61,Low Salary,1
15694098,575,Poor,France,Female,51-60,9,68332.96,Medium Balance,1,1,1,144390.75,High Salary,0
15713347,577,Poor,Spain,Male,41-50,6,179852.26,Very High Balance,1,1,0,193580.32,Very High salary,0
15713094,651,Fair,France,Female,21-30,8,0,Zero Balance,2,1,1,126761.2,High Salary,0
15811978,693,Good,Germany,Male,41-50,2,104763.41,High Balance,1,1,1,62368.33,Medium Salary,0
15799925,800,Excellent,France,Male,51-60,6,88541.57,Medium Balance,2,1,1,131718.12,High Salary,0
15692575,760,Very Good,France,Male,31-40,6,162888.73,Very High Balance,1,1,0,91098.76,Medium Salary,1
15743149,711,Good,France,Female,31-40,8,0,Zero Balance,1,1,1,67508.01,Medium Salary,0
15776947,637,Fair,Spain,Male,41-50,8,0,Zero Balance,1,1,0,12156.93,Low Salary,1
15700656,662,Fair,France,Male,31-40,9,0,Zero Balance,2,0,0,65089.38,Medium Salary,0
15594515,568,Poor,France,Female,41-50,7,0,Zero Balance,2,0,0,62370.67,Medium Salary,1
15787884,692,Good,France,Female,21-30,7,0,Zero Balance,2,1,1,18826.34,Low Salary,0
15577988,614,Fair,France,Female,31-40,1,0,Zero Balance,2,1,1,3342.62,Low Salary,0
15795586,478,Poor,France,Male,31-40,1,92474.05,Medium Balance,1,1,0,178626.07,Very High salary,0
15677739,562,Poor,France,Male,31-40,6,0,Zero Balance,2,1,0,32845.32,Low Salary,0
15720134,709,Good,Germany,Male,21-30,9,115479.48,High Balance,2,1,1,134732.99,High Salary,0
15688868,684,Good,France,Female,21-30,5,87098.91,Medium Balance,1,0,0,106095.82,High Salary,0
15642996,546,Poor,Germany,Female,41-50,9,86351.85,Medium Balance,2,1,0,57380.13,Medium Salary,0
15771222,779,Very Good,France,Female,41-50,5,0,Zero Balance,2,0,0,25951.91,Low Salary,0
15605059,576,Poor,Germany,Male,60+,3,148843.56,High Balance,1,1,0,69414.13,Medium Salary,1
15568088,481,Poor,Germany,Male,41-50,3,163714.52,Very High Balance,1,1,0,96123.72,Medium Salary,0
15665943,445,Poor,France,Male,21-30,6,0,Zero Balance,2,1,0,119425.94,High Salary,0
15795571,606,Fair,Spain,Male,31-40,0,94153.56,Medium Balance,1,0,1,120138.27,High Salary,0
15662243,559,Poor,France,Male,41-50,5,162702.35,Very High Balance,1,0,0,150548.5,Very High salary,1
15593128,608,Fair,France,Female,51-60,10,129255.2,High Balance,2,1,0,142492.04,High Salary,1
15589739,698,Good,France,Male,41-50,3,90605.29,Medium Balance,1,1,1,14357,Low Salary,0
15787602,568,Poor,Spain,Male,31-40,5,0,Zero Balance,2,1,1,129569.92,High Salary,0
15685019,528,Poor,France,Male,21-30,3,102787.42,High Balance,1,1,0,55972.56,Medium Salary,0
15704209,802,Excellent,France,Female,31-40,7,120145.96,High Balance,2,0,1,59497.01,Medium Salary,1
15605264,669,Fair,Germany,Male,41-50,0,63723.78,Medium Balance,2,1,1,181928.25,Very High salary,0
15708265,581,Fair,Spain,Female,21-30,10,159203.71,Very High Balance,1,1,1,102517.83,High Salary,1
15740264,640,Fair,France,Male,31-40,9,0,Zero Balance,2,1,0,88827.67,Medium Salary,0
15615477,529,Poor,Spain,Female,41-50,1,0,Zero Balance,2,0,0,14161.3,Low Salary,0
15727361,547,Poor,France,Female,51-60,1,0,Zero Balance,2,1,1,56908.41,Medium Salary,0
15760216,718,Good,France,Female,41-50,10,0,Zero Balance,1,1,0,184474.72,Very High salary,1
15806134,707,Good,Germany,Male,31-40,9,162691.16,Very High Balance,2,1,0,94912.78,Medium Salary,0
15601351,735,Good,France,Male,41-50,9,127806.91,High Balance,1,1,1,73069.59,Medium Salary,0
15669262,765,Very Good,France,Male,41-50,9,157960.49,Very High Balance,2,0,0,136602.8,High Salary,0
15696989,469,Poor,Germany,Female,51-60,8,139493.25,High Balance,3,0,0,150093.32,Very High salary,1
15688498,594,Fair,Germany,Female,21-30,2,87096.82,Medium Balance,2,1,0,168186.11,Very High salary,0
15686964,675,Good,France,Female,31-40,10,84944.58,Medium Balance,1,0,0,146230.63,High Salary,0
15625035,703,Good,France,Male,41-50,8,160139.59,Very High Balance,2,1,1,79314.1,Medium Salary,0
15618391,810,Excellent,France,Male,31-40,6,0,Zero Balance,2,1,1,77965.67,Medium Salary,0
15591344,715,Good,Spain,Male,41-50,6,0,Zero Balance,2,1,1,128745.69,High Salary,0
15605455,664,Fair,France,Male,31-40,9,0,Zero Balance,2,1,0,194767.3,Very High salary,0
15680804,850,Excellent,France,Male,21-30,6,0,Zero Balance,2,1,1,10672.54,Low Salary,0
15768282,724,Good,Germany,Male,31-40,6,94615.11,Medium Balance,2,1,1,10627.21,Low Salary,0
15685826,563,Poor,France,Male,21-30,7,90727.79,Medium Balance,1,1,0,122268.75,High Salary,0
15793491,714,Good,Germany,Male,21-30,3,119545.48,High Balance,2,1,0,65482.94,Medium Salary,0
15797787,614,Fair,France,Male,31-40,1,118311.76,High Balance,1,1,0,146134.68,High Salary,0
15611171,740,Very Good,France,Male,31-40,1,129574.98,High Balance,1,1,1,123300.38,High Salary,0
15601627,587,Fair,France,Male,31-40,8,148163.57,High Balance,1,0,0,122925.4,High Salary,0
15734085,465,Poor,Germany,Male,21-30,5,117154.9,High Balance,1,1,1,127744.02,High Salary,0
15809309,689,Good,Spain,Female,31-40,5,154251.67,Very High Balance,1,0,1,118319.5,High Salary,0
15809462,656,Fair,France,Male,21-30,3,0,Zero Balance,2,0,1,17104,Low Salary,0
15634628,579,Poor,France,Female,31-40,1,65667.79,Medium Balance,2,0,0,164608.98,Very High salary,0
15775678,716,Good,France,Female,41-50,1,0,Zero Balance,1,1,1,152108.47,Very High salary,0
15579526,551,Poor,France,Male,41-50,1,50194.59,Medium Balance,1,1,1,23399.58,Low Salary,0
15779103,527,Poor,Germany,Female,31-40,9,96748.89,Medium Balance,2,1,0,94711.43,Medium Salary,0
15738715,600,Fair,France,Female,31-40,4,0,Zero Balance,3,1,0,7312.25,Low Salary,1
15593943,685,Good,France,Female,41-50,1,132667.17,High Balance,1,1,1,41876.98,Low Salary,0
15754574,738,Good,Spain,Male,31-40,5,0,Zero Balance,2,1,1,96881.32,Medium Salary,0
15737814,622,Fair,France,Male,41-50,2,127087.06,High Balance,1,1,0,102402.91,High Salary,1
15670889,528,Poor,France,Male,31-40,1,125566.9,High Balance,1,1,1,176763.27,Very High salary,0
15629299,546,Poor,Germany,Female,51-60,1,106074.89,High Balance,1,1,1,23548.45,Low Salary,1
15771569,576,Poor,Germany,Male,41-50,4,137367.94,High Balance,1,1,1,33450.11,Low Salary,0
15811927,733,Good,France,Female,31-40,3,157658.36,Very High Balance,1,0,0,19658.43,Low Salary,0
15785654,727,Good,Germany,Male,41-50,6,114422.85,High Balance,2,1,1,104678.78,High Salary,1
15665524,605,Fair,Spain,Male,41-50,5,103154.66,High Balance,1,0,0,143203.78,High Salary,0
15736287,586,Fair,France,Male,31-40,9,0,Zero Balance,1,1,0,6975.02,Low Salary,0
15765732,564,Poor,Spain,Female,21-30,6,149592.14,High Balance,1,1,1,153771.8,Very High salary,0
15797381,593,Fair,Germany,Female,41-50,3,133903.12,High Balance,2,1,1,85902.39,Medium Salary,1
15598536,736,Good,Germany,Female,21-30,0,84587.9,Medium Balance,1,0,1,188037.76,Very High salary,0
15664506,675,Good,Spain,Male,31-40,8,197436.82,Very High Balance,1,1,1,52710.7,Medium Salary,0
15575619,656,Fair,Spain,Female,31-40,1,104254.27,High Balance,1,1,1,17034.37,Low Salary,0
15587394,462,Poor,France,Male,31-40,4,140133.08,High Balance,2,0,0,131304.45,High Salary,0
15654457,685,Good,Spain,Female,21-30,2,0,Zero Balance,3,1,1,172576.43,Very High salary,1
15762793,850,Excellent,Germany,Female,31-40,0,136980.23,High Balance,2,1,1,99019.65,Medium Salary,0
15658067,636,Fair,Germany,Female,41-50,3,120568.41,High Balance,1,1,0,190160.04,Very High salary,1
15642816,850,Excellent,France,Female,21-30,7,43658.33,Low Balance,2,1,1,3025.49,Low Salary,0
15693088,628,Fair,France,Female,31-40,9,0,Zero Balance,2,1,1,34689.77,Low Salary,0
15793883,798,Very Good,France,Male,21-30,3,0,Zero Balance,2,1,0,2305.27,Low Salary,0
15665283,610,Fair,France,Female,51-60,7,72092.95,Medium Balance,4,0,1,113228.82,High Salary,1
15680421,591,Fair,France,Female,41-50,10,0,Zero Balance,2,0,0,171099.22,Very High salary,0
15695148,614,Fair,Spain,Female,31-40,9,0,Zero Balance,2,1,1,62023.1,Medium Salary,0
15636592,651,Fair,France,Male,31-40,0,181821.96,Very High Balance,2,0,1,36923.67,Low Salary,1
15772618,665,Fair,France,Male,21-30,7,90920.75,Medium Balance,1,0,1,112256.57,High Salary,0
15724453,570,Poor,France,Male,21-30,2,0,Zero Balance,1,0,0,198830.98,Very High salary,0
15565878,631,Fair,Spain,Male,21-30,3,0,Zero Balance,2,1,1,197963.46,Very High salary,0
15609160,586,Fair,France,Male,31-40,1,0,Zero Balance,2,0,0,31635.99,Low Salary,0
15678460,691,Good,France,Male,21-30,9,0,Zero Balance,1,1,0,49594.02,Low Salary,0
15662571,639,Fair,France,Male,31-40,8,0,Zero Balance,2,1,0,170483.9,Very High salary,0
15606849,698,Good,France,Female,21-30,1,94920.71,Medium Balance,1,1,1,40339.9,Low Salary,0
15670738,733,Good,Germany,Male,41-50,2,113939.36,High Balance,2,1,0,3218.71,Low Salary,0
15662641,850,Excellent,France,Male,0-20,8,0,Zero Balance,1,1,1,68569.89,Medium Salary,0
15727539,618,Fair,France,Female,31-40,4,0,Zero Balance,2,1,0,29176.04,Low Salary,0
15651020,473,Poor,France,Female,21-30,6,110666.42,High Balance,2,0,0,46758.42,Low Salary,0
15673877,490,Poor,France,Male,31-40,1,0,Zero Balance,3,1,0,171060.01,Very High salary,1
15760865,754,Very Good,Germany,Female,41-50,7,141819.02,High Balance,1,1,0,93550.53,Medium Salary,1
15705009,649,Fair,France,Female,51-60,8,156974.26,Very High Balance,1,1,0,89405.26,Medium Salary,1
15657540,578,Poor,France,Male,41-50,5,151215.34,Very High Balance,2,1,0,169804.4,Very High salary,0
15707441,690,Good,Spain,Male,21-30,8,116318.23,High Balance,1,1,1,83253.05,Medium Salary,0
15694765,610,Fair,Germany,Male,41-50,6,113882.33,High Balance,1,1,0,195813.81,Very High salary,1
15649086,596,Fair,France,Male,41-50,7,0,Zero Balance,2,1,1,121568.37,High Salary,0
15650488,492,Poor,France,Female,41-50,6,127253.98,High Balance,1,1,1,92144.09,Medium Salary,1
15760924,575,Poor,Spain,Male,41-50,2,100062.39,High Balance,1,0,0,126307.25,High Salary,0
15700263,569,Poor,France,Male,60+,2,0,Zero Balance,1,1,0,130784.2,High Salary,1
15806922,674,Good,Spain,Female,41-50,4,126605.14,High Balance,1,1,1,166694.93,Very High salary,0
15637522,507,Poor,France,Female,31-40,0,106942.08,High Balance,1,0,1,44001.11,Low Salary,0
15636548,457,Poor,Spain,Male,41-50,7,0,Zero Balance,2,0,0,185992.36,Very High salary,0
15566891,584,Fair,Germany,Female,41-50,3,88594.93,Medium Balance,1,1,0,178997.89,Very High salary,0
15627185,744,Very Good,Germany,Male,21-30,6,123737.04,High Balance,2,1,0,141558.04,High Salary,0
15754012,687,Good,France,Female,31-40,1,110752.15,High Balance,2,1,1,47921.22,Low Salary,0
15627514,688,Good,Spain,Female,41-50,3,0,Zero Balance,2,0,1,104902.68,High Salary,0
15661433,519,Poor,France,Male,31-40,5,0,Zero Balance,1,1,0,68479.6,Medium Salary,0
15610653,733,Good,Spain,Female,31-40,5,0,Zero Balance,2,1,1,1271.51,Low Salary,0
15667002,666,Fair,Spain,Male,41-50,5,0,Zero Balance,2,1,0,29346.1,Low Salary,0
15709199,511,Poor,Spain,Female,31-40,1,0,Zero Balance,1,1,1,184118.73,Very High salary,0
15710087,705,Good,Germany,Female,51-60,3,125889.3,High Balance,3,1,0,96013.5,Medium Salary,1
15679884,544,Poor,France,Male,41-50,10,78314.63,Medium Balance,3,1,1,103713.93,High Salary,1
15784180,564,Poor,France,Female,31-40,7,206329.65,Very High Balance,1,1,1,46632.87,Low Salary,1
15808849,702,Good,France,Male,31-40,7,145536.9,High Balance,1,0,1,135334.24,High Salary,0
15751549,658,Fair,Germany,Male,31-40,2,77082.65,Medium Balance,2,0,0,13482.28,Low Salary,0
15588235,654,Fair,France,Female,21-30,8,145081.73,High Balance,1,1,1,130075.07,High Salary,0
15640418,649,Fair,Germany,Female,41-50,4,115897.73,High Balance,1,1,0,143544.48,High Salary,0
15721116,597,Fair,Spain,Male,21-30,0,108058.07,High Balance,2,1,1,187826.11,Very High salary,0
15599084,782,Very Good,France,Male,31-40,7,191523.09,Very High Balance,1,1,1,167058.75,Very High salary,0
15773394,644,Fair,France,Male,31-40,3,0,Zero Balance,2,1,1,79928.41,Medium Salary,0
15625713,679,Good,Spain,Female,31-40,7,91187.9,Medium Balance,1,0,1,6075.36,Low Salary,0
15766417,678,Good,France,Female,51-60,2,0,Zero Balance,2,1,1,43821.56,Low Salary,0
15622578,806,Excellent,France,Male,31-40,5,113958.55,High Balance,1,0,1,32125.98,Low Salary,0
15799924,668,Fair,Spain,Male,41-50,1,147167.25,High Balance,1,0,0,141679.73,High Salary,0
15618363,659,Fair,Germany,Male,21-30,9,82916.48,Medium Balance,1,1,1,84133.48,Medium Salary,0
15637138,660,Fair,France,Male,31-40,1,0,Zero Balance,2,1,0,9692.58,Low Salary,0
15781665,601,Fair,France,Female,31-40,5,0,Zero Balance,1,0,0,20708.6,Low Salary,0
15804853,781,Very Good,France,Female,41-50,0,57098.96,Medium Balance,1,1,0,85644.06,Medium Salary,1
15651627,628,Fair,Germany,Male,31-40,1,115341.19,High Balance,1,1,1,107674.3,High Salary,1
15680685,751,Very Good,France,Male,21-30,3,165257.2,Very High Balance,1,0,0,134822.05,High Salary,0
15808930,531,Poor,France,Female,31-40,1,0,Zero Balance,1,1,0,4606.97,Low Salary,0
15570970,647,Fair,France,Female,41-50,9,0,Zero Balance,2,1,1,51362.82,Medium Salary,0
15679961,708,Good,Spain,Male,41-50,7,68799.72,Medium Balance,1,1,1,39704.14,Low Salary,0
15705458,550,Poor,Spain,Male,31-40,2,116120.19,High Balance,2,1,1,195638.13,Very High salary,0
15750396,670,Good,France,Male,31-40,1,0,Zero Balance,2,1,1,86413.11,Medium Salary,0
15679928,592,Fair,France,Female,31-40,2,84102.11,Medium Balance,2,0,1,116385.24,High Salary,0
15711181,589,Fair,France,Female,41-50,4,0,Zero Balance,2,0,1,182076.97,Very High salary,0
15698324,725,Good,France,Female,31-40,4,0,Zero Balance,1,1,1,67879.8,Medium Salary,0
15807433,570,Poor,France,Female,41-50,9,0,Zero Balance,2,0,1,11417.26,Low Salary,0
15636590,575,Poor,France,Male,41-50,1,0,Zero Balance,2,1,1,65998.26,Medium Salary,0
15628950,501,Poor,Germany,Male,21-30,6,104013.79,High Balance,1,1,0,114774.35,High Salary,0
15617206,431,Poor,Germany,Male,41-50,8,120822.86,High Balance,2,1,0,126153.24,High Salary,0
15603741,719,Good,Spain,Male,31-40,4,128389.12,High Balance,1,1,1,176091.31,Very High salary,0
15742607,850,Excellent,Germany,Male,31-40,7,102800.72,High Balance,1,1,1,87352.43,Medium Salary,0
15747821,554,Poor,Germany,Female,31-40,6,135470.9,High Balance,1,1,0,107074.81,High Salary,0
15612043,418,Poor,France,Male,31-40,7,90145.04,Medium Balance,1,1,1,69157.93,Medium Salary,0
15809558,715,Good,Spain,Male,31-40,7,0,Zero Balance,1,1,1,149970.59,High Salary,0
15803750,750,Very Good,Spain,Female,31-40,3,161801.47,Very High Balance,1,0,1,153288.97,Very High salary,1
15704681,766,Very Good,Germany,Male,31-40,2,99660.13,Medium Balance,2,0,1,147700.78,High Salary,0
15667392,652,Fair,Spain,Female,31-40,6,123081.84,High Balance,2,1,1,188657.97,Very High salary,0
15738889,658,Fair,France,Male,41-50,8,102870.93,High Balance,1,0,1,103764.55,High Salary,1
15598838,659,Fair,France,Female,31-40,1,151105.68,Very High Balance,1,1,1,140934.57,High Salary,0
15579109,574,Poor,Germany,Male,31-40,5,163856.76,Very High Balance,1,1,1,15118.2,Low Salary,0
15799042,611,Fair,France,Male,31-40,7,0,Zero Balance,1,1,1,63202,Medium Salary,0
15697042,738,Good,Spain,Male,31-40,8,127290.61,High Balance,1,1,0,16081.62,Low Salary,0
15696605,571,Poor,France,Male,41-50,4,180614.04,Very High Balance,1,0,0,523,Low Salary,0
15802274,686,Good,France,Female,41-50,7,55053.62,Medium Balance,1,1,0,181757.19,Very High salary,0
15596808,679,Good,Spain,Male,31-40,4,96110.22,Medium Balance,1,1,0,1173.23,Low Salary,0
15705403,617,Fair,Spain,Female,41-50,3,106521.49,High Balance,1,0,1,86587.37,Medium Salary,0
15732903,673,Good,France,Male,31-40,7,82255.51,Medium Balance,2,1,0,109545.56,High Salary,0
15581968,745,Very Good,France,Female,31-40,1,0,Zero Balance,2,1,1,174431.01,Very High salary,0
15683892,677,Good,Germany,Female,21-30,3,102395.79,High Balance,1,1,0,119368.99,High Salary,0
15595447,613,Fair,Spain,Male,31-40,8,118201.41,High Balance,1,1,0,23315.59,Low Salary,0
15569249,576,Poor,France,Female,51-60,6,44582.07,Low Balance,3,0,1,67539.85,Medium Salary,1
15656188,584,Fair,Spain,Female,21-30,5,0,Zero Balance,2,1,1,185201.58,Very High salary,0
15689661,663,Fair,France,Male,21-30,6,0,Zero Balance,2,0,1,131827.15,High Salary,0
15644934,466,Poor,France,Male,21-30,9,105522.06,High Balance,1,1,0,10842.46,Low Salary,0
15721793,510,Poor,Germany,Female,41-50,7,123936.54,High Balance,1,1,1,23768.01,Low Salary,0
15687413,619,Fair,Spain,Female,31-40,6,0,Zero Balance,2,1,1,117616.29,High Salary,0
15761286,696,Good,Germany,Female,60+,7,119499.42,High Balance,2,1,1,174027.3,Very High salary,0
15658240,554,Poor,France,Female,41-50,9,135814.7,High Balance,2,0,0,115091.38,High Salary,0
15706232,595,Fair,France,Male,51-60,9,0,Zero Balance,1,1,1,106340.66,High Salary,1
15583394,659,Fair,Germany,Male,31-40,8,106259.63,High Balance,2,1,1,198103.32,Very High salary,0
15715643,662,Fair,France,Male,41-50,8,0,Zero Balance,2,1,1,175314.87,Very High salary,0
15644856,556,Poor,Spain,Male,31-40,2,115463.16,High Balance,1,1,0,150679.65,Very High salary,0
15785488,701,Good,Spain,Female,31-40,9,0,Zero Balance,2,1,1,110043.88,High Salary,0
15711571,587,Fair,Spain,Male,41-50,5,120233.83,High Balance,1,1,0,194890.33,Very High salary,0
15778604,571,Poor,France,Female,41-50,7,0,Zero Balance,2,0,0,112366.98,High Salary,0
15751180,539,Poor,France,Female,31-40,7,81132.21,Medium Balance,1,1,0,167289.82,Very High salary,0
15748360,644,Fair,Germany,Female,31-40,10,122196.99,High Balance,2,1,1,182099.71,Very High salary,0
15770039,572,Poor,Germany,Male,31-40,4,112290.22,High Balance,1,1,0,49373.97,Low Salary,1
15685096,753,Very Good,France,Female,41-50,4,0,Zero Balance,2,1,1,861.4,Low Salary,0
15669501,706,Good,France,Male,31-40,5,0,Zero Balance,2,1,1,81718.37,Medium Salary,0
15622631,588,Fair,France,Male,41-50,8,154409.74,Very High Balance,1,1,0,49324.03,Low Salary,1
15586699,825,Excellent,France,Male,31-40,9,0,Zero Balance,2,0,0,9751.03,Low Salary,0
15702377,627,Fair,Spain,Male,41-50,1,132759.8,High Balance,1,1,0,78899.22,Medium Salary,0
15577170,532,Poor,France,Male,51-60,5,76705.87,Medium Balance,2,0,1,13889.73,Low Salary,0
15769451,764,Very Good,France,Female,41-50,1,0,Zero Balance,2,1,1,11467.38,Low Salary,0
15811877,700,Good,France,Female,31-40,4,0,Zero Balance,2,1,0,130789.15,High Salary,0
15648725,660,Fair,France,Male,41-50,3,0,Zero Balance,2,1,1,108665.89,High Salary,0
15752801,518,Poor,Germany,Male,21-30,9,125961.74,High Balance,2,1,0,160303.08,Very High salary,1
15808175,557,Poor,France,Female,31-40,7,49572.73,Low Balance,1,1,0,115287.99,High Salary,1
15681342,639,Fair,France,Female,31-40,1,103015.12,High Balance,2,1,1,139094.12,High Salary,0
15589210,557,Poor,France,Female,21-30,4,0,Zero Balance,1,0,0,20515.72,Low Salary,0
15696826,633,Fair,France,Female,31-40,1,104001.38,High Balance,1,0,1,36642.65,Low Salary,0
15614962,623,Fair,Spain,Female,41-50,2,87116.71,Medium Balance,1,1,1,104382.11,High Salary,0
15689061,611,Fair,France,Male,60+,5,82547.11,Medium Balance,2,1,1,146448.01,High Salary,0
15640074,666,Fair,Spain,Female,41-50,5,0,Zero Balance,1,0,0,166650.9,Very High salary,1
15776156,521,Poor,France,Male,21-30,4,121325.84,High Balance,1,1,1,164223.7,Very High salary,1
15739548,775,Very Good,France,Male,21-30,9,111167.7,High Balance,1,1,0,149331.01,High Salary,0
15662854,681,Good,Germany,Male,41-50,5,139714.4,High Balance,2,0,0,73066.72,Medium Salary,0
15687688,564,Poor,Germany,Female,31-40,10,139875.2,High Balance,2,1,0,15378.23,Low Salary,0
15715750,646,Fair,Germany,Female,41-50,2,113063.83,High Balance,1,0,0,53072.49,Medium Salary,1
15571121,670,Good,France,Female,41-50,8,138340.06,High Balance,1,0,1,3159.15,Low Salary,0
15726466,751,Very Good,France,Male,41-50,1,114974.24,High Balance,1,1,0,125920.54,High Salary,0
15660390,544,Poor,France,Female,31-40,6,0,Zero Balance,2,1,1,124113.04,High Salary,0
15663942,639,Fair,France,Female,31-40,5,0,Zero Balance,2,0,0,93716.38,Medium Salary,0
15638610,635,Fair,Germany,Female,60+,5,117325.54,High Balance,1,1,0,155799.86,Very High salary,1
15644446,672,Good,France,Female,21-30,6,0,Zero Balance,1,0,1,8814.69,Low Salary,0
15585892,639,Fair,France,Female,31-40,8,0,Zero Balance,1,0,0,164453.98,Very High salary,0
15609356,697,Good,France,Female,21-30,1,0,Zero Balance,2,0,0,87803.32,Medium Salary,0
15803378,850,Excellent,Spain,Male,41-50,8,0,Zero Balance,2,1,1,183617.32,Very High salary,0
15599440,748,Very Good,France,Female,31-40,8,0,Zero Balance,2,1,0,53584.03,Medium Salary,0
15692408,463,Poor,Spain,Female,31-40,2,0,Zero Balance,2,1,1,1950.93,Low Salary,0
15683168,572,Poor,France,Female,21-30,6,0,Zero Balance,1,0,1,175025.27,Very High salary,0
15790254,741,Very Good,Spain,Male,41-50,1,78737.61,Medium Balance,1,1,1,13018.96,Low Salary,0
15767729,646,Fair,Spain,Male,21-30,5,182876.88,Very High Balance,2,1,1,42537.59,Low Salary,1
15768600,805,Excellent,Germany,Male,41-50,9,130023.38,High Balance,1,1,0,62989.82,Medium Salary,1
15699839,637,Fair,France,Male,31-40,2,152606.82,Very High Balance,1,1,1,71692.8,Medium Salary,0
15786237,651,Fair,France,Male,21-30,7,0,Zero Balance,2,1,0,823.96,Low Salary,0
15694530,672,Good,France,Male,21-30,4,167268.98,Very High Balance,1,1,1,169469.3,Very High salary,0
15796813,493,Poor,France,Male,51-60,3,167831.88,Very High Balance,2,1,0,150159.95,Very High salary,1
15605791,524,Poor,Germany,Male,21-30,9,144287.6,High Balance,2,1,0,32063.3,Low Salary,0
15714087,624,Fair,Germany,Female,41-50,5,151855.33,Very High Balance,1,1,0,68794.15,Medium Salary,0
15711446,569,Poor,Spain,Female,51-60,3,0,Zero Balance,3,1,0,75084.96,Medium Salary,1
15588123,677,Good,France,Female,21-30,2,0,Zero Balance,2,0,1,114685.92,High Salary,0
15748552,464,Poor,Germany,Male,31-40,4,155994.15,Very High Balance,1,0,0,143665.44,High Salary,0
15618410,718,Good,Germany,Male,21-30,7,147527.03,High Balance,1,0,0,51099.56,Medium Salary,0
15672432,594,Fair,France,Female,51-60,4,0,Zero Balance,1,1,0,5408.74,Low Salary,1
15610042,574,Poor,France,Male,31-40,8,100267.03,High Balance,1,1,0,103006.27,High Salary,0
15580914,478,Poor,Spain,Male,41-50,0,83287.05,Medium Balance,2,0,1,44147.95,Low Salary,1
15583680,615,Fair,Spain,Male,41-50,4,0,Zero Balance,1,0,1,149278.96,High Salary,0
15813718,651,Fair,Spain,Male,41-50,4,0,Zero Balance,2,0,0,193009.21,Very High salary,0
15767264,465,Poor,Germany,Male,51-60,1,117438.17,High Balance,1,0,0,74898.8,Medium Salary,1
15686461,558,Poor,France,Female,51-60,7,121235.05,High Balance,2,1,1,116253.1,High Salary,0
15678882,540,Poor,Germany,Male,31-40,3,129965.18,High Balance,1,0,0,19374.08,Low Salary,0
15789611,568,Poor,Germany,Male,41-50,8,150836.92,Very High Balance,1,0,0,64516.8,Medium Salary,1
15668679,630,Fair,France,Male,31-40,0,0,Zero Balance,2,1,1,34475.14,Low Salary,0
15631685,523,Poor,Germany,Male,51-60,1,163894.35,Very High Balance,1,0,1,57061.71,Medium Salary,0
15655658,678,Good,France,Female,41-50,2,0,Zero Balance,2,1,1,32301.88,Low Salary,0
15753591,438,Poor,France,Male,31-40,2,0,Zero Balance,2,1,0,136859.55,High Salary,0
15617348,544,Poor,France,Male,41-50,1,0,Zero Balance,2,0,0,69244.24,Medium Salary,0
15704581,595,Fair,Germany,Male,31-40,2,87967.42,Medium Balance,2,0,1,156309.52,Very High salary,0
15738487,678,Good,France,Male,21-30,3,0,Zero Balance,2,1,0,4989.33,Low Salary,0
15648069,850,Excellent,France,Female,31-40,6,0,Zero Balance,2,1,1,190194.95,Very High salary,0
15737627,589,Fair,Germany,Female,0-20,2,121093.29,High Balance,2,1,0,3529.72,Low Salary,0
15731586,785,Very Good,Spain,Female,31-40,2,121691.54,High Balance,2,0,0,81778.72,Medium Salary,0
15757467,563,Poor,Spain,Male,51-60,6,0,Zero Balance,2,1,1,39297.48,Low Salary,0
15597709,602,Fair,France,Female,31-40,6,154121.32,Very High Balance,2,1,0,176614.86,Very High salary,1
15720529,591,Fair,France,Male,21-30,6,0,Zero Balance,2,1,1,108684.65,High Salary,0
15596797,643,Fair,Spain,Male,41-50,1,0,Zero Balance,2,1,1,145764.4,High Salary,0
15681755,605,Fair,France,Female,31-40,5,0,Zero Balance,2,1,1,42135.28,Low Salary,0
15815271,755,Very Good,Germany,Male,41-50,6,165048.5,Very High Balance,3,1,0,16929.41,Low Salary,1
15682860,769,Very Good,Spain,Male,31-40,6,0,Zero Balance,2,0,0,104393.78,High Salary,0
15621546,620,Fair,France,Female,31-40,9,127638.35,High Balance,1,1,1,192717.57,Very High salary,0
15705918,725,Good,France,Male,31-40,8,0,Zero Balance,2,1,1,59650.42,Medium Salary,0
15684512,818,Excellent,Germany,Female,60+,8,135290.42,High Balance,2,1,1,63729.72,Medium Salary,0
15671769,624,Fair,France,Female,60+,4,170252.05,Very High Balance,3,1,1,73679.59,Medium Salary,1
15642934,669,Fair,Germany,Female,31-40,4,108269.2,High Balance,2,1,0,174969.92,Very High salary,0
15594305,712,Good,France,Female,31-40,1,0,Zero Balance,2,1,0,1703.58,Low Salary,0
15789201,603,Fair,Germany,Female,31-40,9,145623.36,High Balance,1,1,0,163181.62,Very High salary,0
15706762,597,Fair,France,Female,41-50,4,145809.53,High Balance,2,1,1,52319.26,Medium Salary,0
15766183,580,Fair,Germany,Male,60+,2,130334.84,High Balance,2,1,1,51672.08,Medium Salary,0
15777994,718,Good,France,Female,31-40,3,0,Zero Balance,2,1,1,145355.11,High Salary,0
15568162,527,Poor,Spain,Male,51-60,8,0,Zero Balance,1,1,1,51711.57,Medium Salary,0
15680643,729,Good,Spain,Female,41-50,1,0,Zero Balance,2,1,1,149535.97,High Salary,0
15761854,746,Very Good,France,Female,21-30,4,0,Zero Balance,1,0,1,94105,Medium Salary,0
15730793,699,Good,Germany,Female,51-60,3,111009.32,High Balance,1,1,1,155905.79,Very High salary,1
15692137,759,Very Good,France,Female,41-50,2,0,Zero Balance,1,1,1,138380.11,High Salary,0
15608595,748,Very Good,France,Female,31-40,3,157371.54,Very High Balance,1,0,1,97734.3,Medium Salary,0
15709459,698,Good,Spain,Female,60+,5,0,Zero Balance,1,1,1,173576.71,Very High salary,0
15775750,686,Good,France,Male,31-40,9,134560.62,High Balance,1,1,0,27596.39,Low Salary,0
15585855,679,Good,France,Male,31-40,1,0,Zero Balance,1,1,1,16897.19,Low Salary,0
15752139,682,Good,Germany,Male,31-40,5,72373.62,Medium Balance,2,1,0,36895.99,Low Salary,0
15768295,778,Very Good,France,Female,31-40,7,109564.1,High Balance,1,0,1,113046.81,High Salary,0
15766906,742,Very Good,France,Female,21-30,4,132116.13,High Balance,2,1,0,129933.5,High Salary,0
15725776,649,Fair,Germany,Male,21-30,7,101195.23,High Balance,1,0,0,133091.32,High Salary,0
15682576,763,Very Good,France,Male,60+,1,149436.73,High Balance,2,0,1,106282.74,High Salary,0
15704081,595,Fair,Germany,Male,21-30,9,130682.11,High Balance,2,1,1,57862.88,Medium Salary,0
15719940,628,Fair,Germany,Female,51-60,10,115280.49,High Balance,2,0,0,12628.61,Low Salary,1
15672894,625,Fair,France,Female,31-40,8,129944.39,High Balance,2,0,0,198914.8,Very High salary,0
15667451,733,Good,France,Male,31-40,5,0,Zero Balance,2,1,1,109127.54,High Salary,0
15636767,665,Fair,Spain,Female,31-40,10,0,Zero Balance,1,1,1,22487.45,Low Salary,0
15571415,805,Excellent,Germany,Male,51-60,6,151802.29,Very High Balance,1,1,0,46791.09,Low Salary,1
15575605,725,Good,France,Male,31-40,6,0,Zero Balance,2,1,1,158697.28,Very High salary,0
15649160,554,Poor,France,Female,31-40,3,138731.95,High Balance,1,1,1,194138.36,Very High salary,0
15615832,675,Good,Spain,Female,31-40,8,155621.08,Very High Balance,1,0,1,35177.31,Low Salary,0
15600975,556,Poor,France,Female,51-60,4,150005.38,Very High Balance,1,1,0,157015.5,Very High salary,1
15690772,635,Fair,Spain,Female,41-50,2,0,Zero Balance,2,1,1,136551.25,High Salary,0
15565714,601,Fair,France,Male,41-50,1,64430.06,Medium Balance,2,0,1,96517.97,Medium Salary,0
15763108,600,Fair,Germany,Male,51-60,7,106261.63,High Balance,1,1,0,93629.66,Medium Salary,1
15723884,758,Very Good,Spain,Male,31-40,3,0,Zero Balance,2,0,0,96097.65,Medium Salary,0
15644453,606,Fair,Germany,Female,41-50,4,132670.53,High Balance,1,1,0,156476.36,Very High salary,1
15655464,640,Fair,France,Female,60+,3,0,Zero Balance,1,0,1,42964.63,Low Salary,0
15783883,753,Very Good,Germany,Female,31-40,1,117314.92,High Balance,1,1,0,122021.33,High Salary,1
15787693,559,Poor,Spain,Male,31-40,3,145874.35,High Balance,1,1,0,56311.39,Medium Salary,1
15664793,754,Very Good,Spain,Female,41-50,7,146777.44,High Balance,2,0,1,150685.52,Very High salary,0
15642391,621,Fair,Germany,Male,51-60,4,109978.83,High Balance,1,0,0,177740.58,Very High salary,1
15756538,654,Fair,France,Female,31-40,5,0,Zero Balance,1,0,1,71492.28,Medium Salary,0
15668830,650,Fair,Spain,Male,21-30,8,108881.73,High Balance,1,1,0,104492.83,High Salary,0
15796569,831,Excellent,Spain,Female,41-50,10,0,Zero Balance,1,0,1,47729.33,Low Salary,0
15677112,519,Poor,France,Male,31-40,2,112957.26,High Balance,2,1,0,97593.16,Medium Salary,0
15815040,552,Poor,Germany,Female,41-50,8,103362.14,High Balance,1,0,1,186869.58,Very High salary,1
15590434,577,Poor,Spain,Male,41-50,4,89015.61,Medium Balance,1,0,1,135227.23,High Salary,0
15597536,576,Poor,Spain,Male,41-50,5,133618.01,High Balance,1,0,0,135244.87,High Salary,0
15723989,646,Fair,France,Male,31-40,5,93680.43,Medium Balance,2,1,1,179473.26,Very High salary,0
15767358,711,Good,Germany,Female,41-50,1,97486.15,Medium Balance,2,1,0,50610.62,Medium Salary,0
15594812,806,Excellent,Spain,Female,31-40,2,137794.18,High Balance,2,0,1,75232.02,Medium Salary,0
15688210,670,Good,France,Female,31-40,8,101928.51,High Balance,1,0,0,89205.54,Medium Salary,0
15681509,679,Good,Spain,Female,21-30,9,0,Zero Balance,2,0,1,61761.77,Medium Salary,0
15572390,850,Excellent,Spain,Female,31-40,6,0,Zero Balance,2,1,0,103921.43,High Salary,0
15801441,670,Good,Germany,Female,31-40,2,79585.96,Medium Balance,1,0,1,198802.9,Very High salary,0
15783859,733,Good,France,Female,21-30,3,161884.99,Very High Balance,1,1,1,9617.24,Low Salary,0
15575243,764,Very Good,France,Female,31-40,1,129068.54,High Balance,2,1,1,187905.12,Very High salary,0
15773421,673,Good,France,Female,41-50,4,0,Zero Balance,2,1,0,121440.8,High Salary,0
15788776,588,Fair,Germany,Male,41-50,6,132623.76,High Balance,3,1,0,36292.94,Low Salary,1
15765257,564,Poor,Spain,Male,31-40,5,121461.87,High Balance,1,1,1,20432.09,Low Salary,1
15661412,715,Good,France,Male,31-40,8,175307.32,Very High Balance,1,1,0,187051.23,Very High salary,0
15636478,621,Fair,France,Male,31-40,7,136658.61,High Balance,1,1,1,148689.13,High Salary,0
15603683,796,Very Good,Spain,Female,21-30,3,146584.19,High Balance,2,0,0,125445.8,High Salary,0
15651868,672,Good,France,Male,31-40,6,0,Zero Balance,1,0,0,22736.06,Low Salary,0
15815443,527,Poor,Spain,Female,41-50,10,131414.76,High Balance,1,1,0,54947.51,Medium Salary,0
15682686,722,Good,France,Female,31-40,3,0,Zero Balance,2,0,1,167984.72,Very High salary,0
15697460,596,Fair,Germany,Male,31-40,4,99441.21,Medium Balance,2,0,1,4802.27,Low Salary,0
15748432,746,Very Good,France,Female,31-40,4,0,Zero Balance,2,1,1,72909.75,Medium Salary,0
15698271,523,Poor,France,Female,21-30,4,0,Zero Balance,2,1,0,185488.81,Very High salary,0
15808662,624,Fair,France,Male,41-50,3,0,Zero Balance,2,1,0,88407.51,Medium Salary,0
15690372,553,Poor,Spain,Male,31-40,1,181110.13,Very High Balance,2,1,0,184544.59,Very High salary,0
15781875,850,Excellent,Spain,Male,31-40,3,100476.46,High Balance,2,1,1,136539.13,High Salary,0
15801473,599,Fair,Germany,Male,31-40,2,51949.95,Medium Balance,2,1,0,85045.92,Medium Salary,0
15704509,492,Poor,France,Male,31-40,8,121063.49,High Balance,1,0,0,85421.48,Medium Salary,0
15694666,707,Good,Spain,Male,41-50,8,88441.64,Medium Balance,1,1,1,119903.2,High Salary,1
15731166,743,Very Good,France,Female,21-30,1,127023.39,High Balance,1,1,1,138780.89,High Salary,0
15728523,522,Poor,France,Male,41-50,5,144147.68,High Balance,1,1,1,14789.9,Low Salary,0
15788442,681,Good,Spain,Female,51-60,2,173306.13,Very High Balance,1,0,1,131964.66,High Salary,0
15689781,826,Excellent,France,Female,41-50,0,0,Zero Balance,1,0,0,178709.98,Very High salary,1
15764226,630,Fair,Germany,Female,21-30,8,106425.75,High Balance,1,1,1,20344.84,Low Salary,0
15809837,430,Poor,Germany,Female,60+,6,135392.31,High Balance,2,1,1,172852.06,Very High salary,1
15805212,806,Excellent,France,Female,60+,1,0,Zero Balance,2,0,1,103945.58,High Salary,0
15716082,703,Good,Spain,Male,31-40,6,152685.4,Very High Balance,1,0,0,183656.12,Very High salary,0
15643056,755,Very Good,Germany,Female,31-40,1,82083.52,Medium Balance,1,0,1,10333.78,Low Salary,0
15654859,612,Fair,Spain,Female,60+,2,131629.17,High Balance,2,1,0,122109.58,High Salary,1
15761158,719,Good,France,Female,51-60,7,0,Zero Balance,2,1,1,125041.52,High Salary,0
15577515,554,Poor,Germany,Female,51-60,0,108477.27,High Balance,1,0,1,140003,High Salary,1
15723827,683,Good,France,Male,21-30,4,114779.35,High Balance,1,0,0,183171.47,Very High salary,0
15646594,749,Very Good,France,Male,41-50,5,57568.94,Medium Balance,1,1,1,61128.29,Medium Salary,0
15712877,724,Good,Spain,Male,31-40,1,0,Zero Balance,2,1,0,52462.25,Medium Salary,0
15598802,770,Very Good,Spain,Male,21-30,8,0,Zero Balance,2,0,1,50839.85,Medium Salary,0
15699340,680,Good,France,Male,31-40,4,0,Zero Balance,2,1,0,61240.87,Medium Salary,0
15691150,699,Good,France,Female,31-40,4,110559.46,High Balance,1,1,1,127429.56,High Salary,0
15608688,442,Poor,France,Male,31-40,4,0,Zero Balance,2,1,0,68343.08,Medium Salary,0
15737998,529,Poor,France,Male,41-50,8,0,Zero Balance,1,0,0,126511.94,High Salary,1
15735837,574,Poor,Spain,Male,31-40,3,0,Zero Balance,2,1,1,8559.66,Low Salary,0
15659100,605,Fair,France,Male,31-40,9,128152.82,High Balance,1,0,0,147822.81,High Salary,0
15609070,515,Poor,Germany,Male,41-50,7,120961.5,High Balance,3,1,1,39288.11,Low Salary,1
15650313,632,Fair,Germany,Male,60+,6,129472.33,High Balance,1,1,1,85179.48,Medium Salary,0
15627699,558,Poor,France,Male,31-40,10,105000.23,High Balance,1,1,0,190019.61,Very High salary,0
15591010,434,Poor,Germany,Male,51-60,8,109339.17,High Balance,2,1,0,96405.88,Medium Salary,1
15798895,525,Poor,France,Female,51-60,6,55328.4,Medium Balance,1,1,0,83342.73,Medium Salary,1
15745375,640,Fair,Germany,Male,21-30,3,72012.76,Medium Balance,1,1,0,161333.13,Very High salary,0
15775235,690,Good,France,Female,31-40,6,110480.48,High Balance,1,0,0,81292.33,Medium Salary,0
15780088,607,Fair,Spain,Male,31-40,9,132439.99,High Balance,1,1,0,177747.72,Very High salary,0
15649379,850,Excellent,France,Female,41-50,3,0,Zero Balance,2,1,1,187980.21,Very High salary,0
15713983,780,Very Good,Germany,Male,31-40,5,94108.54,Medium Balance,2,1,0,177235.21,Very High salary,0
15709252,616,Fair,Germany,Female,21-30,10,105173.99,High Balance,1,0,1,29835.37,Low Salary,1
15699238,618,Fair,Spain,Female,31-40,8,0,Zero Balance,2,1,0,80204.38,Medium Salary,0
15732884,676,Good,France,Male,21-30,7,131959.86,High Balance,1,0,0,189268.81,Very High salary,0
15587297,507,Poor,France,Male,31-40,7,0,Zero Balance,2,1,1,85411.01,Medium Salary,0
15684722,490,Poor,France,Male,31-40,5,122952.9,High Balance,2,0,0,154360.97,Very High salary,0
15621244,678,Good,France,Male,31-40,0,107379.68,High Balance,1,1,1,84460.18,Medium Salary,0
15744273,637,Fair,Germany,Male,21-30,6,122641.56,High Balance,2,1,0,65618.01,Medium Salary,0
15682540,602,Fair,France,Female,31-40,8,0,Zero Balance,2,1,1,112928.74,High Salary,0
15636521,744,Very Good,Spain,Female,21-30,1,124037.28,High Balance,1,1,1,142210.94,High Salary,0
15785339,640,Fair,France,Female,41-50,9,117565.03,High Balance,2,0,0,82559.77,Medium Salary,0
15638983,684,Good,France,Female,31-40,5,133189.4,High Balance,1,0,0,127388.06,High Salary,0
15654625,495,Poor,Germany,Male,31-40,8,120252.02,High Balance,2,1,1,10160.23,Low Salary,0
15697310,559,Poor,Germany,Female,21-30,3,152264.81,Very High Balance,1,0,0,64242.31,Medium Salary,0
15678210,684,Good,France,Male,31-40,5,105069.98,High Balance,2,1,1,198355.28,Very High salary,0
15575438,613,Fair,France,Male,41-50,7,115076.06,High Balance,1,1,1,79323.61,Medium Salary,0
15632789,794,Very Good,France,Male,21-30,8,0,Zero Balance,2,1,1,24113.91,Low Salary,0
15621423,736,Good,France,Female,41-50,7,117280.23,High Balance,3,0,0,41921.06,Low Salary,1
15573520,692,Good,Germany,Male,41-50,6,110540.43,High Balance,2,0,1,107472.99,High Salary,0
15740458,703,Good,Spain,Male,31-40,7,135095.47,High Balance,1,1,0,143859.66,High Salary,0
15762799,720,Good,Germany,Male,21-30,0,187861.18,Very High Balance,2,1,1,104120.17,High Salary,0
15686885,777,Very Good,Germany,Male,41-50,3,124655.59,High Balance,2,0,1,79792.3,Medium Salary,0
15565996,653,Fair,France,Male,41-50,8,0,Zero Balance,2,1,1,154639.72,Very High salary,0
15662152,552,Poor,France,Female,31-40,9,134105.01,High Balance,1,0,0,57850.1,Medium Salary,0
15711742,708,Good,France,Female,31-40,4,0,Zero Balance,1,1,1,62868.33,Medium Salary,0
15701885,647,Fair,France,Female,31-40,9,0,Zero Balance,2,0,1,92357.21,Medium Salary,0
15774262,597,Fair,Germany,Male,51-60,8,83693.34,Medium Balance,2,1,1,161083.53,Very High salary,0
15567839,501,Poor,France,Male,41-50,9,114631.23,High Balance,1,0,1,91429.74,Medium Salary,0
15644400,709,Good,France,Male,41-50,9,128601.98,High Balance,1,1,0,117031.2,High Salary,0
15797246,621,Fair,Germany,Female,31-40,2,91258.52,Medium Balance,2,1,0,44857.4,Low Salary,0
15778290,799,Very Good,France,Male,60+,8,70416.75,Medium Balance,1,1,1,36483.52,Low Salary,0
15708714,675,Good,France,Female,31-40,6,0,Zero Balance,2,1,0,34045.61,Low Salary,0
15586183,561,Poor,France,Female,31-40,5,0,Zero Balance,2,1,0,59981.62,Medium Salary,0
15761733,707,Good,France,Female,41-50,10,0,Zero Balance,2,1,1,152944.39,Very High salary,0
15773934,670,Good,France,Male,31-40,6,88294.6,Medium Balance,1,1,0,66979.06,Medium Salary,0
15705343,649,Fair,Spain,Female,31-40,7,0,Zero Balance,1,1,0,28797.32,Low Salary,0
15593959,524,Poor,France,Male,21-30,1,93577.3,Medium Balance,1,1,1,51670.82,Medium Salary,0
15664615,689,Good,Germany,Female,21-30,5,136650.89,High Balance,1,1,1,41865.72,Low Salary,1
15671014,573,Poor,Spain,Female,60+,8,98765.84,Medium Balance,1,1,1,96015.53,Medium Salary,0
15657778,657,Fair,France,Male,31-40,1,84309.57,Medium Balance,2,0,0,103914.4,High Salary,0
15585192,686,Good,Spain,Male,31-40,10,136258.06,High Balance,1,0,0,89199.51,Medium Salary,0
15592914,683,Good,France,Female,21-30,9,0,Zero Balance,2,1,1,48849.89,Low Salary,0
15770995,753,Very Good,Germany,Female,41-50,1,131160.85,High Balance,1,1,0,197444.69,Very High salary,0
15570990,520,Poor,Spain,Female,21-30,4,145222.99,High Balance,2,0,0,145160.96,High Salary,0
15596165,547,Poor,Germany,Male,21-30,4,98141.57,Medium Balance,2,1,1,52309.8,Medium Salary,0
15788131,653,Fair,France,Male,41-50,6,0,Zero Balance,1,1,0,50695.93,Medium Salary,1
15800773,648,Fair,Spain,Female,21-30,9,102282.61,High Balance,1,1,1,157891.11,Very High salary,0
15690153,639,Fair,France,Female,31-40,4,116121.84,High Balance,2,0,1,181850.74,Very High salary,0
15638989,711,Good,France,Female,21-30,5,190066.54,Very High Balance,1,0,0,51345.39,Medium Salary,1
15623210,484,Poor,Germany,Female,51-60,8,149349.58,High Balance,3,0,0,137519.92,High Salary,1
15652658,721,Good,France,Male,31-40,1,155176.83,Very High Balance,2,1,1,49653.37,Low Salary,0
15684440,548,Poor,Germany,Male,31-40,2,98986.28,Medium Balance,1,1,1,55867.38,Medium Salary,0
15730287,679,Good,France,Male,41-50,8,147726.98,High Balance,3,1,0,172749.4,Very High salary,1
15720353,553,Poor,France,Male,41-50,1,0,Zero Balance,2,1,0,90607.31,Medium Salary,0
15767231,757,Very Good,France,Male,31-40,7,144852.06,High Balance,1,0,0,130861.95,High Salary,0
15761554,581,Fair,France,Male,51-60,4,89299.81,Medium Balance,1,0,0,5558.47,Low Salary,1
15706637,718,Good,Spain,Male,31-40,9,0,Zero Balance,2,0,0,121537.91,High Salary,0
15690492,625,Fair,France,Male,41-50,6,97663.16,Medium Balance,2,1,0,57128.78,Medium Salary,0
15694237,744,Very Good,Spain,Male,31-40,4,95161.75,Medium Balance,1,1,0,19409.77,Low Salary,0
15729771,799,Very Good,Germany,Male,31-40,9,154586.92,Very High Balance,1,0,1,88604.89,Medium Salary,1
15609823,751,Very Good,Spain,Female,31-40,8,127095.14,High Balance,2,0,0,479.54,Low Salary,0
15793366,781,Very Good,Germany,Male,31-40,7,92526.15,Medium Balance,2,1,1,173837.54,Very High salary,0
15614813,777,Very Good,Germany,Female,41-50,0,107362.8,High Balance,1,1,0,487.3,Low Salary,0
15566495,704,Good,Spain,Female,21-30,2,0,Zero Balance,1,1,0,35600.25,Low Salary,1
15707602,539,Poor,France,Female,41-50,2,127286.04,High Balance,2,1,1,166929.43,Very High salary,1
15635244,716,Good,France,Female,21-30,6,0,Zero Balance,2,1,1,98998.61,Medium Salary,0
15805627,670,Good,France,Male,31-40,2,0,Zero Balance,2,1,1,54229.74,Medium Salary,0
15607986,555,Poor,France,Male,31-40,10,139930.18,High Balance,1,1,1,105720.09,High Salary,0
15799785,679,Good,Germany,Female,21-30,4,77949.69,Medium Balance,1,1,1,121151.46,High Salary,0
15699963,571,Poor,France,Male,31-40,1,121405.04,High Balance,1,1,1,154844.22,Very High salary,0
15624595,512,Poor,Spain,Female,31-40,5,124580.69,High Balance,1,1,1,18785.48,Low Salary,0
15629750,697,Good,France,Male,31-40,5,133087.76,High Balance,1,1,0,64771.61,Medium Salary,0
15651460,424,Poor,Spain,Male,31-40,7,0,Zero Balance,1,1,1,16250.61,Low Salary,0
15753550,684,Good,France,Female,41-50,7,0,Zero Balance,2,1,0,131093.99,High Salary,0
15594133,697,Good,Spain,Male,60+,7,0,Zero Balance,1,1,0,129188.18,High Salary,1
15772329,580,Fair,Germany,Male,41-50,8,103741.14,High Balance,1,1,0,47428.73,Low Salary,1
15591552,600,Fair,France,Female,31-40,7,98877.95,Medium Balance,1,1,0,132973.21,High Salary,0
15750921,521,Poor,France,Male,31-40,5,105843.26,High Balance,2,1,1,84908.2,Medium Salary,0
15701687,664,Fair,Spain,Male,41-50,7,77526.66,Medium Balance,3,0,0,57338.56,Medium Salary,1
15728906,634,Fair,France,Male,60+,5,0,Zero Balance,2,1,1,161579.85,Very High salary,0
15670029,445,Poor,France,Female,31-40,7,0,Zero Balance,2,1,0,122625.68,High Salary,0
15763579,702,Good,Germany,Female,31-40,2,105264.88,High Balance,2,1,1,52909.87,Medium Salary,0
15728010,485,Poor,France,Male,31-40,5,0,Zero Balance,2,0,1,170226.47,Very High salary,0
15663194,582,Fair,Germany,Female,31-40,3,110150.43,High Balance,1,1,1,191757.65,Very High salary,1
15736510,605,Fair,Spain,Female,51-60,2,0,Zero Balance,3,1,0,66652.75,Medium Salary,1
15745804,628,Fair,France,Male,21-30,7,0,Zero Balance,2,1,1,195977.75,Very High salary,0
15631451,604,Fair,Spain,Female,21-30,6,0,Zero Balance,2,1,1,69056.26,Medium Salary,0
15746995,724,Good,Germany,Male,31-40,9,138166.3,High Balance,1,1,0,12920.43,Low Salary,0
15730673,567,Poor,Germany,Male,31-40,7,122265.24,High Balance,1,1,0,138552.74,High Salary,0
15734649,779,Very Good,Spain,Female,51-60,0,133295.98,High Balance,1,1,0,22832.71,Low Salary,1
15701081,785,Very Good,France,Male,31-40,2,0,Zero Balance,1,0,1,61811.1,Medium Salary,0
15632503,563,Poor,France,Female,31-40,0,148326.09,High Balance,1,1,0,191604.27,Very High salary,1
15585928,821,Excellent,Germany,Female,31-40,2,68927.57,Medium Balance,1,1,1,25445,Low Salary,0
15648681,747,Very Good,France,Female,41-50,5,139914.6,High Balance,4,0,1,129964.56,High Salary,1
15747757,600,Fair,Germany,Female,51-60,8,118723.11,High Balance,1,0,0,6209.51,Low Salary,1
15718921,625,Fair,Spain,Male,31-40,7,106957.28,High Balance,1,1,1,134794.02,High Salary,0
15571081,773,Very Good,France,Female,41-50,7,190238.93,Very High Balance,1,1,1,57549.65,Medium Salary,0
15734578,726,Good,France,Female,51-60,1,113537.73,High Balance,1,0,1,28367.21,Low Salary,0
15579583,641,Fair,Spain,Female,31-40,4,101090.27,High Balance,1,1,1,51703.09,Medium Salary,0
15622729,649,Fair,France,Female,41-50,2,0,Zero Balance,2,1,1,66602.7,Medium Salary,0
15662189,434,Poor,Spain,Male,31-40,3,0,Zero Balance,1,1,1,2739.71,Low Salary,0
15692718,738,Good,France,Female,31-40,7,0,Zero Balance,2,0,0,69227.42,Medium Salary,0
15762716,762,Very Good,Spain,Female,51-60,10,168920.75,Very High Balance,1,1,0,31445.03,Low Salary,1
15724851,507,Poor,Germany,Male,31-40,9,111589.67,High Balance,1,1,0,150037.19,Very High salary,0
15587266,606,Fair,Germany,Female,21-30,6,172310.33,Very High Balance,1,0,1,111448.92,High Salary,0
15675926,655,Fair,Germany,Male,31-40,7,118028.35,High Balance,1,1,0,51226.32,Medium Salary,1
15706268,697,Good,Germany,Male,51-60,1,147910.3,High Balance,1,1,1,53581.14,Medium Salary,0
15581871,504,Poor,Germany,Male,41-50,7,131287.36,High Balance,2,1,1,149697.78,High Salary,0
15666166,653,Fair,France,Female,60+,0,121276.32,High Balance,1,1,1,160348.31,Very High salary,0
15671582,660,Fair,Spain,Male,31-40,6,109869.32,High Balance,1,1,1,154641.91,Very High salary,0
15680901,652,Fair,France,Female,31-40,6,97435.85,Medium Balance,2,1,1,104331.76,High Salary,0
15642336,669,Fair,France,Female,41-50,9,0,Zero Balance,2,0,0,135630.32,High Salary,0
15653147,594,Fair,France,Male,31-40,2,133853.27,High Balance,1,1,1,65361.66,Medium Salary,0
15571284,756,Very Good,Germany,Male,31-40,0,109528.16,High Balance,2,1,1,56176.31,Medium Salary,0
15591360,642,Fair,France,Female,31-40,4,84607.34,Medium Balance,2,0,1,60059.47,Medium Salary,0
15810485,486,Poor,Germany,Male,31-40,1,101438,High Balance,1,0,0,51364.56,Medium Salary,0
15611973,804,Excellent,France,Male,51-60,7,0,Zero Balance,2,1,1,118752.6,High Salary,0
15735572,629,Fair,France,Male,51-60,9,113657.83,High Balance,1,1,1,116848.79,High Salary,1
15567860,581,Fair,Spain,Female,41-50,7,189318.16,Very High Balance,2,1,0,45026.23,Low Salary,1
15795690,667,Fair,France,Male,31-40,3,99513.91,Medium Balance,1,1,1,189657.26,Very High salary,0
15706464,667,Fair,Spain,Male,31-40,4,97585.32,Medium Balance,2,0,0,57213.46,Medium Salary,0
15725028,679,Good,France,Male,21-30,3,0,Zero Balance,2,1,1,63687.06,Medium Salary,0
15751167,680,Good,France,Female,41-50,4,0,Zero Balance,2,1,1,58761.33,Medium Salary,0
15633944,644,Fair,Spain,Male,31-40,3,136659.74,High Balance,1,1,1,14187.78,Low Salary,0
15672637,571,Poor,France,Female,21-30,4,85755.86,Medium Balance,1,1,0,145115.95,High Salary,0
15680895,627,Fair,Spain,Female,31-40,7,0,Zero Balance,1,1,0,187718.26,Very High salary,0
15793825,536,Poor,France,Male,31-40,4,0,Zero Balance,2,1,0,27150.35,Low Salary,0
15611318,599,Fair,Spain,Male,31-40,4,51690.89,Medium Balance,1,1,0,111622.76,High Salary,1
15768474,744,Very Good,Spain,Male,31-40,3,0,Zero Balance,2,1,0,27244.35,Low Salary,0
15716276,709,Good,France,Female,31-40,2,111669.68,High Balance,1,1,0,57029.66,Medium Salary,0
15623668,653,Fair,Germany,Male,31-40,2,154741.45,Very High Balance,2,0,0,25183.01,Low Salary,0
15696361,648,Fair,Germany,Male,31-40,7,125681.51,High Balance,1,0,1,129980.93,High Salary,0
15607988,663,Fair,Germany,Female,31-40,8,155303.71,Very High Balance,1,1,0,118716.63,High Salary,0
15637891,613,Fair,Germany,Female,41-50,4,140681.68,High Balance,1,0,1,20134.07,Low Salary,0
15789865,620,Fair,France,Male,21-30,9,71902.52,Medium Balance,1,0,1,190208.23,Very High salary,0
15627190,661,Fair,France,Male,51-60,6,146606.6,High Balance,1,1,1,68021.9,Medium Salary,0
15788224,669,Fair,Germany,Male,41-50,1,123949.75,High Balance,1,0,0,110881.56,High Salary,0
15702149,767,Very Good,Germany,Female,31-40,1,144753.21,High Balance,1,1,1,132480.75,High Salary,0
15708236,491,Poor,France,Female,60+,6,91285.22,Medium Balance,1,1,1,7032.95,Low Salary,0
15568469,653,Fair,France,Male,41-50,0,0,Zero Balance,2,1,0,27862.58,Low Salary,0
15764444,679,Good,Germany,Male,51-60,8,125850.53,High Balance,2,1,1,87008.17,Medium Salary,0
15794204,687,Good,France,Male,21-30,7,108116.66,High Balance,1,1,1,27411.19,Low Salary,0
15807546,837,Excellent,France,Female,31-40,2,0,Zero Balance,2,1,1,46395.21,Low Salary,0
15782159,850,Excellent,France,Male,21-30,8,67639.56,Medium Balance,2,1,1,194245.29,Very High salary,0
15618703,663,Fair,Spain,Female,51-60,6,150200.23,Very High Balance,1,0,1,151317.27,Very High salary,1
15793317,547,Poor,Spain,Female,21-30,7,141287.15,High Balance,1,1,0,118142.79,High Salary,0
15740487,627,Fair,France,Female,41-50,6,0,Zero Balance,3,1,1,138700.75,High Salary,1
15722479,707,Good,France,Male,31-40,1,0,Zero Balance,2,0,1,6035.51,Low Salary,0
15688264,629,Fair,France,Female,41-50,0,0,Zero Balance,2,1,1,41263.69,Low Salary,0
15583067,687,Good,France,Female,31-40,4,97157.96,Medium Balance,1,0,1,63185.05,Medium Salary,0
15686670,588,Fair,France,Female,31-40,2,0,Zero Balance,2,1,0,92536,Medium Salary,1
15593345,502,Poor,Germany,Female,31-40,6,125241.17,High Balance,2,1,1,158736.07,Very High salary,0
15811690,793,Very Good,Germany,Male,51-60,2,128966.13,High Balance,1,0,0,18633.4,Low Salary,1
15734008,727,Good,Germany,Male,51-60,5,152581.06,Very High Balance,1,1,0,71830.1,Medium Salary,1
15771856,632,Fair,Spain,Female,31-40,1,0,Zero Balance,2,1,0,19525.65,Low Salary,0
15762045,474,Poor,Germany,Female,31-40,5,142688.57,High Balance,2,1,1,110953.33,High Salary,0
15778142,850,Excellent,Germany,Female,31-40,1,130089.56,High Balance,2,1,1,4466.21,Low Salary,0
15689268,584,Fair,France,Male,31-40,9,0,Zero Balance,1,1,1,105818.51,High Salary,0
15721507,713,Good,France,Female,31-40,1,117094.02,High Balance,1,0,0,149558.83,High Salary,1
15750476,742,Very Good,Spain,Male,21-30,8,0,Zero Balance,2,1,0,4070.28,Low Salary,0
15810723,607,Fair,France,Female,31-40,10,0,Zero Balance,3,1,0,132741.13,High Salary,1
15787229,761,Very Good,Spain,Female,31-40,2,0,Zero Balance,2,1,0,61251.25,Medium Salary,0
15570508,600,Fair,France,Male,41-50,7,90218.9,Medium Balance,1,1,0,91347.76,Medium Salary,0
15617065,650,Fair,Spain,Male,41-50,4,194532.66,Very High Balance,1,1,0,171045.31,Very High salary,1
15689786,850,Excellent,Germany,Male,51-60,1,169743.83,Very High Balance,1,0,0,155850.4,Very High salary,1
15648876,501,Poor,France,Female,31-40,5,0,Zero Balance,1,1,0,27380.99,Low Salary,0
15802106,418,Poor,France,Male,31-40,8,155973.88,Very High Balance,1,1,0,154208.96,Very High salary,0
15773869,797,Very Good,Spain,Male,51-60,4,129321.44,High Balance,1,1,1,93624.55,Medium Salary,0
15711635,788,Very Good,Germany,Female,41-50,6,138650.49,High Balance,2,1,0,64746.07,Medium Salary,0
15795527,699,Good,Spain,Male,41-50,2,136487.86,High Balance,2,1,0,82815.93,Medium Salary,0
15759133,616,Fair,France,Male,0-20,6,0,Zero Balance,2,1,1,27308.58,Low Salary,0
15679394,651,Fair,France,Female,41-50,4,38617.2,Low Balance,1,1,1,104876.8,High Salary,0
15801072,654,Fair,France,Female,21-30,7,0,Zero Balance,2,1,0,151316.37,Very High salary,0
15646082,676,Good,France,Female,31-40,8,82909.14,Medium Balance,1,1,0,91817.38,Medium Salary,1
15796111,708,Good,Germany,Female,51-60,8,145151.4,High Balance,1,0,1,125311.17,High Salary,1
15670646,499,Poor,Spain,Female,41-50,0,147187.84,High Balance,1,1,1,14868.94,Low Salary,1
15578722,689,Good,France,Male,31-40,4,0,Zero Balance,2,1,0,196112.45,Very High salary,0
15815095,850,Excellent,Spain,Male,51-60,7,108185.81,High Balance,2,0,0,24093.4,Low Salary,1
15730360,502,Poor,France,Male,21-30,4,0,Zero Balance,2,1,1,66263.87,Medium Salary,0
15763194,643,Fair,France,Male,31-40,7,0,Zero Balance,2,0,1,100304.13,High Salary,0
15720725,762,Very Good,France,Male,21-30,2,0,Zero Balance,2,1,0,167909.52,Very High salary,0
15567834,719,Good,France,Male,41-50,5,105918.1,High Balance,1,1,1,16246.59,Low Salary,0
15720644,789,Very Good,France,Male,21-30,6,0,Zero Balance,2,1,0,103603.65,High Salary,0
15811742,553,Poor,Spain,Male,41-50,7,0,Zero Balance,2,1,0,7680.23,Low Salary,0
15813363,448,Poor,Spain,Male,21-30,2,0,Zero Balance,2,0,0,95215.73,Medium Salary,0
15717629,632,Fair,Germany,Male,41-50,6,59972.26,Medium Balance,2,0,1,148172.94,High Salary,0
15713160,669,Fair,Spain,Male,21-30,7,157228.61,Very High Balance,2,1,0,124382.9,High Salary,0
15568878,654,Fair,Spain,Male,31-40,5,0,Zero Balance,2,1,0,159311.46,Very High salary,0
15809800,726,Good,France,Female,31-40,4,0,Zero Balance,2,0,0,6787.48,Low Salary,0
15736420,596,Fair,France,Male,21-30,4,210433.08,Very High Balance,2,0,1,197297.77,Very High salary,1
15757933,733,Good,Germany,Female,21-30,1,102452.71,High Balance,1,1,0,21556.95,Low Salary,0
15623072,529,Poor,Spain,Female,31-40,5,0,Zero Balance,2,1,0,56518,Medium Salary,0
15683993,493,Poor,France,Female,31-40,8,142987.46,High Balance,2,1,0,158840.99,Very High salary,0
15570947,615,Fair,Spain,Female,21-30,7,143330.56,High Balance,2,1,1,126396.01,High Salary,0
15797767,600,Fair,France,Female,41-50,6,0,Zero Balance,1,0,1,148087.88,High Salary,1
15731989,666,Fair,France,Male,31-40,4,120165.4,High Balance,2,1,0,33701.5,Low Salary,0
15591035,644,Fair,Spain,Male,51-60,6,0,Zero Balance,1,0,1,84622.37,Medium Salary,0
15586479,692,Good,France,Female,31-40,4,0,Zero Balance,1,1,0,185580.89,Very High salary,1
15605872,707,Good,France,Male,60+,6,66573.17,Medium Balance,1,1,1,62768.8,Medium Salary,0
15666012,603,Fair,France,Male,31-40,4,102833.46,High Balance,2,1,1,38829.11,Low Salary,0
15641733,671,Good,France,Female,31-40,5,164757.56,Very High Balance,1,1,0,110748.88,High Salary,0
15593178,568,Poor,Spain,Female,31-40,10,153610.61,Very High Balance,1,1,1,54083.8,Medium Salary,1
15649183,598,Fair,Spain,Female,31-40,8,0,Zero Balance,3,0,1,88658.73,Medium Salary,0
15736399,606,Fair,Spain,Male,41-50,10,0,Zero Balance,2,1,0,177938.52,Very High salary,0
15751137,850,Excellent,Germany,Female,31-40,3,169025.83,Very High Balance,1,1,0,174235.06,Very High salary,0
15757188,644,Fair,Spain,Female,21-30,4,153455.72,Very High Balance,2,1,1,82696.84,Medium Salary,0
15726167,655,Fair,France,Male,31-40,4,0,Zero Balance,2,1,1,142415.97,High Salary,0
15624850,850,Excellent,France,Male,21-30,10,153972.89,Very High Balance,2,1,0,62811.03,Medium Salary,0
15717700,683,Good,Spain,Male,31-40,9,114609.55,High Balance,2,0,1,25339.29,Low Salary,0
15716347,663,Fair,Germany,Male,31-40,7,143625.83,High Balance,2,0,1,176487.05,Very High salary,0
15696287,682,Good,Germany,Female,31-40,1,116520.28,High Balance,1,1,1,49833.5,Low Salary,1
15638871,639,Fair,France,Male,60+,6,80926.02,Medium Balance,2,1,1,55829.25,Medium Salary,0
15765093,704,Good,France,Male,21-30,6,166594.78,Very High Balance,1,1,1,155823.2,Very High salary,0
15592999,691,Good,France,Female,31-40,0,115465.98,High Balance,1,1,1,60622.61,Medium Salary,0
15641715,599,Fair,France,Male,31-40,8,0,Zero Balance,2,1,1,174196.68,Very High salary,0
15607746,573,Poor,France,Female,31-40,1,0,Zero Balance,1,1,1,56905.38,Medium Salary,0
15625311,589,Fair,Germany,Female,41-50,7,92618.62,Medium Balance,1,1,1,101178.85,High Salary,0
15573077,620,Fair,Germany,Female,21-30,8,141825.88,High Balance,1,1,1,73857.94,Medium Salary,1
15735106,647,Fair,Spain,Male,21-30,6,149594.02,High Balance,2,1,0,102325.19,High Salary,0
15672912,737,Good,Spain,Female,31-40,7,130051.66,High Balance,2,0,0,55356.39,Medium Salary,1
15589881,634,Fair,France,Female,41-50,7,0,Zero Balance,2,1,1,131284.93,High Salary,0
15660144,660,Fair,France,Male,31-40,4,0,Zero Balance,2,0,0,88080.43,Medium Salary,0
15664083,666,Fair,Germany,Female,31-40,2,158468.76,Very High Balance,1,0,1,93266.01,Medium Salary,0
15690898,696,Good,France,Male,41-50,8,161889.79,Very High Balance,1,0,0,75562.47,Medium Salary,0
15808023,836,Excellent,France,Female,21-30,9,133681.78,High Balance,1,1,1,153747.73,Very High salary,0
15676909,667,Fair,Spain,Female,31-40,5,0,Zero Balance,2,1,0,163830.64,Very High salary,0
15764922,596,Fair,Spain,Male,0-20,3,187294.46,Very High Balance,1,1,0,103456.47,High Salary,0
15766734,430,Poor,France,Male,31-40,5,0,Zero Balance,1,1,0,95655.16,Medium Salary,0
15795079,596,Fair,Spain,Male,60+,6,0,Zero Balance,2,1,1,138350.74,High Salary,0
15757434,599,Fair,France,Male,21-30,7,119706.22,High Balance,1,0,0,31190.42,Low Salary,0
15673747,519,Poor,France,Female,21-30,8,0,Zero Balance,1,0,1,167553.06,Very High salary,0
15808386,721,Good,Germany,Female,41-50,7,138523.2,High Balance,1,0,0,59604.45,Medium Salary,1
15603565,603,Fair,Spain,Female,51-60,5,90778.76,Medium Balance,2,1,0,162223.67,Very High salary,1
15744044,572,Poor,Germany,Male,41-50,4,99353.42,Medium Balance,1,1,0,196549.85,Very High salary,1
15577771,453,Poor,Germany,Female,31-40,1,111524.49,High Balance,1,1,1,120373.84,High Salary,1
15769548,668,Fair,France,Female,31-40,7,128645.67,High Balance,1,1,0,92149.64,Medium Salary,0
15802071,762,Very Good,Germany,Male,31-40,1,117458.51,High Balance,1,0,1,178361.48,Very High salary,1
15677395,633,Fair,France,Female,31-40,9,129189.15,High Balance,2,0,0,170998.83,Very High salary,0
15632010,647,Fair,Spain,Male,31-40,7,121260.19,High Balance,2,1,0,77216.48,Medium Salary,0
15779492,796,Very Good,Spain,Male,51-60,6,94231.13,Medium Balance,1,0,0,121164.6,High Salary,1
15694677,733,Good,France,Male,31-40,1,0,Zero Balance,2,1,1,141841.31,High Salary,0
15704315,556,Poor,France,Male,31-40,8,163757.06,Very High Balance,1,1,1,104000.06,High Salary,0
15742009,489,Poor,Spain,Male,51-60,4,0,Zero Balance,2,1,1,191419.32,Very High salary,0
15766663,639,Fair,France,Male,21-30,4,0,Zero Balance,2,1,0,28188.96,Low Salary,0
15742297,715,Good,France,Male,31-40,2,141005.47,High Balance,1,1,1,60407.93,Medium Salary,0
15688059,807,Excellent,Germany,Female,41-50,9,105356.09,High Balance,2,1,1,130489.37,High Salary,0
15752344,714,Good,Spain,Male,31-40,5,0,Zero Balance,2,1,0,193040.32,Very High salary,0
15698749,626,Fair,Germany,Female,21-30,6,85897.95,Medium Balance,1,1,0,109742.8,High Salary,0
15631693,697,Good,France,Male,31-40,7,0,Zero Balance,2,1,1,74760.32,Medium Salary,0
15604536,850,Excellent,Germany,Female,31-40,4,164672.66,Very High Balance,1,0,1,61936.1,Medium Salary,0
15802869,737,Good,Germany,Female,41-50,2,99169.67,Medium Balance,2,1,1,78650.95,Medium Salary,0
15635598,812,Excellent,France,Male,21-30,6,0,Zero Balance,2,0,0,168023.6,Very High salary,0
15592326,583,Fair,France,Male,31-40,8,0,Zero Balance,2,0,1,5571.59,Low Salary,0
15736533,730,Good,Germany,Female,31-40,5,124053.03,High Balance,1,1,0,118591.67,High Salary,0
15647191,677,Good,France,Male,31-40,4,0,Zero Balance,2,1,0,7824.31,Low Salary,0
15622507,748,Very Good,Germany,Female,31-40,3,103499.09,High Balance,2,0,0,38153.19,Low Salary,0
15765487,753,Very Good,Germany,Female,31-40,9,151766.71,Very High Balance,1,1,1,180829.99,Very High salary,0
15646521,634,Fair,Spain,Female,31-40,1,0,Zero Balance,1,1,1,143960.72,High Salary,0
15746258,622,Fair,France,Male,21-30,7,101486.96,High Balance,1,1,1,8788.35,Low Salary,0
15692430,699,Good,Germany,Male,31-40,2,123601.56,High Balance,2,1,0,103557.85,High Salary,0
15625501,570,Poor,Germany,Male,31-40,1,127201.58,High Balance,1,1,0,147168.28,High Salary,1
15640521,552,Poor,Germany,Male,31-40,3,144962.74,High Balance,1,1,0,58844.84,Medium Salary,1
15790630,619,Fair,France,Female,41-50,4,0,Zero Balance,1,0,0,18094.96,Low Salary,1
15664720,714,Good,Spain,Male,31-40,8,122017.19,High Balance,1,0,0,162515.17,Very High salary,0
15750055,503,Poor,Spain,Male,31-40,9,100262.88,High Balance,2,1,1,157921.25,Very High salary,0
15644878,685,Good,Spain,Female,41-50,6,117302.62,High Balance,1,0,0,68701.73,Medium Salary,0
15754578,606,Fair,France,Female,31-40,0,135984.15,High Balance,2,1,0,186778.89,Very High salary,0
15705379,678,Good,France,Male,31-40,3,0,Zero Balance,2,1,0,66561.6,Medium Salary,0
15761047,724,Good,Germany,Male,31-40,2,160997.54,Very High Balance,2,0,1,64831.36,Medium Salary,0
15671293,779,Very Good,Germany,Female,31-40,2,128389.63,High Balance,1,1,1,6589.16,Low Salary,1
15687527,638,Fair,Spain,Male,31-40,1,0,Zero Balance,2,1,0,165370.66,Very High salary,0
15647898,610,Fair,Spain,Female,41-50,5,130554.51,High Balance,3,1,0,184758.17,Very High salary,1
15671534,646,Fair,Germany,Female,51-60,6,90212,Medium Balance,1,1,0,13911.27,Low Salary,1
15591248,628,Fair,France,Female,21-30,9,71996.29,Medium Balance,1,1,1,34857.46,Low Salary,0
15676156,528,Poor,France,Female,31-40,4,85615.66,Medium Balance,2,1,0,156192.43,Very High salary,0
15812918,432,Poor,France,Female,21-30,6,62339.81,Medium Balance,2,0,0,53874.67,Medium Salary,0
15604130,622,Fair,Spain,Female,41-50,6,142319.03,High Balance,1,0,0,100183.05,High Salary,0
15700549,721,Good,France,Male,51-60,5,0,Zero Balance,2,1,1,4493.12,Low Salary,0
15715519,614,Fair,Spain,Male,31-40,5,0,Zero Balance,2,1,0,130610.78,High Salary,0
15707042,634,Fair,France,Female,21-30,2,87413.19,Medium Balance,1,1,0,63340.65,Medium Salary,0
15605276,742,Very Good,France,Female,21-30,4,0,Zero Balance,2,1,1,180066.59,Very High salary,0
15630592,516,Poor,France,Female,41-50,4,0,Zero Balance,1,1,0,95273.73,Medium Salary,1
15636626,718,Good,France,Male,31-40,3,97560.16,Medium Balance,1,1,1,53511.74,Medium Salary,0
15740411,636,Fair,Germany,Male,21-30,8,141787.31,High Balance,2,1,1,109685.61,High Salary,0
15593834,691,Good,Spain,Male,31-40,7,129934.64,High Balance,1,0,0,75664.56,Medium Salary,1
15804235,698,Good,France,Female,31-40,2,166178.02,Very High Balance,2,1,1,71972.95,Medium Salary,0
15679801,712,Good,Spain,Female,31-40,5,163097.55,Very High Balance,2,1,1,23702.42,Low Salary,0
15673907,659,Fair,France,Male,0-20,8,0,Zero Balance,2,0,0,112572.02,High Salary,0
15636562,573,Poor,Spain,Male,41-50,8,0,Zero Balance,2,0,0,62424.46,Medium Salary,0
15702571,778,Very Good,Germany,Female,31-40,1,151958.19,Very High Balance,3,1,1,131238.37,High Salary,1
15627365,732,Good,France,Male,41-50,0,0,Zero Balance,2,1,1,184350.78,Very High salary,0
15748499,550,Poor,Germany,Male,31-40,4,118400.91,High Balance,1,0,1,13999.64,Low Salary,1
15598614,790,Very Good,Spain,Male,0-20,8,0,Zero Balance,2,1,0,168152.76,Very High salary,0
15668889,665,Fair,Germany,Female,41-50,2,116322.27,High Balance,4,1,0,35640.12,Low Salary,1
15800049,728,Good,Spain,Female,41-50,5,0,Zero Balance,1,1,1,120088.17,High Salary,0
15583724,645,Fair,Spain,Female,21-30,4,0,Zero Balance,2,1,1,74346.11,Medium Salary,0
15622083,647,Fair,Germany,Male,21-30,6,143138.91,High Balance,2,1,0,2955.46,Low Salary,0
15645571,596,Fair,Spain,Male,31-40,4,0,Zero Balance,2,0,1,146504.35,High Salary,0
15598266,610,Fair,France,Male,31-40,9,0,Zero Balance,1,1,1,149602.54,High Salary,0
15667934,512,Poor,France,Male,31-40,0,129804.17,High Balance,1,1,0,53020.9,Medium Salary,0
15569682,768,Very Good,Germany,Male,31-40,9,108308.11,High Balance,1,1,0,41788.25,Low Salary,1
15772941,666,Fair,Germany,Male,21-30,3,110153.27,High Balance,1,0,1,74849.46,Medium Salary,0
15586174,700,Good,Germany,Female,21-30,4,116377.48,High Balance,1,1,1,134417.31,High Salary,0
15803682,651,Fair,Germany,Female,31-40,10,117791.06,High Balance,2,1,1,75837.58,Medium Salary,0
15627328,542,Poor,Spain,Female,21-30,2,0,Zero Balance,2,1,1,54869.54,Medium Salary,0
15717065,686,Good,France,Female,31-40,8,105419.73,High Balance,1,1,0,35356.46,Low Salary,0
15602456,850,Excellent,Germany,Female,41-50,4,99219.47,Medium Balance,2,1,1,122141.13,High Salary,0
15721569,658,Fair,Germany,Female,51-60,8,119327.93,High Balance,1,0,1,119439.66,High Salary,0
15573798,448,Poor,France,Female,31-40,6,83947.12,Medium Balance,2,1,0,81999.53,Medium Salary,0
15638272,609,Fair,Spain,Male,31-40,4,99883.16,Medium Balance,1,1,1,120594.85,High Salary,0
15799859,704,Good,France,Male,41-50,4,165438.26,Very High Balance,1,1,0,120770.75,High Salary,1
15599152,698,Good,France,Male,31-40,1,156111.24,Very High Balance,1,0,0,134790.74,High Salary,0
15737909,759,Very Good,France,Male,41-50,2,111095.58,High Balance,2,1,0,100137.7,High Salary,0
15646190,677,Good,France,Female,51-60,0,119963.45,High Balance,1,0,0,158325.87,Very High salary,1
15711249,544,Poor,Spain,Male,21-30,4,0,Zero Balance,2,1,0,70007.67,Medium Salary,0
15671987,567,Poor,Spain,Male,31-40,8,153137.74,Very High Balance,1,1,0,88659.07,Medium Salary,0
15812766,490,Poor,Spain,Male,31-40,6,156111.08,Very High Balance,1,0,0,190889.13,Very High salary,0
15778589,626,Fair,France,Male,31-40,7,113014.7,High Balance,2,1,1,56646.28,Medium Salary,0
15750104,718,Good,Germany,Male,41-50,5,132615.73,High Balance,2,1,0,32999.1,Low Salary,0
15784526,616,Fair,France,Male,41-50,5,102016.38,High Balance,1,0,1,178235.37,Very High salary,1
15646563,772,Very Good,France,Female,31-40,9,0,Zero Balance,1,0,1,25448.31,Low Salary,0
15744423,561,Poor,France,Male,31-40,5,0,Zero Balance,2,1,0,84871.99,Medium Salary,0
15593694,814,Excellent,France,Male,41-50,8,0,Zero Balance,2,0,0,157822.54,Very High salary,0
15785367,651,Fair,France,Female,51-60,4,0,Zero Balance,1,0,0,84383.22,Medium Salary,1
15687765,538,Poor,Germany,Female,41-50,4,80380.24,Medium Balance,1,1,0,119216.46,High Salary,0
15789014,600,Fair,France,Female,21-30,6,108909.12,High Balance,1,1,0,82547.01,Medium Salary,0
15703177,654,Fair,France,Female,31-40,2,90865.8,Medium Balance,1,1,1,86764.46,Medium Salary,0
15660263,622,Fair,France,Male,31-40,4,99799.76,Medium Balance,2,1,0,197372.13,Very High salary,0
15776545,682,Good,France,Male,21-30,10,200724.96,Very High Balance,1,0,1,82872.64,Medium Salary,1
15683276,610,Fair,Spain,Female,31-40,10,140363.95,High Balance,2,1,1,129563.86,High Salary,0
15599272,795,Very Good,France,Female,31-40,1,151844.64,Very High Balance,1,1,1,135388.89,High Salary,0
15589541,557,Poor,France,Female,21-30,2,0,Zero Balance,2,0,1,4497.55,Low Salary,0
15608804,824,Excellent,Germany,Male,41-50,8,133231.48,High Balance,1,1,1,67885.37,Medium Salary,0
15645820,698,Good,France,Male,21-30,7,0,Zero Balance,2,1,0,111471.55,High Salary,0
15659031,630,Fair,France,Female,31-40,8,126598.99,High Balance,2,1,1,134407.93,High Salary,0
15790113,609,Fair,Germany,Female,60+,6,113317.1,High Balance,1,1,0,108258.22,High Salary,1
15652289,694,Good,France,Male,41-50,4,0,Zero Balance,2,1,0,197528.62,Very High salary,0
15605341,681,Good,France,Female,51-60,8,93173.88,Medium Balance,1,1,1,139761.25,High Salary,0
15697844,721,Good,Spain,Female,31-40,10,0,Zero Balance,1,1,0,136119.96,High Salary,1
15652048,563,Poor,Germany,Male,41-50,7,105007.31,High Balance,2,1,1,197812.16,Very High salary,0
15587038,654,Fair,Spain,Female,31-40,2,0,Zero Balance,1,1,1,51972.92,Medium Salary,1
15660528,659,Fair,Spain,Male,21-30,4,0,Zero Balance,2,1,0,99341.87,Medium Salary,0
15700300,674,Good,Germany,Female,41-50,4,131593.85,High Balance,1,0,1,171345.02,Very High salary,1
15642001,576,Poor,Germany,Male,41-50,9,119530.52,High Balance,1,1,0,119056.68,High Salary,1
15580366,566,Poor,Germany,Male,51-60,4,118614.6,High Balance,2,1,1,172601.62,Very High salary,0
15657228,545,Poor,Germany,Male,31-40,9,95829.13,Medium Balance,2,0,1,104936.88,High Salary,0
15729377,798,Very Good,France,Male,31-40,1,0,Zero Balance,2,1,1,159044.1,Very High salary,0
15686913,757,Very Good,France,Male,31-40,0,0,Zero Balance,1,1,0,83263.06,Medium Salary,0
15631267,641,Fair,France,Male,41-50,6,153590.73,Very High Balance,2,1,1,130910.78,High Salary,0
15632275,718,Good,France,Male,21-30,2,0,Zero Balance,1,1,0,126336.72,High Salary,0
15715907,699,Good,France,Male,60+,9,113109.52,High Balance,1,1,0,27980.8,Low Salary,1
15764841,623,Fair,France,Female,31-40,0,130557.24,High Balance,1,1,1,47880.71,Low Salary,0
15748649,644,Fair,France,Male,31-40,8,93183.19,Medium Balance,1,1,0,73882.49,Medium Salary,0
15771409,586,Fair,France,Male,51-60,7,151933.63,Very High Balance,1,1,0,162960.05,Very High salary,1
15779207,500,Poor,Germany,Male,21-30,2,125495.64,High Balance,2,1,1,68807.47,Medium Salary,0
15814116,583,Fair,France,Female,41-50,7,0,Zero Balance,2,1,0,144039.05,High Salary,0
15665087,595,Fair,Germany,Female,21-30,8,118547.72,High Balance,1,1,1,151192.18,Very High salary,0
15611189,670,Good,Spain,Male,41-50,1,97792.21,Medium Balance,1,0,0,120225.62,High Salary,0
15729718,610,Fair,France,Male,41-50,6,0,Zero Balance,3,0,0,56118.81,Medium Salary,1
15733602,814,Excellent,Spain,Female,60+,2,0,Zero Balance,2,0,1,130853.03,High Salary,0
15620103,660,Fair,France,Female,31-40,8,167181.01,Very High Balance,1,1,1,185156.94,Very High salary,0
15770406,580,Fair,Germany,Male,31-40,9,121355.19,High Balance,1,0,1,35671.45,Low Salary,0
15800554,850,Excellent,France,Female,60+,1,0,Zero Balance,2,1,1,59568.24,Medium Salary,0
15611409,676,Good,Spain,Male,31-40,0,0,Zero Balance,2,0,0,139911.58,High Salary,0
15646535,578,Poor,France,Male,41-50,5,113226.47,High Balance,1,1,0,56770.76,Medium Salary,0
15575430,579,Poor,France,Female,31-40,1,118392.75,High Balance,1,1,1,157564.75,Very High salary,0
15711299,711,Good,Germany,Female,51-60,8,145262.54,High Balance,1,0,1,131473.31,High Salary,0
15642063,692,Good,France,Male,31-40,6,163505.16,Very High Balance,1,0,0,90424.09,Medium Salary,0
15706602,760,Very Good,Spain,Female,31-40,1,118114.28,High Balance,2,0,1,156660.21,Very High salary,0
15592773,630,Fair,Germany,Female,51-60,0,108449.23,High Balance,3,0,0,88372.69,Medium Salary,1
15786539,808,Excellent,France,Male,31-40,1,0,Zero Balance,2,1,1,46200.71,Low Salary,0
15737542,611,Fair,Germany,Female,31-40,10,103294.56,High Balance,1,1,0,160548.12,Very High salary,0
15590234,697,Good,France,Female,41-50,1,0,Zero Balance,1,1,0,1262.83,Low Salary,1
15773776,655,Fair,France,Female,31-40,6,0,Zero Balance,1,1,1,188639.28,Very High salary,0
15728082,601,Fair,Spain,Male,21-30,6,0,Zero Balance,2,1,0,14665.28,Low Salary,0
15609987,755,Very Good,France,Male,41-50,2,119919.12,High Balance,1,1,0,156868.21,Very High salary,0
15735330,553,Poor,France,Male,31-40,1,0,Zero Balance,1,1,0,30461.55,Low Salary,0
15649430,723,Good,France,Male,21-30,4,0,Zero Balance,2,1,1,123885.88,High Salary,0
15768777,507,Poor,Spain,Female,31-40,4,0,Zero Balance,2,1,1,60688.38,Medium Salary,0
15777893,777,Very Good,France,Male,41-50,1,0,Zero Balance,2,1,0,21785.91,Low Salary,0
15791326,566,Poor,France,Male,31-40,3,0,Zero Balance,1,0,0,188135.69,Very High salary,0
15615176,732,Good,France,Male,21-30,7,0,Zero Balance,2,1,0,154364.66,Very High salary,0
15735221,697,Good,France,Female,41-50,10,0,Zero Balance,2,1,0,61312.15,Medium Salary,0
15617991,555,Poor,France,Male,21-30,4,128744.04,High Balance,1,1,1,47454.93,Low Salary,0
15658504,584,Fair,Germany,Female,60+,9,137727.34,High Balance,2,0,1,121102.9,High Salary,0
15785705,705,Good,Germany,Female,41-50,10,106731.58,High Balance,1,1,0,137419.87,High Salary,1
15801817,688,Good,France,Female,31-40,7,123544.21,High Balance,1,1,1,157664.02,Very High salary,0
15752578,626,Fair,France,Female,31-40,2,133968.96,High Balance,2,1,0,148689.65,High Salary,0
15781574,636,Fair,Spain,Male,60+,9,126534.6,High Balance,1,1,1,39789.62,Low Salary,0
15792107,719,Good,Spain,Female,31-40,8,0,Zero Balance,1,1,1,165162.4,Very High salary,0
15569917,706,Good,Spain,Male,21-30,6,87609.68,Medium Balance,2,0,0,137674.55,High Salary,1
15721504,731,Good,Spain,Male,41-50,3,0,Zero Balance,2,1,0,101371.72,High Salary,0
15757306,738,Good,Spain,Male,41-50,3,0,Zero Balance,3,1,1,65066.48,Medium Salary,1
15647295,426,Poor,France,Male,31-40,9,0,Zero Balance,2,1,0,107876.91,High Salary,0
15642098,622,Fair,Spain,Female,31-40,0,108960,High Balance,2,1,0,111180.3,High Salary,1
15696120,701,Good,Spain,Female,21-30,2,0,Zero Balance,2,1,0,115650.63,High Salary,0
15675176,512,Poor,France,Male,51-60,6,144953.31,High Balance,1,1,1,165035.17,Very High salary,0
15700046,635,Fair,France,Male,41-50,4,103544.88,High Balance,2,1,0,193746.55,Very High salary,0
15782089,685,Good,France,Male,31-40,6,0,Zero Balance,1,1,0,58458.26,Medium Salary,0
15706394,609,Fair,France,Male,51-60,7,0,Zero Balance,2,0,1,52332.85,Medium Salary,0
15759387,598,Fair,Germany,Male,31-40,1,101487.18,High Balance,1,1,1,75959.1,Medium Salary,1
15623369,708,Good,France,Male,51-60,10,105355.81,High Balance,1,1,0,123.07,Low Salary,1
15732943,574,Poor,Spain,Male,31-40,4,77967.5,Medium Balance,1,1,0,167066.95,Very High salary,1
15750545,629,Fair,France,Male,41-50,5,0,Zero Balance,4,0,0,117572.59,High Salary,1
15809909,422,Poor,Spain,Female,51-60,4,0,Zero Balance,2,1,1,7166.71,Low Salary,0
15642448,656,Fair,Spain,Male,21-30,8,120047.77,High Balance,1,1,1,137173.39,High Salary,0
15791944,697,Good,France,Male,31-40,7,175464.85,Very High Balance,3,1,0,116442.42,High Salary,1
15768342,718,Good,France,Male,51-60,8,79475.3,Medium Balance,3,1,1,32421.32,Low Salary,1
15567919,586,Fair,Germany,Male,31-40,8,167735.69,Very High Balance,2,0,1,104665.79,High Salary,0
15674750,481,Poor,Spain,Female,31-40,8,0,Zero Balance,2,1,0,44215.86,Low Salary,0
15778345,749,Very Good,France,Female,31-40,1,74385.98,Medium Balance,1,1,0,20164.47,Low Salary,0
15687634,561,Poor,Germany,Male,41-50,5,94754,Medium Balance,1,1,1,26691.31,Low Salary,0
15666096,676,Good,Spain,Male,21-30,4,0,Zero Balance,1,0,1,107955.67,High Salary,0
15581700,615,Fair,Germany,Male,41-50,3,86920.86,Medium Balance,1,1,1,150048.37,Very High salary,0
15656417,582,Fair,France,Female,31-40,1,132077.48,High Balance,2,1,0,192255.15,Very High salary,0
15649101,601,Fair,France,Male,31-40,10,127847.86,High Balance,1,0,0,173245.68,Very High salary,0
15781975,708,Good,France,Male,31-40,3,0,Zero Balance,1,0,1,121457.88,High Salary,1
15700511,708,Good,Germany,Male,41-50,9,176702.36,Very High Balance,2,1,1,104804.74,High Salary,0
15770255,797,Very Good,Germany,Female,31-40,10,83555.58,Medium Balance,1,0,0,69767.14,Medium Salary,0
15643574,682,Good,France,Male,21-30,8,0,Zero Balance,2,1,0,178373.43,Very High salary,0
15595010,694,Good,Spain,Female,31-40,9,0,Zero Balance,2,0,0,99924.04,Medium Salary,0
15580579,490,Poor,France,Female,31-40,1,0,Zero Balance,1,1,1,49594.19,Low Salary,1
15748532,828,Excellent,Spain,Male,41-50,10,0,Zero Balance,1,1,1,186071.14,Very High salary,0
15773789,594,Fair,Spain,Female,31-40,7,96858.35,Medium Balance,1,1,0,77511.45,Medium Salary,0
15600027,579,Poor,Spain,Male,31-40,1,0,Zero Balance,2,1,1,54816.57,Medium Salary,0
15620832,723,Good,France,Female,31-40,0,0,Zero Balance,2,0,1,61290.99,Medium Salary,0
15568819,619,Fair,Germany,Female,41-50,8,132796.04,High Balance,3,1,1,191821.35,Very High salary,1
15748691,794,Very Good,Spain,Female,21-30,1,154970.54,Very High Balance,1,0,1,156768.45,Very High salary,0
15583552,674,Good,Germany,Male,41-50,3,88902.21,Medium Balance,1,1,0,73731.32,Medium Salary,0
15588019,418,Poor,France,Male,21-30,7,98738.92,Medium Balance,1,1,0,122190.22,High Salary,0
15713250,502,Poor,France,Male,31-40,8,0,Zero Balance,2,1,1,123509.01,High Salary,0
15569595,678,Good,France,Female,41-50,6,0,Zero Balance,1,1,0,8199.5,Low Salary,0
15794868,599,Fair,Germany,Male,31-40,10,137456.28,High Balance,2,1,1,14113.11,Low Salary,0
15576680,736,Good,France,Male,21-30,4,0,Zero Balance,2,0,0,51705.01,Medium Salary,0
15613699,430,Poor,France,Female,51-60,7,73937.02,Medium Balance,1,1,0,161937.62,Very High salary,1
15609758,537,Poor,France,Female,41-50,7,158621.04,Very High Balance,1,1,0,120892.96,High Salary,1
15762392,683,Good,Spain,Male,21-30,1,113257.2,High Balance,1,1,1,65035.02,Medium Salary,0
15693382,828,Excellent,France,Male,31-40,9,0,Zero Balance,1,0,1,164257.37,Very High salary,0
15791769,691,Good,France,Female,21-30,9,116536.43,High Balance,1,1,0,51987.99,Medium Salary,0
15712483,608,Fair,Spain,Female,21-30,4,0,Zero Balance,2,1,0,10899.63,Low Salary,1
15636454,691,Good,France,Female,51-60,6,101070.69,High Balance,1,1,0,177355.8,Very High salary,1
15710138,718,Good,Spain,Male,31-40,6,0,Zero Balance,2,0,1,63889.1,Medium Salary,0
15571571,680,Good,Germany,Female,31-40,3,127331.46,High Balance,3,1,1,176433.6,Very High salary,0
15638751,838,Excellent,Spain,Female,41-50,5,0,Zero Balance,2,1,0,81313.51,Medium Salary,0
15598574,695,Good,Spain,Female,31-40,5,0,Zero Balance,2,0,1,13998.88,Low Salary,0
15796787,681,Good,France,Male,41-50,0,105969.42,High Balance,1,1,0,5771.56,Low Salary,0
15615670,762,Very Good,France,Male,31-40,5,119547.46,High Balance,1,1,1,42693.65,Low Salary,0
15705506,751,Very Good,Spain,Male,31-40,7,0,Zero Balance,2,0,0,90839.61,Medium Salary,0
15599535,678,Good,Spain,Male,21-30,5,138668.18,High Balance,1,1,1,54144.01,Medium Salary,0
15768449,634,Fair,France,Female,31-40,7,51582.5,Medium Balance,2,1,1,184312.88,Very High salary,0
15725002,749,Very Good,France,Male,31-40,7,0,Zero Balance,2,1,0,20306.79,Low Salary,0
15611682,590,Fair,Spain,Male,31-40,6,169902.92,Very High Balance,1,1,1,128256.18,High Salary,0
15749964,610,Fair,France,Female,21-30,4,87262.4,Medium Balance,2,1,0,182720.07,Very High salary,0
15678779,502,Poor,France,Male,31-40,7,0,Zero Balance,2,0,1,4082.52,Low Salary,0
15752601,578,Poor,France,Female,31-40,7,0,Zero Balance,2,0,0,102233.73,High Salary,0
15758477,547,Poor,France,Female,31-40,2,0,Zero Balance,2,1,0,132002.83,High Salary,0
15629133,579,Poor,France,Female,21-30,9,0,Zero Balance,2,1,0,126838.7,High Salary,0
15604963,661,Fair,France,Male,31-40,5,0,Zero Balance,2,0,0,181461.46,Very High salary,0
15796413,794,Very Good,France,Male,41-50,6,0,Zero Balance,2,1,0,195325.74,Very High salary,0
15812470,719,Good,France,Male,60+,5,0,Zero Balance,2,0,1,29132.43,Low Salary,0
15587443,728,Good,France,Female,60+,1,0,Zero Balance,2,1,1,131804.86,High Salary,0
15689692,598,Fair,Germany,Male,0-20,3,150348.37,Very High Balance,1,1,1,173784.04,Very High salary,0
15779586,822,Excellent,Germany,Female,41-50,3,115074.02,High Balance,2,1,0,26249.86,Low Salary,0
15667588,670,Good,Spain,Female,31-40,3,0,Zero Balance,1,1,1,182650.15,Very High salary,0
15624423,850,Excellent,France,Male,21-30,8,99986.98,Medium Balance,1,1,0,196582.55,Very High salary,0
15591107,723,Good,Germany,Female,60+,3,110357,High Balance,1,0,0,141977.54,High Salary,1
15748986,705,Good,Germany,Male,41-50,8,166685.92,Very High Balance,2,1,1,55313.51,Medium Salary,0
15793896,677,Good,Spain,Male,31-40,7,95312.8,Medium Balance,1,1,1,62944.75,Medium Salary,0
15620570,736,Good,France,Male,41-50,4,202443.47,Very High Balance,1,1,0,72375.03,Medium Salary,0
15727811,661,Fair,Germany,Female,41-50,0,109493.62,High Balance,1,0,0,188324.01,Very High salary,1
15707681,501,Poor,Germany,Male,31-40,9,88977.39,Medium Balance,2,0,1,133403.07,High Salary,0
15702030,516,Poor,France,Female,21-30,2,104982.57,High Balance,1,1,0,157378.5,Very High salary,0
15673238,517,Poor,Germany,Female,51-60,8,154110.99,Very High Balance,2,1,0,101240.08,High Salary,1
15604196,766,Very Good,France,Male,31-40,6,185714.28,Very High Balance,1,1,1,102502.5,High Salary,0
15769356,520,Poor,Germany,Female,21-30,3,116022.53,High Balance,2,1,1,37577.66,Low Salary,0
15665590,541,Poor,France,Male,41-50,6,0,Zero Balance,2,1,1,83456.67,Medium Salary,0
15572361,790,Very Good,Germany,Female,31-40,2,164011.48,Very High Balance,1,1,0,199420.41,Very High salary,0
15667460,797,Very Good,France,Male,31-40,9,0,Zero Balance,2,1,1,24748.89,Low Salary,0
15654760,811,Excellent,France,Male,31-40,1,101514.89,High Balance,1,1,1,121765,High Salary,0
15632669,722,Good,Spain,Female,31-40,4,0,Zero Balance,2,1,1,113666.48,High Salary,0
15613673,675,Good,France,Male,21-30,9,0,Zero Balance,1,1,0,134110.93,High Salary,0
15698522,660,Fair,Germany,Male,31-40,9,134599.33,High Balance,2,1,0,183095.87,Very High salary,0
15741633,566,Poor,Spain,Male,31-40,10,147511.26,High Balance,1,1,1,159891.03,Very High salary,0
15674583,768,Very Good,France,Male,21-30,0,78396.08,Medium Balance,1,1,1,8316.19,Low Salary,0
15665374,610,Fair,Spain,Female,31-40,5,0,Zero Balance,2,0,0,63736.36,Medium Salary,0
15588854,715,Good,France,Female,31-40,3,110581.29,High Balance,1,1,1,94715.24,Medium Salary,0
15810716,750,Very Good,Germany,Male,41-50,8,151836.36,Very High Balance,2,1,0,68695.38,Medium Salary,0
15776921,431,Poor,Germany,Male,41-50,5,83624.55,Medium Balance,2,0,0,36899.62,Low Salary,0
15569394,704,Good,France,Male,21-30,2,148197.15,High Balance,2,1,0,182775.08,Very High salary,0
15788215,535,Poor,Spain,Female,21-30,5,122924.75,High Balance,1,0,0,62390.59,Medium Salary,1
15641007,614,Fair,France,Female,31-40,4,72594,Medium Balance,1,1,1,76042.48,Medium Salary,0
15594651,748,Very Good,France,Male,31-40,4,115221.36,High Balance,1,0,1,70956.75,Medium Salary,0
15575146,492,Poor,Germany,Male,51-60,8,117808.74,High Balance,2,1,1,67311.12,Medium Salary,0
15608916,573,Poor,France,Male,31-40,7,147754.68,High Balance,1,1,1,110454.46,High Salary,0
15666297,706,Good,Spain,Female,51-60,3,0,Zero Balance,3,0,0,88479.02,Medium Salary,1
15598586,680,Good,France,Male,31-40,10,113292.17,High Balance,1,1,1,122639.73,High Salary,0
15665014,458,Poor,Spain,Male,31-40,5,0,Zero Balance,2,1,0,79723.78,Medium Salary,0
15701738,612,Fair,Germany,Male,41-50,2,115163.38,High Balance,1,1,1,97677.52,Medium Salary,1
15650591,809,Excellent,Germany,Male,41-50,10,118098.62,High Balance,1,1,1,100720.02,High Salary,1
15652667,590,Fair,France,Male,31-40,9,0,Zero Balance,2,1,1,104730.52,High Salary,0
15679622,602,Fair,France,Male,31-40,8,0,Zero Balance,1,1,1,22499.29,Low Salary,0
15730150,540,Poor,Spain,Male,31-40,0,120825.7,High Balance,1,1,0,28257.89,Low Salary,0
15813192,494,Poor,France,Male,21-30,6,0,Zero Balance,2,0,1,109988.09,High Salary,0
15606554,797,Very Good,France,Male,21-30,1,0,Zero Balance,1,0,1,149991.32,High Salary,0
15611794,526,Poor,Germany,Male,60+,6,133845.28,High Balance,2,1,1,45180.8,Low Salary,0
15672357,631,Fair,Spain,Male,31-40,7,0,Zero Balance,2,1,0,181605.85,Very High salary,0
15711759,576,Poor,France,Female,21-30,5,108541.04,High Balance,1,1,1,126469.09,High Salary,0
15615296,405,Poor,France,Male,31-40,10,0,Zero Balance,1,1,0,160810.85,Very High salary,1
15699294,555,Poor,France,Male,21-30,1,0,Zero Balance,2,0,0,88146.86,Medium Salary,0
15788634,750,Very Good,Spain,Female,31-40,2,113817.06,High Balance,1,0,0,88333.74,Medium Salary,0
15660871,665,Fair,France,Male,21-30,8,137300.23,High Balance,1,1,0,90174.83,Medium Salary,0
15618258,640,Fair,Spain,Male,31-40,5,158024.38,Very High Balance,1,1,0,81298.09,Medium Salary,0
15722535,457,Poor,France,Female,31-40,7,127837.54,High Balance,1,0,1,60013.17,Medium Salary,0
15711977,695,Good,France,Male,31-40,4,161533,Very High Balance,1,1,0,100940.91,High Salary,0
15690169,645,Fair,France,Male,31-40,7,161171.7,Very High Balance,2,1,0,12599.94,Low Salary,1
15790689,647,Fair,Spain,Male,31-40,9,80958.36,Medium Balance,1,1,1,128590.73,High Salary,0
15665181,808,Excellent,Spain,Male,21-30,7,0,Zero Balance,2,0,1,23180.37,Low Salary,0
15633608,641,Fair,France,Male,31-40,2,146193.6,High Balance,2,1,1,55796.83,Medium Salary,1
15805261,700,Good,Spain,Male,21-30,8,0,Zero Balance,2,0,1,152097.02,Very High salary,0
15740356,660,Fair,Germany,Male,21-30,4,115021.76,High Balance,1,0,1,162443.05,Very High salary,0
15808223,615,Fair,Spain,Male,41-50,1,126773.43,High Balance,1,1,1,55551.26,Medium Salary,0
15769980,705,Good,Germany,Female,31-40,3,92889.91,Medium Balance,1,1,1,109496.69,High Salary,0
15675450,718,Good,France,Male,41-50,9,0,Zero Balance,2,1,1,72105.63,Medium Salary,0
15776494,754,Very Good,France,Male,60+,5,146622.35,High Balance,1,1,1,41815.22,Low Salary,1
15592412,713,Good,Germany,Male,41-50,4,131038.14,High Balance,1,1,0,74005.04,Medium Salary,1
15777452,587,Fair,France,Female,41-50,6,88820.29,Medium Balance,1,0,0,70224.34,Medium Salary,0
15692258,569,Poor,Spain,Male,31-40,1,115406.97,High Balance,1,0,0,145528.22,High Salary,0
15791045,568,Poor,France,Female,31-40,3,132951.92,High Balance,1,0,1,124486.28,High Salary,0
15807889,634,Fair,Germany,Male,60+,5,108891.7,High Balance,1,1,0,10078.02,Low Salary,0
15602043,770,Very Good,Germany,Female,41-50,5,141788.63,High Balance,2,0,0,164967.21,Very High salary,0
15807335,676,Good,Spain,Female,60+,4,116954.32,High Balance,1,1,1,91149.48,Medium Salary,0
15629985,723,Good,Germany,Female,41-50,10,90450,Medium Balance,2,0,0,103379.31,High Salary,1
15679453,614,Fair,Germany,Female,31-40,8,125997.22,High Balance,1,1,1,128049.34,High Salary,1
15637315,601,Fair,Spain,Female,41-50,3,0,Zero Balance,2,1,0,54342.83,Medium Salary,0
15691513,592,Fair,France,Male,51-60,9,0,Zero Balance,4,1,1,13614.01,Low Salary,1
15622289,605,Fair,Spain,Female,31-40,9,0,Zero Balance,2,0,1,35521.63,Low Salary,0
15715184,752,Very Good,Spain,Female,31-40,4,144637.86,High Balance,2,1,0,40496.72,Low Salary,0
15702801,677,Good,France,Female,21-30,3,86616.35,Medium Balance,1,0,0,91903.9,Medium Salary,1
15719931,850,Excellent,France,Male,31-40,8,0,Zero Balance,2,1,0,178667.7,Very High salary,0
15806081,608,Fair,Germany,Female,41-50,2,127924.25,High Balance,2,1,0,32202.61,Low Salary,0
15796336,786,Very Good,Spain,Female,31-40,9,0,Zero Balance,2,1,0,117034.32,High Salary,0
15647306,777,Very Good,France,Female,21-30,9,131240.61,High Balance,1,1,1,163746.09,Very High salary,1
15742369,667,Fair,Spain,Male,31-40,5,0,Zero Balance,2,1,1,20346.69,Low Salary,0
15655859,848,Excellent,Spain,Male,31-40,5,120046.74,High Balance,2,1,0,84710.65,Medium Salary,0
15675650,486,Poor,France,Female,31-40,8,97819.36,Medium Balance,1,0,1,120531.31,High Salary,0
15574119,598,Fair,Spain,Female,60+,1,62979.93,Medium Balance,1,1,1,152273.57,Very High salary,0
15754168,506,Poor,France,Female,31-40,3,0,Zero Balance,1,1,1,144345.58,High Salary,0
15763029,612,Fair,Germany,Male,41-50,9,161450.03,Very High Balance,1,1,1,96961,Medium Salary,1
15765048,545,Poor,France,Male,21-30,3,0,Zero Balance,2,1,0,170307.43,Very High salary,0
15786215,793,Very Good,France,Male,51-60,8,119496.25,High Balance,2,1,0,29880.99,Low Salary,0
15707559,682,Good,France,Female,21-30,9,0,Zero Balance,2,1,1,195104.91,Very High salary,0
15582129,517,Poor,France,Male,60+,1,43772.66,Low Balance,3,1,0,187756.24,Very High salary,1
15687540,684,Good,France,Male,31-40,9,100249.41,High Balance,2,0,1,67599.69,Medium Salary,0
15787196,692,Good,Spain,Male,41-50,2,0,Zero Balance,2,1,1,105983.09,High Salary,0
15670898,740,Very Good,France,Female,51-60,5,108028.08,High Balance,2,0,0,25980.42,Low Salary,1
15775433,666,Fair,Germany,Male,60+,1,53013.29,Medium Balance,2,1,1,112222.64,High Salary,0
15700693,693,Good,France,Male,60+,2,0,Zero Balance,2,1,1,59864.96,Medium Salary,0
15677955,757,Very Good,Germany,Male,31-40,1,122088.67,High Balance,1,1,0,42581.09,Low Salary,0
15570086,684,Good,Germany,Male,0-20,9,90544,Medium Balance,1,0,1,4777.23,Low Salary,0
15794875,691,Good,Spain,Male,31-40,6,0,Zero Balance,2,0,1,178038.17,Very High salary,0
15673591,842,Excellent,France,Male,41-50,3,141252.18,High Balance,4,0,1,128521.16,High Salary,1
15631756,482,Poor,France,Female,31-40,5,147813.05,High Balance,2,0,0,109029.72,High Salary,0
15757617,735,Good,France,Male,51-60,6,134140.68,High Balance,1,1,0,2267.88,Low Salary,0
15612729,681,Good,France,Female,60+,7,0,Zero Balance,2,1,1,55054.48,Medium Salary,0
15637857,616,Fair,France,Female,31-40,8,0,Zero Balance,1,0,1,76456.17,Medium Salary,0
15681007,850,Excellent,France,Female,31-40,2,128548.49,High Balance,4,1,0,75478.95,Medium Salary,1
15593622,635,Fair,France,Male,41-50,10,122198.21,High Balance,2,0,1,179144.54,Very High salary,0
15629273,638,Fair,Germany,Male,41-50,8,145177.84,High Balance,1,1,0,193471.74,Very High salary,1
15765846,820,Excellent,Spain,Female,31-40,2,94222.53,Medium Balance,1,1,0,103570.8,High Salary,0
15596013,694,Good,Germany,Female,51-60,1,143212.22,High Balance,1,0,0,102628.56,High Salary,1
15722473,713,Good,France,Male,41-50,3,0,Zero Balance,2,1,0,55772.04,Medium Salary,0
15774936,543,Poor,Germany,Male,41-50,6,143350.41,High Balance,1,1,1,192070.16,Very High salary,1
15685640,649,Fair,France,Female,41-50,3,130931.83,High Balance,1,1,1,144808.37,High Salary,0
15566563,777,Very Good,France,Female,21-30,4,137851.31,High Balance,1,1,0,5008.23,Low Salary,1
15768746,561,Poor,France,Male,31-40,6,0,Zero Balance,2,0,0,173680.39,Very High salary,0
15689952,724,Good,Spain,Male,41-50,5,0,Zero Balance,1,0,1,115753.94,High Salary,0
15725906,665,Fair,Spain,Female,51-60,8,0,Zero Balance,1,1,1,38928.48,Low Salary,1
15634501,441,Poor,France,Male,51-60,1,140614.15,High Balance,1,0,1,174381.23,Very High salary,0
15571940,579,Poor,Spain,Male,21-30,3,118680.57,High Balance,1,1,1,49829.8,Low Salary,0
15741643,777,Very Good,Germany,Male,31-40,7,122917.69,High Balance,1,1,1,76169.68,Medium Salary,0
15806822,739,Good,France,Female,31-40,0,0,Zero Balance,2,0,0,133465.57,High Salary,0
15701166,660,Fair,France,Male,31-40,5,131754.11,High Balance,2,1,1,38761.61,Low Salary,0
15718531,554,Poor,France,Female,31-40,8,0,Zero Balance,2,1,1,176779.46,Very High salary,0
15628308,850,Excellent,France,Female,21-30,6,0,Zero Balance,2,1,1,13159.9,Low Salary,0
15585287,842,Excellent,Germany,Female,31-40,9,119948.09,High Balance,1,1,0,48217.97,Low Salary,1
15781619,785,Very Good,France,Female,31-40,1,0,Zero Balance,1,1,0,134964.85,High Salary,1
15805162,550,Poor,France,Male,21-30,0,0,Zero Balance,2,1,1,184221.11,Very High salary,0
15588535,750,Very Good,Spain,Female,31-40,6,0,Zero Balance,2,0,0,19264.33,Low Salary,0
15775307,490,Poor,Spain,Female,31-40,3,97266.1,Medium Balance,1,1,1,92797.23,Medium Salary,0
15777616,605,Fair,Germany,Male,21-30,10,113690.83,High Balance,1,1,0,33114.24,Low Salary,0
15692291,563,Poor,Spain,Female,41-50,6,99056.22,Medium Balance,2,1,0,154347.95,Very High salary,1
15680843,675,Good,France,Male,31-40,8,0,Zero Balance,2,1,1,184842.21,Very High salary,0
15606232,621,Fair,Spain,Female,31-40,7,116338.68,High Balance,1,1,1,155743.48,Very High salary,0
15641585,850,Excellent,France,Male,31-40,6,97339.99,Medium Balance,1,0,1,88815.25,Medium Salary,0
15684358,711,Good,France,Male,41-50,3,0,Zero Balance,2,1,1,193747.57,Very High salary,0
15806389,549,Poor,Germany,Female,51-60,1,137592.31,High Balance,2,0,1,116548.02,High Salary,1
15641860,764,Very Good,Germany,Male,31-40,6,108760.27,High Balance,2,1,0,166324.79,Very High salary,1
15814237,627,Fair,Germany,Male,21-30,3,128770.88,High Balance,2,1,1,40199.01,Low Salary,0
15808780,850,Excellent,France,Female,31-40,2,0,Zero Balance,2,0,0,51919.04,Medium Salary,0
15767064,614,Fair,Spain,Female,31-40,1,44054.84,Low Balance,1,1,1,73329.08,Medium Salary,0
15751177,685,Good,Germany,Female,41-50,2,119657.53,High Balance,1,1,0,145387.05,High Salary,1
15613427,683,Good,Germany,Female,41-50,7,108797.63,High Balance,2,0,0,140763.18,High Salary,0
15647259,643,Fair,Spain,Male,31-40,2,0,Zero Balance,2,0,0,67979.35,Medium Salary,0
15748660,561,Poor,Germany,Female,41-50,1,102025.32,High Balance,1,1,0,133051.64,High Salary,1
15726695,601,Fair,Spain,Female,0-20,9,122446.61,High Balance,2,1,0,86791.9,Medium Salary,0
15757473,766,Very Good,France,Female,21-30,7,158786.67,Very High Balance,2,0,1,47579.25,Low Salary,0
15809509,699,Good,France,Male,21-30,3,125689.29,High Balance,1,1,1,151623.71,Very High salary,0
15715512,850,Excellent,Germany,Male,21-30,1,154640.41,Very High Balance,1,1,1,164039.51,Very High salary,0
15614168,792,Very Good,Germany,Female,41-50,4,146710.76,High Balance,1,1,0,16528.4,Low Salary,1
15679818,636,Fair,Germany,Male,60+,7,136709.35,High Balance,1,0,1,66753.1,Medium Salary,1
15609928,850,Excellent,Germany,Male,41-50,5,129305.09,High Balance,2,0,1,19244.58,Low Salary,0
15731246,628,Fair,Spain,Male,31-40,10,0,Zero Balance,2,1,0,103832.58,High Salary,0
15685243,736,Good,France,Female,60+,10,0,Zero Balance,2,0,1,502.7,Low Salary,0
15638730,711,Good,France,Female,21-30,0,82844.33,Medium Balance,2,0,1,1408.68,Low Salary,0
15697034,583,Fair,Spain,Female,21-30,2,0,Zero Balance,2,0,1,5985.36,Low Salary,0
15699225,757,Very Good,France,Male,41-50,0,0,Zero Balance,2,1,0,37460.05,Low Salary,0
15677387,749,Very Good,Germany,Female,31-40,10,76692.22,Medium Balance,1,0,1,30396.43,Low Salary,0
15759184,705,Good,France,Male,31-40,7,117715.84,High Balance,1,1,0,2498.67,Low Salary,0
15595991,585,Fair,France,Male,51-60,8,87105.32,Medium Balance,1,1,1,55346.14,Medium Salary,0
15681332,437,Poor,France,Female,41-50,6,0,Zero Balance,1,1,0,148330.97,High Salary,1
15756299,741,Very Good,France,Female,60+,2,69311.16,Medium Balance,1,1,1,59237.72,Medium Salary,0
15750547,738,Good,France,Male,21-30,9,0,Zero Balance,2,1,1,48644.94,Low Salary,0
15566380,586,Fair,Spain,Female,31-40,10,66948.67,Medium Balance,2,1,1,140759.03,High Salary,0
15675963,627,Fair,France,Female,51-60,9,0,Zero Balance,2,1,1,107712.42,High Salary,0
15674671,551,Poor,Spain,Male,60+,2,128410.71,High Balance,2,1,1,181718.73,Very High salary,0
15621466,606,Fair,Germany,Male,31-40,3,99897.53,Medium Balance,1,0,0,37054.65,Low Salary,0
15607176,674,Good,France,Male,21-30,3,0,Zero Balance,1,1,1,173940.59,Very High salary,0
15570299,584,Fair,Germany,Female,31-40,6,152622.34,Very High Balance,1,1,0,99298.8,Medium Salary,0
15613197,590,Fair,France,Male,31-40,8,0,Zero Balance,2,1,0,62933.03,Medium Salary,0
15798885,585,Fair,France,Male,51-60,4,138227.19,High Balance,2,1,1,55287.84,Medium Salary,0
15714883,508,Poor,France,Female,21-30,2,111395.53,High Balance,1,0,1,48197.06,Low Salary,0
15604497,458,Poor,Germany,Male,41-50,7,84386.57,Medium Balance,1,1,0,178642.73,Very High salary,0
15773949,692,Good,France,Female,31-40,3,0,Zero Balance,2,1,1,8282.22,Low Salary,0
15774164,502,Poor,Germany,Male,31-40,5,174673.65,Very High Balance,2,1,0,33300.56,Low Salary,0
15774127,518,Poor,France,Male,41-50,3,0,Zero Balance,2,1,0,76515.79,Medium Salary,0
15619016,660,Fair,Germany,Male,41-50,5,109019.65,High Balance,2,1,1,33680.56,Low Salary,0
15795759,698,Good,Germany,Female,51-60,1,107906.75,High Balance,1,1,0,168886.39,Very High salary,1
15798844,678,Good,France,Male,51-60,7,128914.97,High Balance,1,0,0,191746.23,Very High salary,1
15717962,773,Very Good,Spain,Male,60+,9,111179.83,High Balance,1,1,1,93091.02,Medium Salary,0
15691504,619,Fair,Germany,Female,51-60,8,124099.13,High Balance,1,0,0,23904.52,Low Salary,0
15693893,684,Good,Germany,Male,51-60,9,122471.09,High Balance,1,0,1,15807.07,Low Salary,0
15672499,635,Fair,France,Male,31-40,3,134692.4,High Balance,2,1,1,83773.02,Medium Salary,0
15750410,680,Good,France,Female,21-30,4,123816.5,High Balance,1,1,1,90162.35,Medium Salary,0
15568904,608,Fair,Germany,Male,31-40,3,106288.54,High Balance,1,1,1,36639.25,Low Salary,0
15649033,603,Fair,Germany,Female,51-60,7,127723.25,High Balance,2,1,0,139469.11,High Salary,1
15780989,579,Poor,Spain,Male,41-50,2,145843.82,High Balance,1,1,1,198402.37,Very High salary,1
15771059,756,Very Good,Germany,Female,31-40,2,148200.72,High Balance,1,0,0,194584.48,Very High salary,0
15687852,611,Fair,France,Male,21-30,2,104145.65,High Balance,1,0,0,159629.64,Very High salary,0
15695280,532,Poor,Germany,Male,21-30,8,142755.25,High Balance,1,0,0,34231.48,Low Salary,0
15592751,684,Good,Germany,Female,60+,3,81245.79,Medium Balance,1,1,0,69643.31,Medium Salary,1
15598338,647,Fair,Germany,Female,31-40,3,168560.46,Very High Balance,2,0,0,90270.16,Medium Salary,0
15735784,583,Fair,France,Male,31-40,8,0,Zero Balance,1,1,0,47848.56,Low Salary,0
15629128,774,Very Good,Germany,Male,41-50,2,132193.94,High Balance,2,1,1,162865.52,Very High salary,0
15642870,677,Good,France,Male,51-60,9,0,Zero Balance,1,0,1,168650.4,Very High salary,0
15637977,542,Poor,Germany,Male,21-30,8,139330.1,High Balance,1,0,0,54372.37,Medium Salary,0
15600792,613,Fair,Spain,Male,21-30,0,0,Zero Balance,2,0,1,133897.32,High Salary,0
15576131,666,Fair,France,Male,31-40,5,0,Zero Balance,2,1,0,147878.05,High Salary,0
15686588,777,Very Good,France,Female,21-30,2,134571.5,High Balance,1,0,1,118313.38,High Salary,0
15761018,581,Fair,Germany,Male,41-50,2,143829.2,High Balance,2,1,0,181224.24,Very High salary,1
15616029,705,Good,France,Male,31-40,7,0,Zero Balance,2,1,0,7921.57,Low Salary,0
15761149,673,Good,France,Female,41-50,8,133444.97,High Balance,1,0,1,5708.19,Low Salary,0
15802758,594,Fair,Germany,Female,21-30,4,104753.84,High Balance,2,1,0,56756.52,Medium Salary,1
15647838,648,Fair,Germany,Female,51-60,2,116574.84,High Balance,1,1,0,4121.04,Low Salary,1
15735968,605,Fair,France,Male,41-50,10,0,Zero Balance,2,0,1,97213.09,Medium Salary,0
15581286,734,Good,France,Female,31-40,9,176914.8,Very High Balance,1,1,1,12799.23,Low Salary,0
15625445,572,Poor,France,Female,31-40,8,68348.18,Medium Balance,2,0,1,50400.32,Medium Salary,0
15600173,595,Fair,France,Female,31-40,9,0,Zero Balance,2,1,1,41447.86,Low Salary,0
15635143,749,Very Good,France,Male,41-50,2,56726.83,Medium Balance,2,0,1,185543.35,Very High salary,0
15664849,573,Poor,Spain,Male,41-50,3,65269.23,Medium Balance,1,0,1,189988.65,Very High salary,1
15762455,624,Fair,Spain,Male,31-40,6,66220.17,Medium Balance,1,0,1,170819.01,Very High salary,0
15797165,703,Good,France,Male,51-60,9,0,Zero Balance,1,0,0,85547.33,Medium Salary,1
15788189,665,Fair,France,Female,41-50,8,96147.55,Medium Balance,1,1,0,137037.97,High Salary,0
15780492,648,Fair,France,Male,41-50,4,0,Zero Balance,2,1,0,19283.14,Low Salary,0
15678497,850,Excellent,Spain,Male,41-50,2,0,Zero Balance,1,1,0,169425.3,Very High salary,1
15588560,569,Poor,Germany,Female,31-40,8,145330.43,High Balance,1,1,1,132038.65,High Salary,0
15606003,566,Poor,France,Female,21-30,3,0,Zero Balance,2,1,1,3626.47,Low Salary,0
15611756,537,Poor,Germany,Female,41-50,4,124192.28,High Balance,2,1,1,50881.51,Medium Salary,0
15789563,706,Good,Germany,Female,41-50,7,111288.18,High Balance,1,1,1,149170.25,High Salary,1
15702416,734,Good,France,Male,41-50,7,107805.67,High Balance,1,0,0,182505.68,Very High salary,0
15766288,586,Fair,Germany,Female,31-40,5,103700.69,High Balance,1,1,0,194072.56,Very High salary,1
15667633,612,Fair,France,Female,31-40,1,0,Zero Balance,2,1,1,9209.21,Low Salary,0
15622774,648,Fair,France,Male,31-40,0,0,Zero Balance,1,1,1,167931.81,Very High salary,0
15755416,557,Poor,France,Female,21-30,3,87739.08,Medium Balance,1,1,1,123096.56,High Salary,0
15769915,643,Fair,Spain,Female,0-20,0,133313.34,High Balance,1,1,1,3965.69,Low Salary,0
15643908,433,Poor,France,Female,41-50,10,0,Zero Balance,1,1,1,87711.61,Medium Salary,0
15627395,643,Fair,Germany,Male,41-50,7,154902.66,Very High Balance,1,1,1,49667.28,Low Salary,0
15679663,488,Poor,France,Female,31-40,0,0,Zero Balance,2,1,0,136675.22,High Salary,0
15651581,758,Very Good,Germany,Male,60+,6,112595.85,High Balance,1,1,0,35865.44,Low Salary,1
15596379,743,Very Good,Germany,Male,31-40,3,119695.75,High Balance,1,0,1,26136.13,Low Salary,0
15746674,730,Good,France,Female,41-50,7,0,Zero Balance,1,1,0,33373.26,Low Salary,1
15801256,746,Very Good,Spain,Male,41-50,7,0,Zero Balance,2,0,1,10096.25,Low Salary,0
15663808,666,Fair,Germany,Female,51-60,8,152614.51,Very High Balance,2,1,1,188782.3,Very High salary,0
15598521,580,Fair,Germany,Female,31-40,7,131647.01,High Balance,2,0,0,79775.19,Medium Salary,0
15621457,850,Excellent,France,Male,21-30,6,96654.72,Medium Balance,2,0,0,152740.16,Very High salary,0
15764726,563,Poor,France,Male,21-30,3,137583.04,High Balance,1,0,1,5791.85,Low Salary,0
15646374,766,Very Good,Germany,Female,21-30,3,62717.84,Medium Balance,2,1,1,13182.43,Low Salary,0
15716501,659,Fair,France,Male,31-40,9,95377.13,Medium Balance,1,0,1,187551.24,Very High salary,0
15589948,607,Fair,Spain,Male,21-30,1,135936.1,High Balance,2,1,1,110560.14,High Salary,0
15811343,644,Fair,Germany,Male,31-40,5,161591.11,Very High Balance,3,1,1,63795.62,Medium Salary,0
15659677,746,Very Good,France,Male,41-50,8,142382.03,High Balance,1,1,1,62086.62,Medium Salary,0
15594436,588,Fair,Spain,Male,31-40,2,0,Zero Balance,2,1,1,12483.56,Low Salary,0
15748995,691,Good,Spain,Male,21-30,9,0,Zero Balance,2,0,1,10963.04,Low Salary,0
15677062,666,Fair,France,Female,31-40,6,127043.09,High Balance,1,1,1,8247,Low Salary,0
15697201,640,Fair,Spain,Female,41-50,3,0,Zero Balance,1,1,1,156260.08,Very High salary,0
15666453,611,Fair,Germany,Female,21-30,4,78885.88,Medium Balance,2,1,1,26927.69,Low Salary,0
15693771,651,Fair,Spain,Female,41-50,8,95922.9,Medium Balance,1,1,0,84782.42,Medium Salary,1
15569867,529,Poor,France,Female,21-30,8,0,Zero Balance,2,1,0,19842.11,Low Salary,0
15711602,676,Good,France,Female,31-40,3,91711.59,Medium Balance,1,1,1,95393.43,Medium Salary,0
15717736,639,Fair,Germany,Female,41-50,10,110031.09,High Balance,2,1,1,133995.59,High Salary,0
15750441,782,Very Good,France,Male,31-40,5,81210.72,Medium Balance,2,0,1,108003.38,High Salary,0
15732791,641,Fair,Germany,Male,31-40,5,122947.92,High Balance,1,1,1,99154.86,Medium Salary,0
15775104,697,Good,France,Female,31-40,1,182065.85,Very High Balance,1,1,0,49503.5,Low Salary,0
15757607,623,Fair,France,Male,41-50,0,0,Zero Balance,1,1,0,196533.72,Very High salary,1
15793070,494,Poor,Spain,Female,41-50,2,69974.66,Medium Balance,2,1,0,188426.13,Very High salary,1
15760456,731,Good,France,Female,31-40,10,123711.73,High Balance,2,1,0,171340.68,Very High salary,1
15665385,657,Fair,France,Male,41-50,6,76495.04,Medium Balance,1,1,0,79071.89,Medium Salary,0
15612418,744,Very Good,France,Female,31-40,9,0,Zero Balance,2,0,0,20940.76,Low Salary,0
15727138,774,Very Good,Spain,Male,41-50,9,0,Zero Balance,2,1,1,34774.26,Low Salary,0
15732061,850,Excellent,Germany,Female,41-50,1,121874.89,High Balance,1,0,0,6865.41,Low Salary,1
15776051,551,Poor,France,Female,41-50,6,0,Zero Balance,2,1,1,51143.43,Medium Salary,0
15616530,638,Fair,France,Male,31-40,6,188455.19,Very High Balance,1,0,0,47031.4,Low Salary,1
15632344,792,Very Good,France,Female,41-50,0,99045.93,Medium Balance,2,1,0,47160.01,Low Salary,0
15744979,666,Fair,France,Female,31-40,8,0,Zero Balance,1,0,1,158666.99,Very High salary,0
15745433,716,Good,Germany,Female,21-30,2,205770.78,Very High Balance,2,0,0,65464.66,Medium Salary,0
15683657,594,Fair,France,Female,31-40,0,79340.95,Medium Balance,1,1,0,78255.86,Medium Salary,0
15718572,600,Fair,Germany,Male,51-60,9,138456.03,High Balance,2,1,1,103548.25,High Salary,0
15665783,565,Poor,France,Male,41-50,7,0,Zero Balance,2,1,1,89609.26,Medium Salary,0
15652782,678,Good,Germany,Male,41-50,2,101099.9,High Balance,2,0,1,193476.04,Very High salary,0
15707025,648,Fair,Spain,Female,31-40,5,0,Zero Balance,2,1,1,5199.02,Low Salary,0
15647807,642,Fair,France,Male,31-40,8,109219.83,High Balance,1,1,0,52827.51,Medium Salary,0
15718281,706,Good,Germany,Male,60+,1,123276.69,High Balance,2,1,1,86507.88,Medium Salary,1
15660571,668,Fair,Spain,Male,41-50,10,113034.31,High Balance,1,1,1,100423.88,High Salary,0
15727857,635,Fair,Spain,Male,41-50,1,0,Zero Balance,2,1,0,175611.5,Very High salary,0
15639252,603,Fair,Spain,Male,21-30,6,129548.5,High Balance,2,1,1,19282.85,Low Salary,0
15628144,635,Fair,France,Female,60+,4,74812.84,Medium Balance,1,0,1,27448.33,Low Salary,0
15683560,642,Fair,France,Female,31-40,7,0,Zero Balance,2,1,0,183963.34,Very High salary,0
15653275,785,Very Good,Spain,Female,51-60,1,0,Zero Balance,2,1,0,45113.92,Low Salary,1
15622182,628,Fair,Germany,Female,21-30,3,153538.13,Very High Balance,2,1,0,110776.01,High Salary,0
15613962,499,Poor,France,Female,31-40,9,0,Zero Balance,2,0,1,183042.2,Very High salary,0
15618437,567,Poor,Spain,Male,31-40,10,0,Zero Balance,2,0,1,161571.79,Very High salary,0
15783338,449,Poor,Spain,Male,31-40,0,155619.36,Very High Balance,1,1,1,166692.03,Very High salary,0
15764491,701,Good,Spain,Male,31-40,10,159693.9,Very High Balance,2,1,1,71173.64,Medium Salary,0
15712960,613,Fair,Spain,Male,31-40,3,171653.17,Very High Balance,1,0,1,5353.12,Low Salary,0
15688157,683,Good,Germany,Female,31-40,2,47685.47,Low Balance,2,1,1,86019.48,Medium Salary,0
15579287,581,Fair,France,Male,31-40,4,0,Zero Balance,2,0,1,86383.82,Medium Salary,0
15570931,620,Fair,France,Male,60+,5,0,Zero Balance,1,0,0,31641.52,Low Salary,1
15615177,561,Poor,Spain,Male,21-30,6,123692,High Balance,1,1,1,70548.96,Medium Salary,0
15809906,558,Poor,Germany,Male,21-30,1,148853.29,High Balance,2,1,1,24411.02,Low Salary,0
15652169,642,Fair,France,Male,31-40,2,133161.95,High Balance,1,0,1,122254.86,High Salary,0
15649450,805,Excellent,Germany,Male,21-30,6,143221.35,High Balance,2,1,0,186035.72,Very High salary,0
15777179,687,Good,France,Male,31-40,9,0,Zero Balance,2,0,1,73133.82,Medium Salary,0
15803538,695,Good,Spain,Male,51-60,1,0,Zero Balance,3,1,0,187734.49,Very High salary,1
15610936,562,Poor,France,Male,31-40,6,0,Zero Balance,2,1,0,111590.35,High Salary,0
15590094,613,Fair,Germany,Male,31-40,9,126265.88,High Balance,2,0,0,15859.95,Low Salary,0
15572706,589,Fair,France,Male,31-40,5,0,Zero Balance,1,1,0,61324.87,Medium Salary,0
15634564,593,Fair,Spain,Male,31-40,8,112713.34,High Balance,1,1,1,176868.89,Very High salary,0
15684296,714,Good,France,Male,31-40,5,141173.03,High Balance,1,0,1,98896.06,Medium Salary,0
15702293,588,Fair,Spain,Female,31-40,7,0,Zero Balance,2,1,1,108739.15,High Salary,0
15642099,679,Good,Spain,Male,31-40,6,0,Zero Balance,2,1,0,12266.06,Low Salary,0
15773273,730,Good,Spain,Male,31-40,5,118866.36,High Balance,1,1,1,163317.5,Very High salary,0
15613337,833,Excellent,France,Male,41-50,2,0,Zero Balance,2,1,1,182247.77,Very High salary,0
15800482,586,Fair,Spain,Female,31-40,7,0,Zero Balance,2,1,1,168261.4,Very High salary,0
15732644,567,Poor,Spain,Female,51-60,5,92316.31,Medium Balance,2,1,0,158590.66,Very High salary,1
15713426,637,Fair,Germany,Male,21-30,1,122185.53,High Balance,1,1,0,102566.46,High Salary,1
15640789,711,Good,France,Male,31-40,4,123345.85,High Balance,1,1,0,141827.83,High Salary,0
15598892,828,Excellent,France,Male,21-30,4,73070.18,Medium Balance,2,0,0,161671.15,Very High salary,0
15606436,500,Poor,Spain,Male,31-40,7,0,Zero Balance,2,0,0,192013.23,Very High salary,0
15751227,807,Excellent,France,Male,41-50,1,95120.59,Medium Balance,1,0,0,127875.1,High Salary,0
15812365,850,Excellent,France,Male,31-40,8,102800.65,High Balance,1,1,0,60811.56,Medium Salary,0
15616088,782,Very Good,France,Female,60+,7,97072.42,Medium Balance,1,0,1,131177.22,High Salary,0
15803886,629,Fair,Spain,Male,31-40,6,132876.55,High Balance,1,1,1,130862.11,High Salary,0
15587311,582,Fair,Spain,Male,31-40,6,0,Zero Balance,2,0,1,72970.93,Medium Salary,0
15617401,468,Poor,France,Male,21-30,2,0,Zero Balance,2,1,0,28123.99,Low Salary,0
15775886,670,Good,France,Male,31-40,3,0,Zero Balance,1,1,0,140754.19,High Salary,1
15807305,805,Excellent,France,Male,31-40,2,0,Zero Balance,1,0,0,166650.32,Very High salary,0
15761717,720,Good,France,Male,21-30,10,51962.91,Medium Balance,2,1,0,45507.24,Low Salary,0
15628008,781,Very Good,Spain,Female,21-30,6,98759.89,Medium Balance,1,0,0,112202.64,High Salary,0
15583755,592,Fair,Germany,Male,31-40,2,156570.86,Very High Balance,1,1,1,37140.2,Low Salary,0
15661409,542,Poor,France,Female,41-50,1,0,Zero Balance,1,1,1,178256.58,Very High salary,1
15774250,532,Poor,France,Male,41-50,1,159024.71,Very High Balance,1,1,0,100982.93,High Salary,1
15681476,520,Poor,France,Female,31-40,1,73493.17,Medium Balance,1,0,1,109626.13,High Salary,1
15654870,759,Very Good,France,Female,41-50,8,0,Zero Balance,2,1,1,99251.24,Medium Salary,0
15790448,473,Poor,France,Female,31-40,6,69617.36,Medium Balance,1,1,0,143345.69,High Salary,0
15785326,639,Fair,Spain,Female,31-40,5,136526.26,High Balance,2,1,0,59653.03,Medium Salary,0
15592854,705,Good,France,Male,21-30,3,113736.27,High Balance,1,0,1,196864.61,Very High salary,0
15617486,530,Poor,France,Male,51-60,1,106723.28,High Balance,1,0,0,109960.4,High Salary,1
15806796,516,Poor,Germany,Female,31-40,10,138847.9,High Balance,1,1,1,127256.7,High Salary,0
15644699,850,Excellent,France,Female,31-40,0,0,Zero Balance,2,1,0,1099.95,Low Salary,0
15622305,746,Very Good,Germany,Female,31-40,2,107868.14,High Balance,2,1,1,146192.4,High Salary,0
15608209,622,Fair,Germany,Male,31-40,3,96926.12,Medium Balance,2,1,0,48553.77,Low Salary,0
15626898,743,Very Good,France,Male,21-30,7,77599.23,Medium Balance,1,0,0,144407.1,High Salary,0
15644297,732,Good,Germany,Male,31-40,5,178787.54,Very High Balance,1,1,1,195760.53,Very High salary,0
15731569,850,Excellent,France,Male,60+,5,0,Zero Balance,2,1,1,44827.47,Low Salary,0
15582149,850,Excellent,Germany,Female,31-40,3,129668.43,High Balance,2,1,1,88743.99,Medium Salary,0
15802483,686,Good,France,Male,31-40,6,146178.13,High Balance,2,1,1,88837.11,Medium Salary,0
15686999,556,Poor,France,Female,31-40,8,0,Zero Balance,2,1,0,62112.7,Medium Salary,0
15772479,673,Good,France,Male,31-40,4,0,Zero Balance,2,0,0,163563.07,Very High salary,0
15778884,809,Excellent,France,Female,31-40,2,154763.21,Very High Balance,2,1,1,174800.31,Very High salary,0
15623630,634,Fair,Germany,Female,51-60,3,116251.24,High Balance,1,0,1,42429.88,Low Salary,1
15774316,630,Fair,France,Male,31-40,6,0,Zero Balance,2,1,1,82647.65,Medium Salary,0
15695097,564,Poor,Germany,Female,21-30,0,100954.88,High Balance,2,0,0,134175.15,High Salary,0
15645404,625,Fair,France,Female,51-60,4,124620.01,High Balance,2,1,0,92243.94,Medium Salary,1
15750574,677,Good,Spain,Female,31-40,4,0,Zero Balance,2,1,1,6175.53,Low Salary,0
15636812,583,Fair,France,Male,31-40,9,112701.04,High Balance,1,0,0,29213.63,Low Salary,0
15712068,592,Fair,Spain,Male,41-50,8,84692.5,Medium Balance,1,0,1,67214.02,Medium Salary,0
15652030,637,Fair,Germany,Male,41-50,2,108204.52,High Balance,1,1,0,169037.84,Very High salary,1
15577398,850,Excellent,France,Male,21-30,6,86449.39,Medium Balance,1,1,1,188809.23,Very High salary,0
15756848,633,Fair,Spain,Male,41-50,10,0,Zero Balance,1,0,1,79408.17,Medium Salary,0
15806929,751,Very Good,Germany,Male,31-40,5,73194.99,Medium Balance,1,1,1,89222.66,Medium Salary,0
15656005,592,Fair,Germany,Male,31-40,7,124593.23,High Balance,1,1,0,86079.67,Medium Salary,0
15722632,716,Good,Germany,Male,41-50,2,119655.77,High Balance,1,1,1,12944.17,Low Salary,1
15794356,641,Fair,Germany,Male,41-50,3,121765.37,High Balance,2,1,1,166516.84,Very High salary,0
15659656,849,Excellent,France,Male,31-40,4,110837.73,High Balance,1,0,0,126419.8,High Salary,0
15588341,647,Fair,Spain,Male,41-50,10,99835.17,Medium Balance,1,0,1,89103.05,Medium Salary,0
15709142,608,Fair,Germany,Female,21-30,2,91057.37,Medium Balance,2,1,0,132973.17,High Salary,0
15627042,555,Poor,France,Female,21-30,7,0,Zero Balance,2,1,0,93122.41,Medium Salary,0
15627517,497,Poor,Spain,Male,21-30,7,149400.27,High Balance,1,0,0,167522.19,Very High salary,0
15803032,599,Fair,Germany,Male,31-40,9,89111.63,Medium Balance,1,0,0,157239.6,Very High salary,0
15665129,545,Poor,Germany,Male,31-40,1,132527.9,High Balance,2,0,1,107429.71,High Salary,0
15628272,774,Very Good,France,Female,31-40,9,114997.42,High Balance,1,1,0,75304.09,Medium Salary,0
15678206,464,Poor,France,Male,41-50,6,161798.53,Very High Balance,1,1,0,182944.47,Very High salary,0
15678427,696,Good,Germany,Female,21-30,2,96129.32,Medium Balance,2,1,1,5983.7,Low Salary,0
15678067,667,Fair,Spain,Male,41-50,3,0,Zero Balance,2,0,0,163655.01,Very High salary,0
15793331,812,Excellent,France,Male,31-40,5,133050.97,High Balance,2,1,0,89385.92,Medium Salary,0
15699532,516,Poor,France,Male,51-60,8,120124.35,High Balance,2,0,1,168773.54,Very High salary,0
15605827,645,Fair,France,Male,31-40,8,0,Zero Balance,2,0,0,96864.36,Medium Salary,0
15643635,664,Fair,Spain,Male,31-40,5,133705.74,High Balance,1,0,0,134455.84,High Salary,0
15787710,427,Poor,Spain,Female,31-40,9,0,Zero Balance,2,1,0,28368.37,Low Salary,0
15614137,685,Good,France,Female,31-40,7,0,Zero Balance,2,1,0,103898.59,High Salary,0
15754494,585,Fair,France,Female,31-40,4,152805.05,Very High Balance,1,1,0,63239.65,Medium Salary,0
15713440,519,Poor,Germany,Female,21-30,1,151701.45,Very High Balance,3,1,1,170138.68,Very High salary,1
15803479,708,Good,France,Female,60+,1,0,Zero Balance,2,0,1,3837.08,Low Salary,0
15709639,717,Good,France,Female,21-30,5,112465.06,High Balance,1,1,1,92977.75,Medium Salary,0
15601719,465,Poor,Germany,Male,21-30,6,156007.09,Very High Balance,1,1,0,191368.37,Very High salary,0
15772482,829,Excellent,Germany,Male,21-30,3,132405.52,High Balance,3,1,0,104889.2,High Salary,1
15591489,826,Excellent,France,Male,21-30,5,142662.68,High Balance,1,0,0,60285.3,Medium Salary,0
15629002,747,Very Good,Germany,Male,31-40,8,102603.3,High Balance,2,1,1,180693.61,Very High salary,0
15798053,707,Good,Spain,Male,31-40,9,0,Zero Balance,2,1,0,126475.79,High Salary,0
15753895,590,Fair,Spain,Male,31-40,1,0,Zero Balance,2,0,0,133535.99,High Salary,0
15595426,603,Fair,Spain,Male,51-60,6,105000.85,High Balance,2,1,1,87412.24,Medium Salary,1
15645815,615,Fair,France,Male,41-50,5,0,Zero Balance,2,1,1,164886.64,Very High salary,0
15632848,634,Fair,France,Female,31-40,1,69518.95,Medium Balance,1,1,0,116238.39,High Salary,0
15703068,716,Good,Germany,Male,41-50,8,126145.54,High Balance,2,1,1,138051.19,High Salary,0
15791513,647,Fair,France,Male,41-50,4,138937.35,High Balance,1,1,1,101617.64,High Salary,1
15587210,591,Fair,Germany,Female,41-50,10,113581.98,High Balance,1,1,0,1985.41,Low Salary,0
15793803,574,Poor,France,Male,31-40,1,112572.39,High Balance,1,0,0,165626.6,Very High salary,0
15787756,467,Poor,Germany,Male,51-60,10,114514.71,High Balance,2,1,0,177784.68,Very High salary,1
15723437,701,Good,France,Female,31-40,2,0,Zero Balance,2,1,1,65765.22,Medium Salary,0
15702715,747,Very Good,France,Female,31-40,10,0,Zero Balance,2,1,1,50759.8,Medium Salary,0
15809872,650,Fair,France,Male,31-40,2,84906.45,Medium Balance,1,1,0,163216.48,Very High salary,0
15644295,731,Good,Spain,Female,31-40,2,126816.18,High Balance,1,1,1,74850.93,Medium Salary,0
15778694,638,Fair,Germany,Female,21-30,1,105249.76,High Balance,2,1,1,23491.09,Low Salary,0
15759555,569,Poor,Spain,Male,41-50,2,0,Zero Balance,2,1,0,134272.57,High Salary,0
15631406,459,Poor,Germany,Male,41-50,5,109387.9,High Balance,1,1,0,155721.15,Very High salary,0
15616676,632,Fair,Germany,Male,21-30,3,122478.51,High Balance,1,1,0,147230.77,High Salary,1
15771154,683,Good,France,Female,60+,8,137732.23,High Balance,2,1,1,133210.44,High Salary,0
15669491,850,Excellent,France,Female,41-50,2,157866.77,Very High Balance,1,1,1,18986.12,Low Salary,0
15697691,512,Poor,France,Female,41-50,6,0,Zero Balance,1,1,1,100507.81,High Salary,0
15665180,616,Fair,France,Female,31-40,3,136789.14,High Balance,1,1,0,59346.4,Medium Salary,1
15752588,664,Fair,France,Male,31-40,1,0,Zero Balance,2,1,1,95372.64,Medium Salary,0
15743051,694,Good,France,Male,21-30,10,144684.03,High Balance,1,1,1,31805.49,Low Salary,0
15571873,655,Fair,France,Male,21-30,9,107065.31,High Balance,1,1,1,51959.82,Medium Salary,0
15679743,607,Fair,France,Female,31-40,8,91301.72,Medium Balance,1,0,1,130824.57,High Salary,0
15769412,684,Good,Spain,Male,31-40,4,207034.96,Very High Balance,2,0,0,157694.76,Very High salary,1
15775124,763,Very Good,Spain,Male,31-40,8,0,Zero Balance,2,1,1,933.38,Low Salary,0
15732113,671,Good,Spain,Male,41-50,8,0,Zero Balance,1,0,1,2560.11,Low Salary,0
15578141,592,Fair,Spain,Male,31-40,3,0,Zero Balance,1,1,1,12905.89,Low Salary,1
15595874,666,Fair,Spain,Female,31-40,6,0,Zero Balance,2,1,0,176692.87,Very High salary,0
15755642,667,Fair,France,Male,31-40,5,0,Zero Balance,2,1,1,102908.63,High Salary,0
15576526,850,Excellent,Spain,Male,31-40,6,0,Zero Balance,2,0,1,41291.05,Low Salary,0
15792489,622,Fair,Spain,Male,41-50,9,0,Zero Balance,2,1,0,119127.06,High Salary,0
15733705,577,Poor,France,Female,21-30,8,92472.1,Medium Balance,2,0,1,126434.61,High Salary,0
15807221,555,Poor,Spain,Male,21-30,1,0,Zero Balance,2,0,0,103901.35,High Salary,0
15573045,547,Poor,France,Male,60+,10,127738.75,High Balance,2,1,1,85153,Medium Salary,0
15756824,613,Fair,Germany,Female,41-50,5,101242.98,High Balance,2,1,0,12493.61,Low Salary,0
15773520,672,Good,France,Female,41-50,4,92599.55,Medium Balance,2,1,1,167336.78,Very High salary,0
15627439,624,Fair,Spain,Female,31-40,10,0,Zero Balance,2,0,1,186180.42,Very High salary,0
15701439,698,Good,Spain,Female,41-50,1,0,Zero Balance,4,1,0,88566.9,Medium Salary,1
15785352,606,Fair,France,Male,31-40,6,82373.94,Medium Balance,1,0,0,172526.9,Very High salary,1
15616525,720,Good,Spain,Male,31-40,4,141356.47,High Balance,1,0,0,137985.69,High Salary,0
15717489,835,Excellent,France,Male,21-30,9,0,Zero Balance,1,1,0,19793.73,Low Salary,1
15795737,771,Very Good,Spain,Female,41-50,3,72664,Medium Balance,2,1,1,107874.39,High Salary,0
15693877,811,Excellent,France,Female,41-50,3,123365.34,High Balance,2,0,0,171995.34,Very High salary,0
15576111,734,Good,Germany,Male,31-40,5,121898.58,High Balance,1,1,0,61829.89,Medium Salary,0
15595713,548,Poor,Spain,Male,31-40,6,0,Zero Balance,1,1,1,31728.35,Low Salary,0
15808868,652,Fair,France,Female,31-40,3,103696.97,High Balance,3,0,0,155221.05,Very High salary,1
15708193,707,Good,France,Male,31-40,2,0,Zero Balance,2,0,0,130866.95,High Salary,0
15697801,605,Fair,Germany,Female,51-60,1,74129.18,Medium Balance,2,1,1,62199.78,Medium Salary,1
15770121,623,Fair,France,Female,31-40,9,0,Zero Balance,1,1,0,24255.21,Low Salary,0
15800524,686,Good,Germany,Male,21-30,3,185379.02,Very High Balance,1,1,0,64679.07,Medium Salary,0
15686236,525,Poor,Germany,Female,41-50,1,118087.68,High Balance,1,1,0,88120.78,Medium Salary,1
15659807,657,Fair,Spain,Male,41-50,8,109402.13,High Balance,1,1,1,66463.62,Medium Salary,0
15736078,730,Good,Germany,Female,31-40,7,130367.87,High Balance,1,1,0,15142.1,Low Salary,1
15620836,816,Excellent,Germany,Female,31-40,2,108410.87,High Balance,2,1,0,102908.91,High Salary,0
15698184,484,Poor,France,Female,41-50,2,90408.16,Medium Balance,2,0,0,48170.57,Low Salary,0
15717643,728,Good,France,Female,31-40,6,90425.15,Medium Balance,2,1,1,11597.69,Low Salary,0
15776596,730,Good,Spain,Female,31-40,6,140094.59,High Balance,1,1,0,172450.04,Very High salary,1
15814757,477,Poor,Spain,Male,31-40,9,0,Zero Balance,2,0,1,184061.17,Very High salary,0
15812607,663,Fair,Germany,Female,41-50,6,95439.4,Medium Balance,1,1,1,21038.58,Low Salary,1
15663888,549,Poor,Germany,Male,31-40,6,204017.4,Very High Balance,2,1,0,109538.35,High Salary,0
15748882,714,Good,Spain,Male,21-30,9,0,Zero Balance,2,1,0,129192.55,High Salary,0
15690829,430,Poor,Germany,Male,41-50,3,137115.16,High Balance,1,1,0,146516.86,High Salary,1
15695819,504,Poor,Germany,Male,41-50,5,134740.19,High Balance,2,1,0,181430.91,Very High salary,0
15696834,530,Poor,France,Female,21-30,5,0,Zero Balance,2,0,0,121451.21,High Salary,0
15797710,619,Fair,Germany,Male,21-30,4,98955.87,Medium Balance,1,0,1,131712.51,High Salary,0
15700654,617,Fair,Germany,Male,41-50,9,49157.09,Low Balance,2,1,0,53294.17,Medium Salary,0
15583764,791,Very Good,Germany,Male,31-40,1,130240.33,High Balance,1,0,0,96546.55,Medium Salary,0
15688849,609,Fair,France,Male,41-50,1,108019.27,High Balance,3,1,1,184524.65,Very High salary,1
15661473,780,Very Good,Germany,Male,51-60,4,126725.25,High Balance,1,1,0,195259.31,Very High salary,1
15601030,777,Very Good,Germany,Female,31-40,5,96693.66,Medium Balance,1,1,1,172618.52,Very High salary,0
15789557,817,Excellent,Germany,Female,21-30,7,129810.6,High Balance,1,1,1,59259.44,Medium Salary,0
15745250,850,Excellent,France,Male,51-60,8,156652.13,Very High Balance,1,0,0,25899.21,Low Salary,1
15590349,732,Good,France,Female,31-40,9,0,Zero Balance,1,0,0,3749,Low Salary,1
15741693,693,Good,France,Male,31-40,4,130661.96,High Balance,1,1,1,101918.96,High Salary,0
15618446,576,Poor,France,Female,41-50,8,0,Zero Balance,2,1,1,57802.62,Medium Salary,0
15766552,643,Fair,France,Male,31-40,6,0,Zero Balance,2,0,0,142454.77,High Salary,0
15668775,757,Very Good,France,Male,41-50,3,130747.1,High Balance,1,1,0,143829.54,High Salary,0
15757895,569,Poor,Germany,Male,21-30,6,106629.49,High Balance,1,0,1,44114.88,Low Salary,0
15774551,772,Very Good,Spain,Male,31-40,3,112029.83,High Balance,1,1,1,186948.35,Very High salary,0
15684011,576,Poor,Germany,Male,21-30,7,130575.26,High Balance,1,0,1,173629.78,Very High salary,0
15736146,608,Fair,Germany,Male,21-30,4,96679.71,Medium Balance,1,1,1,49133.45,Low Salary,0
15656286,794,Very Good,France,Male,31-40,0,0,Zero Balance,2,0,0,178122.71,Very High salary,0
15774847,593,Fair,France,Male,41-50,6,171740.69,Very High Balance,1,0,0,20893.61,Low Salary,0
15619340,597,Fair,Spain,Male,31-40,1,0,Zero Balance,2,1,0,41303.29,Low Salary,0
15815656,541,Poor,Germany,Female,31-40,9,100116.67,High Balance,1,1,1,199808.1,Very High salary,1
15623357,692,Good,Germany,Male,21-30,2,120596.93,High Balance,1,0,1,180490.53,Very High salary,0
15601324,697,Good,France,Female,41-50,1,0,Zero Balance,2,1,1,87400.53,Medium Salary,0
15715510,768,Very Good,France,Male,21-30,2,95984.69,Medium Balance,2,1,1,73686.75,Medium Salary,0
15663770,802,Excellent,France,Male,31-40,1,142557.11,High Balance,1,1,1,172497.73,Very High salary,0
15779267,584,Fair,France,Male,41-50,5,0,Zero Balance,2,1,0,89286.29,Medium Salary,0
15597957,614,Fair,Spain,Male,60+,2,0,Zero Balance,2,0,1,180082.7,Very High salary,0
15584620,850,Excellent,Germany,Female,31-40,6,143644.16,High Balance,1,1,0,22102.25,Low Salary,1
15750772,671,Good,France,Female,31-40,6,132129.72,High Balance,1,0,1,76068.95,Medium Salary,0
15706557,626,Fair,France,Female,51-60,0,0,Zero Balance,2,1,0,32159.46,Low Salary,1
15594391,770,Very Good,France,Female,60+,2,183555.24,Very High Balance,1,0,0,159557.28,Very High salary,1
15661656,633,Fair,France,Male,31-40,2,91902.56,Medium Balance,2,1,1,107673.35,High Salary,0
15631217,663,Fair,France,Male,31-40,6,156218.19,Very High Balance,1,0,1,33607.72,Low Salary,0
15588955,581,Fair,Germany,Female,41-50,5,93259.57,Medium Balance,3,1,0,141035.65,High Salary,1
15758252,561,Poor,Germany,Female,41-50,2,168085.38,Very High Balance,2,0,1,115719.08,High Salary,0
15740223,479,Poor,Germany,Male,51-60,1,107714.74,High Balance,3,1,0,86128.21,Medium Salary,1
15805413,769,Very Good,France,Female,31-40,6,117852.26,High Balance,2,1,0,147668.64,High Salary,0
15635116,659,Fair,Spain,Male,51-60,2,0,Zero Balance,1,1,0,177480.45,Very High salary,1
15764892,590,Fair,Spain,Female,51-60,10,84474.62,Medium Balance,2,1,1,190937.09,Very High salary,0
15795936,560,Poor,France,Male,41-50,3,0,Zero Balance,2,1,0,84531.79,Medium Salary,0
15655232,437,Poor,Germany,Male,31-40,6,126803.34,High Balance,2,1,1,161133.4,Very High salary,0
15640133,661,Fair,France,Female,31-40,0,0,Zero Balance,2,1,0,185555.63,Very High salary,0
15751524,677,Good,Germany,Female,31-40,10,68806.84,Medium Balance,1,1,0,33075.24,Low Salary,0
15670552,560,Poor,France,Female,31-40,3,115141.18,High Balance,1,1,0,39806.75,Low Salary,0
15623966,578,Poor,France,Female,31-40,2,0,Zero Balance,2,0,1,26389.92,Low Salary,0
15752193,421,Poor,Spain,Male,31-40,6,90723.36,Medium Balance,1,1,1,12162.76,Low Salary,0
15607269,492,Poor,Germany,Female,41-50,2,151249.45,Very High Balance,2,1,1,167237.94,Very High salary,0
15700752,545,Poor,France,Female,31-40,6,0,Zero Balance,2,1,1,52067.37,Medium Salary,0
15777901,640,Fair,Germany,Female,41-50,9,94752.49,Medium Balance,1,1,0,184006.36,Very High salary,1
15639117,624,Fair,Spain,Female,31-40,6,0,Zero Balance,1,1,0,582.59,Low Salary,1
15720203,577,Poor,Spain,Male,21-30,7,0,Zero Balance,1,1,0,143274.41,High Salary,0
15586236,704,Good,France,Male,31-40,5,132084.66,High Balance,3,1,1,54474.48,Medium Salary,1
15676645,523,Poor,France,Male,41-50,5,0,Zero Balance,2,1,1,121428.2,High Salary,0
15715988,793,Very Good,France,Male,31-40,2,0,Zero Balance,2,1,1,79704.12,Medium Salary,0
15603749,564,Poor,France,Female,51-60,2,45472.28,Low Balance,1,1,1,41055.71,Low Salary,1
15608956,711,Good,France,Male,31-40,1,0,Zero Balance,1,0,0,41590.4,Low Salary,0
15733872,791,Very Good,Germany,Female,31-40,10,130229.71,High Balance,2,0,0,54019.93,Medium Salary,1
15666982,629,Fair,Germany,Female,31-40,9,123948.85,High Balance,1,1,0,76053.07,Medium Salary,0
15602647,729,Good,Germany,Male,31-40,6,127415.85,High Balance,1,1,1,184977.2,Very High salary,1
15623063,651,Fair,Germany,Male,31-40,8,110067.71,High Balance,1,1,0,127678.95,High Salary,1
15682928,695,Good,Spain,Male,31-40,4,65521.2,Medium Balance,1,1,1,1243.97,Low Salary,0
15729246,847,Excellent,Spain,Male,31-40,5,0,Zero Balance,2,1,1,76326.67,Medium Salary,0
15588928,704,Good,France,Male,41-50,5,0,Zero Balance,2,1,1,145338.61,High Salary,0
15803352,613,Fair,Germany,Male,31-40,3,155736.42,Very High Balance,2,1,1,57751.21,Medium Salary,0
15607485,692,Good,Spain,Female,21-30,4,0,Zero Balance,2,0,0,138880.24,High Salary,0
15656249,720,Good,France,Female,31-40,3,118307.57,High Balance,2,1,1,136120.29,High Salary,0
15761783,577,Poor,France,Male,41-50,6,0,Zero Balance,1,1,1,167621.18,Very High salary,0
15716605,710,Good,Germany,Female,21-30,7,103099.17,High Balance,2,1,0,173276.62,Very High salary,0
15757425,716,Good,France,Female,31-40,1,0,Zero Balance,2,1,1,99661.46,Medium Salary,0
15603096,410,Poor,France,Male,31-40,6,125789.69,High Balance,1,0,0,66333.56,Medium Salary,1
15588580,584,Fair,Germany,Female,31-40,4,109646.83,High Balance,1,1,1,70240.79,Medium Salary,0
15770539,792,Very Good,France,Male,21-30,1,127187.86,High Balance,1,1,1,113553.42,High Salary,0
15572022,605,Fair,France,Female,31-40,6,0,Zero Balance,1,0,1,690.84,Low Salary,0
15571843,486,Poor,Spain,Male,21-30,1,0,Zero Balance,1,1,0,98802.76,Medium Salary,0
15752502,615,Fair,France,Male,41-50,4,130385.82,High Balance,1,0,1,130661.95,High Salary,0
15609058,676,Good,France,Male,21-30,1,107787.47,High Balance,1,0,1,116378.82,High Salary,0
15775108,571,Poor,France,Male,31-40,1,99325.04,Medium Balance,2,0,1,186052.15,Very High salary,0
15708904,850,Excellent,France,Female,31-40,9,0,Zero Balance,1,0,0,100101.06,High Salary,0
15600086,717,Good,France,Male,41-50,7,123764.95,High Balance,1,1,1,169952.82,Very High salary,0
15814675,642,Fair,Germany,Female,31-40,8,128264.03,High Balance,1,1,0,61792.76,Medium Salary,1
15572777,780,Very Good,Spain,Male,41-50,7,86006.21,Medium Balance,1,1,1,37973.13,Low Salary,0
15585106,492,Poor,Germany,Female,31-40,8,57068.43,Medium Balance,2,1,0,188974.81,Very High salary,0
15738936,760,Very Good,Germany,Male,21-30,5,103607.24,High Balance,2,0,1,86334.64,Medium Salary,0
15750970,500,Poor,Spain,Male,31-40,1,99004.24,Medium Balance,1,1,1,152845.99,Very High salary,0
15725772,654,Fair,Spain,Female,31-40,2,0,Zero Balance,2,1,1,146652.11,High Salary,0
15692106,606,Fair,Spain,Female,21-30,3,147386.72,High Balance,3,1,0,45482.04,Low Salary,1
15791533,367,Poor,Spain,Male,41-50,6,93608.28,Medium Balance,1,1,0,168816.73,Very High salary,1
15715715,799,Very Good,Spain,Male,31-40,2,0,Zero Balance,2,1,1,59297.34,Medium Salary,0
15785576,434,Poor,Germany,Male,60+,9,119496.87,High Balance,1,1,0,125848.88,High Salary,0
15798834,719,Good,Spain,Female,31-40,7,0,Zero Balance,1,0,0,76264.27,Medium Salary,0
15744127,641,Fair,France,Female,31-40,2,0,Zero Balance,2,1,0,3939.87,Low Salary,0
15637427,461,Poor,Spain,Female,21-30,6,0,Zero Balance,2,1,1,15306.29,Low Salary,0
15576990,790,Very Good,Germany,Female,21-30,5,152885.77,Very High Balance,1,1,0,58214.79,Medium Salary,0
15615352,588,Fair,France,Male,31-40,4,99607.37,Medium Balance,2,0,1,35877.03,Low Salary,0
15647333,621,Fair,France,Male,21-30,4,137003.68,High Balance,1,1,0,21254.06,Low Salary,0
15572050,768,Very Good,Germany,Male,41-50,3,122831.58,High Balance,1,1,1,24533.89,Low Salary,1
15581370,681,Good,Spain,Male,31-40,2,99811.44,Medium Balance,2,1,0,23531.5,Low Salary,0
15813503,606,Fair,Spain,Male,31-40,8,154712.58,Very High Balance,2,1,0,89099.18,Medium Salary,0
15769783,542,Poor,Spain,Male,31-40,8,0,Zero Balance,1,1,1,807.06,Low Salary,0
15793135,713,Good,Germany,Female,21-30,7,147687.24,High Balance,1,1,1,121592.5,High Salary,0
15599182,597,Fair,Spain,Female,31-40,2,0,Zero Balance,2,1,1,4700.66,Low Salary,0
15689517,635,Fair,France,Male,21-30,3,127009.83,High Balance,1,1,0,161909.95,Very High salary,0
15641366,599,Fair,Germany,Male,60+,1,124737.96,High Balance,1,0,1,90389.61,Medium Salary,1
15588859,496,Poor,Spain,Female,41-50,0,179356.28,Very High Balance,2,1,0,2919.21,Low Salary,1
15732293,759,Very Good,Spain,Male,31-40,8,0,Zero Balance,2,1,1,99086.74,Medium Salary,0
15568032,757,Very Good,Germany,Male,31-40,1,127320.36,High Balance,3,1,0,163170.32,Very High salary,0
15623525,564,Poor,Spain,Male,31-40,0,125175.58,High Balance,1,1,1,72757.33,Medium Salary,0
15606601,561,Poor,France,Female,21-30,6,186788.96,Very High Balance,2,1,0,73286.8,Medium Salary,0
15800811,702,Good,France,Male,31-40,3,148556.74,High Balance,1,0,1,146056.29,High Salary,0
15610711,678,Good,Germany,Female,31-40,8,128644.46,High Balance,1,0,0,167673.37,Very High salary,0
15809654,707,Good,France,Female,41-50,7,127476.73,High Balance,2,1,1,146011.55,High Salary,0
15576077,610,Fair,France,Female,21-30,9,159561.93,Very High Balance,1,0,1,103381.47,High Salary,0
15643378,744,Very Good,France,Male,41-50,1,112419.92,High Balance,1,1,1,83022.92,Medium Salary,0
15566790,598,Fair,France,Male,21-30,8,129991.76,High Balance,2,0,1,46041.08,Low Salary,0
15774402,562,Poor,Spain,Male,31-40,5,0,Zero Balance,1,0,1,182843.24,Very High salary,0
15694641,621,Fair,Spain,Female,51-60,2,0,Zero Balance,2,1,1,171364.18,Very High salary,0
15605916,659,Fair,France,Female,41-50,3,0,Zero Balance,1,1,0,183399.12,Very High salary,1
15812356,722,Good,Germany,Female,31-40,6,89175.06,Medium Balance,2,0,1,152883.95,Very High salary,0
15644179,606,Fair,France,Female,31-40,3,0,Zero Balance,2,1,0,50560.45,Medium Salary,1
15771674,603,Fair,Spain,Female,31-40,5,162390.52,Very High Balance,2,1,0,54702.66,Medium Salary,0
15623314,506,Poor,Germany,Female,51-60,3,190353.08,Very High Balance,1,1,0,78365.75,Medium Salary,0
15613292,715,Good,France,Male,21-30,8,0,Zero Balance,2,1,0,68666.63,Medium Salary,0
15813871,690,Good,France,Male,41-50,2,0,Zero Balance,2,1,0,151375.73,Very High salary,0
15759480,644,Fair,France,Female,31-40,10,139180.97,High Balance,1,1,1,19959.67,Low Salary,0
15587712,589,Fair,France,Male,31-40,8,114435.47,High Balance,1,1,0,26955.72,Low Salary,0
15671165,592,Fair,France,Female,60+,5,149950.19,High Balance,1,1,1,76267.59,Medium Salary,0
15620746,632,Fair,France,Male,41-50,4,126115.6,High Balance,1,1,0,100998.5,High Salary,0
15706537,577,Poor,Germany,Female,51-60,7,111396.97,High Balance,1,0,1,191070.01,Very High salary,0
15589312,588,Fair,France,Male,21-30,3,115007.08,High Balance,1,0,0,176858.5,Very High salary,0
15741180,617,Fair,France,Male,51-60,6,102141.9,High Balance,1,1,1,45325.26,Low Salary,0
15733888,668,Fair,Spain,Female,31-40,3,133686.52,High Balance,1,1,0,190958.48,Very High salary,1
15798532,810,Excellent,France,Male,31-40,9,120879.73,High Balance,2,0,1,78896.59,Medium Salary,0
15577359,767,Very Good,Spain,Male,41-50,5,0,Zero Balance,1,1,0,121964.46,High Salary,1
15614936,718,Good,Spain,Female,41-50,10,82321.88,Medium Balance,1,0,1,11144.4,Low Salary,0
15747647,589,Fair,Spain,Female,21-30,4,0,Zero Balance,2,1,0,144181.48,High Salary,0
15588566,778,Very Good,Spain,Male,31-40,5,116474.28,High Balance,2,1,1,32757.55,Low Salary,0
15570141,724,Good,France,Female,31-40,3,132352.69,High Balance,1,1,0,80320.3,Medium Salary,0
15800793,477,Poor,Germany,Female,31-40,4,182491.57,Very High Balance,1,1,0,185830.72,Very High salary,0
15572415,580,Fair,France,Male,31-40,6,0,Zero Balance,2,1,1,160095.31,Very High salary,0
15635125,566,Poor,Spain,Male,60+,2,120787.18,High Balance,2,1,1,52198.84,Medium Salary,0
15636551,711,Good,France,Female,21-30,3,130181.47,High Balance,2,1,0,31811.44,Low Salary,0
15600912,706,Good,Germany,Male,31-40,5,88348.43,Medium Balance,2,1,1,104181.78,High Salary,0
15768476,703,Good,Spain,Male,31-40,6,0,Zero Balance,2,1,1,67667.19,Medium Salary,0
15650266,679,Good,Germany,Male,31-40,2,146186.28,High Balance,2,1,1,193974.47,Very High salary,0
15621004,603,Fair,France,Male,31-40,7,0,Zero Balance,1,1,0,198055.94,Very High salary,1
15748352,598,Fair,Spain,Male,31-40,0,104488.17,High Balance,1,0,1,43249.67,Low Salary,0
15788920,836,Excellent,Germany,Female,31-40,4,109196.67,High Balance,2,1,0,55218.02,Medium Salary,0
15743236,687,Good,France,Female,60+,7,80538.56,Medium Balance,1,1,0,131305.37,High Salary,1
15637717,704,Good,Germany,Male,41-50,4,109026.8,High Balance,2,1,1,43117.1,Low Salary,0
15635500,605,Fair,Germany,Male,60+,2,61319.63,Medium Balance,1,0,1,186655.11,Very High salary,0
15634792,516,Poor,France,Female,31-40,9,0,Zero Balance,2,0,1,33266.29,Low Salary,0
15607560,572,Poor,France,Female,31-40,2,0,Zero Balance,2,1,1,555.28,Low Salary,0
15727177,557,Poor,France,Male,41-50,6,177822.03,Very High Balance,1,1,0,150944.31,Very High salary,1
15774358,443,Poor,Germany,Male,51-60,4,110939.3,High Balance,1,1,0,72846.58,Medium Salary,1
15791304,604,Fair,Germany,Male,21-30,7,165413.43,Very High Balance,1,1,1,35279.74,Low Salary,0
15603328,483,Poor,France,Male,21-30,1,77805.66,Medium Balance,1,1,1,2101.89,Low Salary,0
15804937,702,Good,France,Male,41-50,3,0,Zero Balance,2,0,0,94949.84,Medium Salary,0
15804142,670,Good,Spain,Female,51-60,3,175575.95,Very High Balance,2,1,0,99061.75,Medium Salary,1
15608845,804,Excellent,Spain,Female,31-40,3,124197.22,High Balance,1,1,0,74692.06,Medium Salary,0
15702434,850,Excellent,France,Female,21-30,3,0,Zero Balance,2,1,0,116692.8,High Salary,0
15632609,554,Poor,France,Female,31-40,10,160132.75,Very High Balance,1,1,0,32824.15,Low Salary,0
15603550,588,Fair,Germany,Female,31-40,7,70258.88,Medium Balance,2,1,0,139607.61,High Salary,0
15755239,758,Very Good,Germany,Male,31-40,4,162657.64,Very High Balance,2,1,1,115525.13,High Salary,0
15670528,787,Very Good,Germany,Male,41-50,0,132217.45,High Balance,1,1,0,20955.03,Low Salary,1
15732704,582,Fair,Spain,Male,21-30,9,148042.97,High Balance,2,1,0,52341.15,Medium Salary,0
15589019,633,Fair,Spain,Female,31-40,4,92855.02,Medium Balance,1,1,1,159813.18,Very High salary,0
15677796,766,Very Good,Germany,Male,41-50,9,129289.98,High Balance,1,1,0,169935.46,Very High salary,1
15760177,564,Poor,Spain,Male,31-40,9,100252.18,High Balance,1,1,1,146033.52,High Salary,0
15636595,602,Fair,Spain,Male,31-40,3,107592.89,High Balance,2,0,1,153122.73,Very High salary,0
15737275,649,Fair,France,Male,31-40,3,113096.41,High Balance,1,1,1,60335.24,Medium Salary,0
15672905,679,Good,Spain,Female,31-40,7,0,Zero Balance,2,1,1,163757.29,Very High salary,0
15753955,639,Fair,Spain,Male,31-40,7,149940.04,High Balance,2,0,0,156648.81,Very High salary,0
15708504,790,Very Good,Germany,Male,41-50,8,121438.58,High Balance,1,1,1,176471.78,Very High salary,1
15592451,565,Poor,France,Male,31-40,9,0,Zero Balance,2,1,0,5388.3,Low Salary,0
15790455,478,Poor,France,Female,41-50,2,0,Zero Balance,1,0,1,93332.64,Medium Salary,1
15572174,825,Excellent,France,Male,21-30,3,148874.01,High Balance,2,0,1,71192.82,Medium Salary,0
15656330,528,Poor,Spain,Female,31-40,0,68138.37,Medium Balance,1,1,1,170309.19,Very High salary,0
15569626,577,Poor,Spain,Male,31-40,5,110080.3,High Balance,1,1,1,109794.31,High Salary,0
15608726,663,Fair,France,Male,21-30,7,0,Zero Balance,2,1,1,166310.82,Very High salary,0
15637366,505,Poor,Germany,Female,21-30,5,114268.85,High Balance,2,1,1,126728.27,High Salary,0
15778049,633,Fair,Germany,Male,21-30,6,117412.35,High Balance,1,0,0,30338.94,Low Salary,0
15727421,586,Fair,France,Female,31-40,6,0,Zero Balance,2,1,1,37935.83,Low Salary,0
15688865,850,Excellent,France,Female,31-40,9,0,Zero Balance,2,0,0,25329.48,Low Salary,0
15751032,629,Fair,Germany,Female,31-40,1,35549.81,Low Balance,2,0,0,49676.33,Low Salary,0
15734737,744,Very Good,France,Male,51-60,9,0,Zero Balance,2,1,1,169498.61,Very High salary,0
15746515,750,Very Good,France,Male,31-40,7,136492.92,High Balance,3,1,1,26500.29,Low Salary,1
15664311,637,Fair,Germany,Male,21-30,3,123675.69,High Balance,1,1,1,166458.41,Very High salary,0
15708139,575,Poor,France,Female,31-40,1,139532.34,High Balance,1,1,0,181294.39,Very High salary,0
15768574,671,Good,Spain,Male,51-60,1,178713.98,Very High Balance,1,1,1,21768.21,Low Salary,0
15738018,571,Poor,France,Male,31-40,5,0,Zero Balance,2,0,0,72849.29,Medium Salary,0
15699753,590,Fair,France,Male,41-50,1,89086.31,Medium Balance,1,1,0,24499.97,Low Salary,0
15703199,619,Fair,Spain,Male,31-40,3,96143.47,Medium Balance,1,0,0,98994.92,Medium Salary,0
15627830,640,Fair,Germany,Female,21-30,5,32197.64,Low Balance,1,0,1,141446.01,High Salary,0
15570855,670,Good,France,Male,31-40,7,0,Zero Balance,2,1,1,77864.41,Medium Salary,0
15772503,737,Good,France,Female,31-40,4,0,Zero Balance,2,1,0,115115.32,High Salary,0
15584453,555,Poor,Spain,Male,31-40,10,0,Zero Balance,2,0,1,168605.96,Very High salary,0
15710111,742,Very Good,France,Male,31-40,6,0,Zero Balance,2,0,0,38550.4,Low Salary,0
15618562,618,Fair,Germany,Female,31-40,0,140306.38,High Balance,1,1,0,160618.61,Very High salary,1
15706764,560,Poor,France,Female,31-40,1,0,Zero Balance,2,1,0,3701.63,Low Salary,0
15798737,654,Fair,France,Male,31-40,8,0,Zero Balance,2,1,0,88659.44,Medium Salary,0
15712608,787,Very Good,Germany,Female,41-50,2,74483.97,Medium Balance,2,0,1,44273.91,Low Salary,0
15636736,611,Fair,France,Female,51-60,7,0,Zero Balance,2,0,1,156495.39,Very High salary,1
15703544,559,Poor,Spain,Male,31-40,0,0,Zero Balance,1,1,0,182988.94,Very High salary,0
15815645,481,Poor,France,Male,31-40,8,152303.66,Very High Balance,2,1,1,175082.2,Very High salary,0
15705739,753,Very Good,Germany,Male,31-40,5,159904.79,Very High Balance,1,1,0,148811.14,High Salary,0
15709643,675,Good,France,Male,31-40,1,0,Zero Balance,3,1,0,85901.09,Medium Salary,0
15669805,748,Very Good,Germany,Female,31-40,1,99557.94,Medium Balance,1,1,0,199255.32,Very High salary,0
15737489,610,Fair,Spain,Female,41-50,5,116886.59,High Balance,1,0,0,107973.44,High Salary,0
15775131,580,Fair,Spain,Male,31-40,9,142188.2,High Balance,2,0,1,128028.6,High Salary,0
15765283,624,Fair,Germany,Female,31-40,3,149961.99,High Balance,2,1,0,104610.86,High Salary,0
15628715,709,Good,France,Female,31-40,8,0,Zero Balance,2,1,1,69676.55,Medium Salary,0
15813283,605,Fair,France,Female,31-40,2,0,Zero Balance,1,0,0,35982.42,Low Salary,0
15745716,706,Good,Spain,Male,51-60,7,0,Zero Balance,2,0,1,117939.17,High Salary,0
15598485,567,Poor,Spain,Male,31-40,8,28649.64,Low Balance,1,1,1,95140.62,Medium Salary,0
15696552,747,Very Good,France,Female,21-30,4,81025.6,Medium Balance,2,1,0,167682.57,Very High salary,0
15754569,664,Fair,France,Male,51-60,1,0,Zero Balance,2,1,1,56562.57,Medium Salary,0
15701741,711,Good,France,Female,31-40,3,152462.79,Very High Balance,1,1,0,90305.97,Medium Salary,0
15572631,609,Fair,France,Male,21-30,10,0,Zero Balance,1,0,1,109895.16,High Salary,0
15636069,632,Fair,Spain,Male,21-30,7,155519.59,Very High Balance,1,1,0,1843.24,Low Salary,0
15682467,725,Good,France,Female,31-40,1,118851.05,High Balance,1,1,1,102747.02,High Salary,0
15790744,850,Excellent,France,Female,31-40,9,92899.27,Medium Balance,2,1,0,97465.89,Medium Salary,0
15625023,682,Good,France,Male,31-40,4,0,Zero Balance,1,0,1,105352.55,High Salary,0
15731267,797,Very Good,France,Male,31-40,4,75263.7,Medium Balance,1,1,0,85801.77,Medium Salary,0
15742879,668,Fair,Spain,Male,31-40,1,147904.31,High Balance,1,1,1,69370.05,Medium Salary,0
15757015,783,Very Good,Germany,Female,41-50,5,106640.5,High Balance,1,1,0,176945.96,Very High salary,0
15770711,766,Very Good,Germany,Female,21-30,4,90696.78,Medium Balance,1,0,1,21597.2,Low Salary,0
15569430,704,Good,Spain,Female,31-40,2,175509.8,Very High Balance,2,1,0,152039.67,Very High salary,0
15617304,722,Good,France,Male,31-40,6,0,Zero Balance,2,1,1,111893.09,High Salary,0
15704466,692,Good,France,Female,31-40,7,0,Zero Balance,2,1,0,195074.62,Very High salary,0
15664681,584,Fair,France,Female,31-40,2,114321.28,High Balance,2,0,0,15959.01,Low Salary,0
15605534,644,Fair,Germany,Female,51-60,4,95560.04,Medium Balance,1,0,0,72628.84,Medium Salary,1
15792473,598,Fair,Germany,Female,41-50,5,88379.81,Medium Balance,3,0,1,64157.24,Medium Salary,1
15802625,733,Good,Germany,Male,41-50,7,85915.52,Medium Balance,1,1,1,23860.5,Low Salary,0
15766017,615,Fair,Germany,Male,51-60,3,72309.3,Medium Balance,1,1,1,85687.09,Medium Salary,1
15762172,850,Excellent,France,Female,31-40,2,0,Zero Balance,2,1,0,179451.42,Very High salary,0
15728333,521,Poor,France,Male,41-50,8,0,Zero Balance,1,1,1,93180.09,Medium Salary,0
15792868,675,Good,France,Male,60+,1,0,Zero Balance,2,1,0,157097.09,Very High salary,0
15605698,746,Very Good,France,Male,51-60,3,0,Zero Balance,3,1,1,80344.96,Medium Salary,1
15777060,770,Very Good,France,Female,31-40,4,0,Zero Balance,1,1,0,26080.54,Low Salary,1
15626243,618,Fair,France,Male,21-30,3,133844.22,High Balance,1,1,1,31406.93,Low Salary,0
15719898,556,Poor,France,Male,31-40,7,154872.08,Very High Balance,2,1,1,32044.64,Low Salary,0
15599976,749,Very Good,France,Female,21-30,9,0,Zero Balance,2,1,0,132734.87,High Salary,0
15752809,702,Good,Spain,Male,41-50,6,116121.67,High Balance,1,1,0,61602.42,Medium Salary,0
15589698,555,Poor,Germany,Male,41-50,6,107104.5,High Balance,1,1,1,41304.44,Low Salary,1
15609977,587,Fair,France,Male,41-50,6,71026.77,Medium Balance,1,1,0,57962.41,Medium Salary,0
15750121,639,Fair,France,Male,31-40,3,0,Zero Balance,1,1,0,42862.82,Low Salary,0
15734177,643,Fair,France,Male,31-40,4,0,Zero Balance,2,1,1,152992.04,Very High salary,0
15781347,600,Fair,France,Female,41-50,1,0,Zero Balance,2,1,1,91193.65,Medium Salary,0
15592025,651,Fair,France,Male,51-60,7,0,Zero Balance,2,1,1,130132.41,High Salary,0
15670163,666,Fair,France,Female,21-30,4,0,Zero Balance,2,0,0,88751.45,Medium Salary,0
15765402,520,Poor,France,Female,31-40,6,145644.05,High Balance,1,0,0,104118.93,High Salary,0
15624343,650,Fair,Spain,Female,41-50,7,129667.77,High Balance,1,0,0,42028.16,Low Salary,0
15602354,564,Poor,Germany,Male,31-40,3,109341.87,High Balance,1,1,0,75632.78,Medium Salary,0
15579183,586,Fair,France,Male,60+,1,0,Zero Balance,2,1,1,53710.23,Medium Salary,0
15584899,617,Fair,France,Female,31-40,5,0,Zero Balance,2,0,1,13066.3,Low Salary,0
15723658,712,Good,Spain,Female,21-30,6,0,Zero Balance,2,1,0,152417.97,Very High salary,0
15803965,654,Fair,France,Male,51-60,3,87485.67,Medium Balance,1,1,1,3299.01,Low Salary,0
15682489,605,Fair,France,Male,21-30,9,0,Zero Balance,2,1,0,198091.81,Very High salary,0
15813645,491,Poor,France,Female,31-40,0,53369.13,Medium Balance,1,1,1,103934.12,High Salary,0
15766787,707,Good,France,Female,31-40,9,0,Zero Balance,2,1,1,70403.65,Medium Salary,0
15687171,638,Fair,Spain,Male,31-40,5,146679.77,High Balance,1,1,0,102179.86,High Salary,0
15690744,683,Good,France,Male,41-50,2,112499.42,High Balance,2,1,0,30375.18,Low Salary,0
15707974,815,Excellent,Spain,Female,31-40,2,48387,Low Balance,1,1,0,184796.84,Very High salary,0
15673084,645,Fair,Spain,Male,31-40,1,68079.8,Medium Balance,1,0,1,166264.89,Very High salary,0
15814772,645,Fair,Germany,Male,41-50,4,160133.88,Very High Balance,1,0,1,88391.97,Medium Salary,0
15743709,683,Good,France,Male,21-30,4,66190.33,Medium Balance,1,1,1,115186.97,High Salary,0
15610343,705,Good,France,Female,31-40,10,0,Zero Balance,2,1,1,13935.53,Low Salary,1
15737414,647,Fair,France,Male,31-40,4,123761.68,High Balance,1,1,0,83910.4,Medium Salary,0
15788480,786,Very Good,Germany,Female,31-40,0,122325.58,High Balance,1,0,0,34712.34,Low Salary,1
15568519,534,Poor,France,Male,41-50,9,0,Zero Balance,2,1,0,13871.34,Low Salary,0
15792453,602,Fair,Spain,Female,41-50,1,138912.17,High Balance,1,1,1,139494.75,High Salary,0
15658100,695,Good,France,Female,41-50,0,0,Zero Balance,2,0,1,140724.64,High Salary,0
15695197,553,Poor,Germany,Female,21-30,7,128524.19,High Balance,2,1,0,20682.46,Low Salary,0
15749807,516,Poor,Spain,Female,31-40,3,0,Zero Balance,2,1,0,124202.26,High Salary,0
15773876,655,Fair,France,Female,31-40,3,0,Zero Balance,2,1,0,159638.77,Very High salary,0
15591698,849,Excellent,Germany,Female,41-50,9,132934.89,High Balance,1,1,0,171056.65,Very High salary,1
15712813,520,Poor,Germany,Male,41-50,3,150805.17,Very High Balance,3,0,1,25333.03,Low Salary,1
15763898,568,Poor,Spain,Female,41-50,3,0,Zero Balance,2,1,1,29372.62,Low Salary,0
15793324,695,Good,Spain,Male,31-40,9,0,Zero Balance,3,0,1,38533.79,Low Salary,0
15757759,807,Excellent,Spain,Female,21-30,7,165969.26,Very High Balance,3,1,0,156122.13,Very High salary,1
15796230,642,Fair,Germany,Female,31-40,2,124495.98,High Balance,3,1,1,57904.22,Medium Salary,1
15611729,703,Good,Germany,Male,31-40,1,141559.5,High Balance,1,1,1,31257.1,Low Salary,1
15709531,556,Poor,France,Male,31-40,2,114756.14,High Balance,1,1,0,193214.05,Very High salary,0
15650751,585,Fair,France,Female,21-30,6,0,Zero Balance,2,1,1,137757.69,High Salary,0
15641413,587,Fair,Germany,Female,41-50,7,155393.98,Very High Balance,2,1,0,13308.2,Low Salary,1
15753840,524,Poor,Spain,Female,31-40,6,0,Zero Balance,1,1,1,132861.9,High Salary,1
15669994,556,Poor,Germany,Female,31-40,1,128663.81,High Balance,2,1,0,125083.29,High Salary,0
15695301,504,Poor,Spain,Male,41-50,4,113522.64,High Balance,1,1,1,12405.2,Low Salary,0
15792004,731,Good,Spain,Female,21-30,3,0,Zero Balance,2,1,0,37697.29,Low Salary,0
15603035,651,Fair,France,Male,31-40,3,0,Zero Balance,2,1,1,105599.65,High Salary,0
15717286,675,Good,Spain,Female,31-40,8,79035.95,Medium Balance,1,1,0,142783.98,High Salary,1
15577107,657,Fair,Spain,Female,21-30,6,0,Zero Balance,3,0,1,168412.07,Very High salary,1
15754747,686,Good,Germany,Male,31-40,9,141918.09,High Balance,2,0,1,184036.47,Very High salary,0
15705676,690,Good,France,Female,31-40,9,107944.33,High Balance,2,0,0,48478.47,Low Salary,0
15751912,567,Poor,France,Male,31-40,7,0,Zero Balance,2,0,1,3896.08,Low Salary,0
15677336,557,Poor,Germany,Male,51-60,1,120043.13,High Balance,1,1,0,132370.75,High Salary,1
15684395,446,Poor,Spain,Female,41-50,10,125191.69,High Balance,1,1,1,128260.86,High Salary,1
15659949,850,Excellent,France,Male,31-40,1,96399.31,Medium Balance,2,1,0,106534.15,High Salary,0
15812422,637,Fair,France,Male,41-50,2,0,Zero Balance,2,0,1,102515.42,High Salary,0
15806941,499,Poor,France,Male,51-60,7,76961.6,Medium Balance,2,1,1,83643.87,Medium Salary,0
15637690,622,Fair,Germany,Female,31-40,7,98675.74,Medium Balance,1,1,0,138906.85,High Salary,1
15632882,684,Good,Germany,Male,31-40,1,126817.13,High Balance,2,1,1,29995.83,Low Salary,1
15807107,612,Fair,France,Male,31-40,3,121394.42,High Balance,1,1,0,164081.42,Very High salary,0
15661034,813,Excellent,Germany,Female,21-30,5,106059.4,High Balance,1,0,0,187976.88,Very High salary,1
15811958,850,Excellent,Germany,Male,41-50,2,112755.34,High Balance,2,0,0,158171.36,Very High salary,0
15785167,795,Very Good,Spain,Male,21-30,4,0,Zero Balance,2,0,0,155711.64,Very High salary,0
15646720,628,Fair,Spain,Female,51-60,7,0,Zero Balance,3,1,0,85890.75,Medium Salary,1
15658614,565,Poor,Germany,Female,31-40,7,145400.69,High Balance,2,1,1,83844.79,Medium Salary,0
15704657,601,Fair,France,Male,31-40,3,72647.64,Medium Balance,1,1,0,41777.9,Low Salary,1
15567147,802,Excellent,Spain,Male,31-40,4,0,Zero Balance,2,1,1,81908.09,Medium Salary,0
15701319,614,Fair,Germany,Female,31-40,6,96340.81,Medium Balance,2,1,1,139377.24,High Salary,1
15745266,434,Poor,Spain,Male,51-60,6,0,Zero Balance,1,0,1,73562.05,Medium Salary,1
15650437,522,Poor,Germany,Male,31-40,8,124450.36,High Balance,2,1,1,165786.1,Very High salary,0
15764314,550,Poor,Germany,Male,31-40,2,113877.23,High Balance,2,1,0,174921.91,Very High salary,0
15612594,599,Fair,Spain,Male,21-30,3,0,Zero Balance,2,1,1,120790.02,High Salary,0
15593501,493,Poor,France,Female,31-40,5,148667.81,High Balance,2,1,0,56092.51,Medium Salary,0
15804150,755,Very Good,France,Male,31-40,3,0,Zero Balance,2,1,1,158816.03,Very High salary,0
15649297,605,Fair,France,Female,60+,4,111065.93,High Balance,2,0,1,125660.99,High Salary,0
15641110,708,Good,France,Male,41-50,0,0,Zero Balance,1,1,0,128400.62,High Salary,0
15660608,699,Good,France,Male,41-50,8,158697.61,Very High Balance,1,1,0,107181.22,High Salary,0
15806570,763,Very Good,France,Female,51-60,4,0,Zero Balance,1,1,0,77203.72,Medium Salary,1
15715345,743,Very Good,Spain,Male,21-30,6,0,Zero Balance,2,1,0,129740.11,High Salary,0
15755521,660,Fair,France,Female,41-50,0,90044.32,Medium Balance,2,0,1,187604.97,Very High salary,1
15579074,619,Fair,Germany,Male,31-40,10,84651.79,Medium Balance,1,1,1,184754.26,Very High salary,0
15641158,739,Good,Germany,Male,31-40,3,102128.27,High Balance,1,1,0,63981.37,Medium Salary,1
15752507,769,Very Good,Germany,Male,51-60,9,148846.39,High Balance,1,1,0,192831.67,Very High salary,1
15597983,692,Good,France,Male,60+,10,154953.94,Very High Balance,1,1,1,70849.47,Medium Salary,0
15586069,560,Poor,France,Female,21-30,0,108883.29,High Balance,1,1,0,27914.95,Low Salary,0
15655082,607,Fair,France,Female,41-50,4,112070.86,High Balance,3,1,0,173568.3,Very High salary,1
15720155,630,Fair,Germany,Male,21-30,6,131354.39,High Balance,1,0,1,9324.31,Low Salary,1
15582116,767,Very Good,Germany,Female,41-50,7,132746.2,High Balance,2,1,0,26628.88,Low Salary,1
15749365,543,Poor,France,Female,31-40,8,0,Zero Balance,2,0,1,145601.8,High Salary,0
15632069,776,Very Good,France,Male,31-40,8,125211.55,High Balance,2,1,0,144496.07,High Salary,0
15663134,535,Poor,Spain,Male,51-60,1,0,Zero Balance,2,1,1,11779.98,Low Salary,1
15766683,549,Poor,Germany,Male,31-40,6,139422.37,High Balance,1,0,0,83983.39,Medium Salary,1
15707219,844,Excellent,France,Female,21-30,4,0,Zero Balance,2,0,1,123318.37,High Salary,0
15709232,586,Fair,Germany,Female,41-50,5,157099.47,Very High Balance,2,1,1,65481.86,Medium Salary,0
15801351,583,Fair,France,Male,31-40,3,0,Zero Balance,2,1,0,47728,Low Salary,0
15578747,701,Good,Spain,Male,21-30,5,83600.24,Medium Balance,1,0,1,59195.05,Medium Salary,0
15675626,726,Good,France,Male,21-30,2,0,Zero Balance,1,0,0,98060.51,Medium Salary,0
15583736,829,Excellent,Germany,Male,31-40,4,81795.74,Medium Balance,2,1,0,90106.94,Medium Salary,0
15590011,749,Very Good,Spain,Male,31-40,9,129378.32,High Balance,1,1,1,13549.34,Low Salary,0
15609913,743,Very Good,France,Female,41-50,9,0,Zero Balance,1,1,0,113436.08,High Salary,0
15719479,619,Fair,Spain,Female,51-60,7,0,Zero Balance,2,1,1,42442.21,Low Salary,0
15575147,699,Good,France,Male,21-30,9,99339,Medium Balance,1,1,0,68297.61,Medium Salary,1
15597309,749,Very Good,Spain,Male,31-40,7,0,Zero Balance,2,0,0,80134.65,Medium Salary,0
15648367,600,Fair,Germany,Female,21-30,6,74430.1,Medium Balance,2,1,1,96051.1,Medium Salary,0
15758031,760,Very Good,Spain,Male,31-40,3,91241.85,Medium Balance,1,0,1,80682.35,Medium Salary,0
15751771,528,Poor,Germany,Male,31-40,2,99092.45,Medium Balance,1,0,1,111149.98,High Salary,0
15689288,630,Fair,France,Female,21-30,5,0,Zero Balance,2,1,0,182612.38,Very High salary,0
15731026,683,Good,Germany,Female,31-40,2,100062.16,High Balance,2,1,0,109201.43,High Salary,0
15775809,677,Good,Germany,Female,21-30,6,98723.67,Medium Balance,1,0,1,151146.67,Very High salary,0
15743076,669,Fair,Spain,Male,21-30,9,0,Zero Balance,1,1,1,93901.61,Medium Salary,0
15658258,693,Good,France,Male,41-50,6,128760.32,High Balance,1,1,0,36342.79,Low Salary,0
15756321,612,Fair,Spain,Female,51-60,5,144772.69,High Balance,1,0,0,98302.57,Medium Salary,1
15706799,719,Good,Spain,Male,41-50,4,0,Zero Balance,1,0,0,84972.9,Medium Salary,1
15775703,702,Good,France,Male,21-30,2,71281.29,Medium Balance,1,1,1,108747.12,High Salary,1
15642636,755,Very Good,France,Male,21-30,9,117035.89,High Balance,1,1,1,21862.19,Low Salary,0
15704651,514,Poor,France,Male,21-30,1,0,Zero Balance,2,0,0,121551.93,High Salary,0
15806771,753,Very Good,France,Female,31-40,0,3768.69,Low Balance,2,1,0,177065.24,Very High salary,1
15566735,548,Poor,Germany,Female,31-40,2,108913.84,High Balance,2,1,1,140460.01,High Salary,0
15681671,850,Excellent,Germany,Male,21-30,2,101100.22,High Balance,2,1,1,35337.31,Low Salary,0
15775949,612,Fair,France,Female,31-40,7,110615.47,High Balance,1,1,1,193502.93,Very High salary,0
15586752,628,Fair,Germany,Male,31-40,8,152143.89,Very High Balance,1,1,1,32174.03,Low Salary,0
15582519,479,Poor,France,Male,41-50,6,121797.09,High Balance,1,0,1,5811.9,Low Salary,1
15658233,724,Good,France,Female,41-50,5,109798.25,High Balance,1,0,1,149593.61,High Salary,0
15755330,512,Poor,Germany,Male,41-50,7,122403.24,High Balance,1,0,1,37439.9,Low Salary,1
15605072,638,Fair,France,Female,41-50,3,145860.98,High Balance,1,1,1,142763.51,High Salary,1
15617538,834,Excellent,Spain,Male,31-40,7,0,Zero Balance,2,0,0,45038.74,Low Salary,0
15591428,781,Very Good,France,Male,21-30,9,0,Zero Balance,2,0,0,172097.4,Very High salary,0
15692142,707,Good,Germany,Female,41-50,7,105086.74,High Balance,1,1,1,180344.69,Very High salary,1
15692931,670,Good,France,Male,21-30,2,114991.45,High Balance,1,1,1,37392.56,Low Salary,0
15781127,663,Fair,Spain,Female,31-40,8,96769.04,Medium Balance,1,1,1,36864.05,Low Salary,0
15677136,624,Fair,France,Female,21-30,5,0,Zero Balance,2,0,0,132418.59,High Salary,0
15677828,598,Fair,France,Female,31-40,4,0,Zero Balance,2,0,0,60894.26,Medium Salary,0
15567897,619,Fair,Germany,Male,21-30,5,132725.1,High Balance,1,1,1,143913.33,High Salary,0
15793641,792,Very Good,France,Female,60+,3,0,Zero Balance,2,1,1,172240.27,Very High salary,0
15678333,683,Good,France,Female,21-30,7,0,Zero Balance,2,1,0,86619.77,Medium Salary,0
15630511,691,Good,France,Female,31-40,6,0,Zero Balance,2,1,0,164074.89,Very High salary,0
15792627,765,Very Good,Spain,Female,31-40,5,84557.82,Medium Balance,1,1,1,69039.43,Medium Salary,0
15717191,508,Poor,France,Male,41-50,1,93817.41,Medium Balance,2,1,1,132468.76,High Salary,1
15625716,637,Fair,France,Female,31-40,9,113913.53,High Balance,1,0,1,65316.5,Medium Salary,0
15710053,667,Fair,Germany,Female,41-50,5,140406.68,High Balance,2,0,1,57164.19,Medium Salary,0
15580043,575,Poor,Spain,Female,21-30,8,105229.34,High Balance,1,1,1,34397.08,Low Salary,0
15601410,744,Very Good,Spain,Female,41-50,1,0,Zero Balance,3,1,1,177431.59,Very High salary,1
15684669,567,Poor,France,Female,41-50,9,137891.35,High Balance,1,1,0,142009.46,High Salary,1
15619083,502,Poor,France,Female,31-40,6,0,Zero Balance,2,1,1,80618.47,Medium Salary,0
15692207,609,Fair,France,Female,51-60,6,0,Zero Balance,2,1,1,124218.27,High Salary,0
15730705,715,Good,France,Male,31-40,9,165252.52,Very High Balance,1,1,0,85286.3,Medium Salary,0
15749688,541,Poor,France,Male,31-40,8,0,Zero Balance,2,0,0,40889.14,Low Salary,0
15728542,850,Excellent,France,Female,60+,4,0,Zero Balance,2,1,1,107236.87,High Salary,0
15760063,595,Fair,Spain,Male,21-30,7,0,Zero Balance,2,1,1,168085.97,Very High salary,0
15658982,650,Fair,Germany,Female,21-30,5,122034.4,High Balance,3,0,1,146663.43,High Salary,1
15758769,625,Fair,France,Female,41-50,7,0,Zero Balance,1,1,0,4791.8,Low Salary,0
15778481,817,Excellent,France,Male,51-60,1,118962.58,High Balance,1,1,1,120819.58,High Salary,0
15661162,526,Poor,Spain,Male,41-50,2,0,Zero Balance,1,1,0,114539.67,High Salary,1
15568164,850,Excellent,France,Female,31-40,4,71379.53,Medium Balance,2,1,1,154000.99,Very High salary,0
15601569,598,Fair,France,Female,31-40,2,171178.25,Very High Balance,1,1,0,137980.58,High Salary,1
15772383,613,Fair,France,Male,31-40,9,131307.11,High Balance,1,0,0,83343.73,Medium Salary,0
15667456,709,Good,Spain,Male,60+,3,0,Zero Balance,2,1,1,82195.15,Medium Salary,0
15672983,678,Good,Spain,Female,21-30,5,87099.85,Medium Balance,2,1,0,149550.95,High Salary,0
15799534,720,Good,France,Male,60+,5,183135.39,Very High Balance,2,1,1,197688.5,Very High salary,0
15582847,662,Fair,France,Male,21-30,0,0,Zero Balance,2,0,1,72929.96,Medium Salary,0
15612478,525,Poor,France,Male,51-60,10,0,Zero Balance,3,1,0,171045.35,Very High salary,1
15709621,662,Fair,France,Male,31-40,3,0,Zero Balance,2,0,1,27731.05,Low Salary,0
15802009,770,Very Good,France,Female,31-40,6,0,Zero Balance,2,1,1,126131.9,High Salary,0
15698816,721,Good,Spain,Female,31-40,4,72535.45,Medium Balance,1,1,1,103931.49,High Salary,0
15574830,633,Fair,Germany,Male,51-60,2,128137.42,High Balance,2,1,0,147635.33,High Salary,1
15603082,701,Good,France,Male,51-60,9,0,Zero Balance,2,0,0,61961.57,Medium Salary,0
15685947,556,Poor,Germany,Male,41-50,0,115915.53,High Balance,2,0,1,125435.47,High Salary,1
15643048,639,Fair,France,Male,60+,0,0,Zero Balance,2,0,1,42240.54,Low Salary,0
15807568,632,Fair,France,Male,41-50,2,0,Zero Balance,2,0,0,57942.88,Medium Salary,0
15597591,456,Poor,France,Male,21-30,5,107000.49,High Balance,1,1,1,153419.62,Very High salary,0
15747558,729,Good,Spain,Female,31-40,10,0,Zero Balance,2,1,0,189727.12,Very High salary,0
15756655,632,Fair,France,Female,31-40,2,0,Zero Balance,2,0,0,165385.55,Very High salary,0
15589949,433,Poor,Spain,Male,31-40,9,152806.74,Very High Balance,1,1,0,19687.99,Low Salary,0
15601012,802,Excellent,France,Female,51-60,3,92887.06,Medium Balance,1,1,0,39473.63,Low Salary,1
15724269,670,Good,France,Male,21-30,7,0,Zero Balance,2,1,1,144723.38,High Salary,0
15567506,738,Good,Germany,Female,31-40,6,114940.67,High Balance,2,1,1,194895.57,Very High salary,1
15791877,706,Good,Germany,Male,31-40,0,140641.26,High Balance,2,1,1,77271.91,Medium Salary,0
15794360,592,Fair,Germany,Female,60+,5,71816.74,Medium Balance,2,1,0,105096.82,High Salary,1
15686538,522,Poor,France,Female,41-50,7,0,Zero Balance,2,0,1,176780.39,Very High salary,0
15585985,746,Very Good,France,Male,41-50,5,165282.42,Very High Balance,1,1,0,153786.46,Very High salary,1
15699257,651,Fair,Spain,Male,41-50,2,143145.87,High Balance,2,1,0,43612.06,Low Salary,0
15804104,494,Poor,France,Male,21-30,9,114731.76,High Balance,2,0,1,79479.74,Medium Salary,0
15727619,753,Very Good,Germany,Female,41-50,9,113909.69,High Balance,3,1,0,92320.37,Medium Salary,1
15740237,671,Good,Germany,Male,31-40,2,116695.27,High Balance,1,0,0,193201.86,Very High salary,0
15801436,696,Good,France,Male,41-50,4,0,Zero Balance,1,0,0,126353.13,High Salary,1
15705735,577,Poor,Spain,Male,41-50,3,0,Zero Balance,2,1,1,135008.92,High Salary,0
15649359,587,Fair,France,Male,31-40,1,0,Zero Balance,2,0,1,17135.6,Low Salary,0
15624892,712,Good,Germany,Male,31-40,7,93978.96,Medium Balance,2,1,0,60651.77,Medium Salary,0
15784918,498,Poor,Germany,Male,31-40,2,121968.11,High Balance,2,0,1,188343.05,Very High salary,0
15584785,660,Fair,France,Male,31-40,2,97324.91,Medium Balance,1,1,0,23291.83,Low Salary,0
15797197,678,Good,Spain,Male,21-30,6,0,Zero Balance,2,1,0,64443.75,Medium Salary,0
15574858,530,Poor,France,Male,31-40,8,0,Zero Balance,2,1,1,287.99,Low Salary,0
15794101,559,Poor,France,Female,41-50,2,0,Zero Balance,2,0,1,137961.41,High Salary,0
15743245,624,Fair,France,Male,41-50,3,145155.37,High Balance,1,1,0,72169.95,Medium Salary,1
15791535,592,Fair,France,Male,21-30,5,137222.77,High Balance,1,0,0,39608.58,Low Salary,0
15605215,767,Very Good,France,Male,41-50,9,0,Zero Balance,2,0,1,175458.21,Very High salary,0
15771749,653,Fair,Germany,Female,31-40,5,114268.22,High Balance,2,1,1,89524.83,Medium Salary,0
15616833,678,Good,Spain,Male,21-30,2,0,Zero Balance,2,1,1,13221.25,Low Salary,0
15750728,586,Fair,Spain,Female,41-50,2,0,Zero Balance,1,1,0,102889.34,High Salary,0
15769353,550,Poor,France,Female,31-40,8,150490.32,Very High Balance,1,0,0,166468.21,Very High salary,1
15770091,643,Fair,Germany,Male,21-30,9,160858.13,Very High Balance,2,1,0,27149.27,Low Salary,0
15716420,612,Fair,Spain,Male,31-40,5,170288.38,Very High Balance,1,1,1,59601.15,Medium Salary,0
15740602,674,Good,Germany,Female,21-30,4,111568.01,High Balance,1,0,1,22026.18,Low Salary,0
15796071,657,Fair,Spain,Male,21-30,7,83889.03,Medium Balance,1,1,0,153059.62,Very High salary,0
15811389,724,Good,Germany,Female,31-40,0,171982.95,Very High Balance,2,0,1,167313.07,Very High salary,0
15783875,500,Poor,France,Female,31-40,4,0,Zero Balance,2,1,0,12833.96,Low Salary,0
15671800,688,Good,France,Male,0-20,8,137624.4,High Balance,2,1,1,197582.79,Very High salary,0
15677288,599,Fair,France,Male,41-50,3,121159.65,High Balance,1,0,0,4033.39,Low Salary,1
15633525,631,Fair,France,Male,21-30,7,0,Zero Balance,2,0,1,125877.22,High Salary,0
15634606,634,Fair,Spain,Male,51-60,1,0,Zero Balance,2,1,1,176913.42,Very High salary,0
15579207,545,Poor,France,Male,31-40,3,91184.01,Medium Balance,1,1,0,105476.65,High Salary,0
15619892,644,Fair,Spain,Male,0-20,8,0,Zero Balance,2,1,0,59172.42,Medium Salary,0
15567778,690,Good,Germany,Female,51-60,1,144027.8,High Balance,1,1,1,108731.02,High Salary,1
15711750,711,Good,France,Female,31-40,6,0,Zero Balance,2,1,1,175310.38,Very High salary,0
15751084,712,Good,France,Female,21-30,8,140170.61,High Balance,1,1,1,38170.04,Low Salary,0
15768945,627,Fair,France,Male,21-30,1,62092.9,Medium Balance,1,1,1,105887.04,High Salary,0
15586931,694,Good,Spain,Male,31-40,3,0,Zero Balance,1,1,1,95625.03,Medium Salary,0
15636353,534,Poor,Spain,Male,31-40,4,0,Zero Balance,2,0,0,9541.15,Low Salary,0
15623858,603,Fair,France,Male,41-50,9,0,Zero Balance,1,0,0,148516.79,High Salary,0
15703354,808,Excellent,France,Female,31-40,2,103516.87,High Balance,1,1,0,113907.8,High Salary,0
15663987,723,Good,Spain,Male,21-30,1,0,Zero Balance,3,1,0,164647.72,Very High salary,1
15780805,585,Fair,France,Female,31-40,2,0,Zero Balance,2,1,0,98621.04,Medium Salary,1
15768566,706,Good,France,Male,31-40,8,0,Zero Balance,2,1,1,37479.97,Low Salary,0
15643229,671,Good,France,Female,31-40,6,0,Zero Balance,2,1,1,15846.42,Low Salary,0
15754940,597,Fair,Spain,Male,41-50,2,85162.26,Medium Balance,1,0,1,5104.08,Low Salary,1
15676576,646,Fair,France,Female,41-50,8,143061.88,High Balance,1,1,0,61937.6,Medium Salary,0
15800068,801,Excellent,Spain,Female,41-50,6,0,Zero Balance,2,1,1,170008.74,Very High salary,0
15648030,731,Good,Spain,Female,31-40,5,137388.01,High Balance,2,1,0,165000.68,Very High salary,0
15668594,620,Fair,Germany,Female,21-30,1,137712.01,High Balance,1,1,1,76197.05,Medium Salary,0
15728709,484,Poor,Germany,Male,31-40,7,106901.42,High Balance,2,0,0,118045.98,High Salary,0
15724181,647,Fair,Spain,Male,41-50,5,105603.21,High Balance,2,1,1,157360.9,Very High salary,0
15647546,688,Good,Germany,Female,31-40,8,150679.71,Very High Balance,2,0,1,196226.38,Very High salary,0
15702601,680,Good,Germany,Male,21-30,4,108300.27,High Balance,2,0,1,44384.57,Low Salary,1
15567725,689,Good,France,Female,41-50,7,52016.08,Medium Balance,2,1,1,72993.65,Medium Salary,0
15674179,513,Poor,Germany,Male,31-40,7,60515.13,Medium Balance,1,0,0,124571.09,High Salary,0
15686957,553,Poor,Germany,Male,31-40,2,158584.28,Very High Balance,2,1,0,43640.16,Low Salary,0
15607690,689,Good,Germany,Male,41-50,2,118812.5,High Balance,2,0,0,31121.42,Low Salary,0
15806546,517,Poor,Spain,Male,41-50,4,0,Zero Balance,1,1,0,22372.78,Low Salary,0
15632850,731,Good,France,Male,31-40,8,0,Zero Balance,2,1,1,170338.35,Very High salary,0
15709016,687,Good,Germany,Female,41-50,1,91219.29,Medium Balance,1,0,0,158845.49,Very High salary,1
15638068,507,Poor,Spain,Male,31-40,7,0,Zero Balance,2,1,0,67926.18,Medium Salary,0
15749345,468,Poor,France,Female,21-30,1,76318.64,Medium Balance,1,1,1,194783.12,Very High salary,0
15791321,682,Good,Spain,Female,51-60,4,0,Zero Balance,1,1,0,176036.01,Very High salary,0
15699095,603,Fair,France,Female,21-30,3,0,Zero Balance,1,1,1,198826.03,Very High salary,1
15638329,522,Poor,Germany,Male,21-30,1,111432.13,High Balance,1,1,1,168683.57,Very High salary,0
15575445,629,Fair,Spain,Male,41-50,10,150148.51,Very High Balance,1,0,0,6936.27,Low Salary,0
15752622,729,Good,France,Female,31-40,7,38550.06,Low Balance,1,0,1,179230.23,Very High salary,0
15774507,574,Poor,France,Female,31-40,5,119013.86,High Balance,1,1,0,103421.91,High Salary,0
15570857,677,Good,Germany,Female,31-40,0,111213.64,High Balance,2,1,1,147578.26,High Salary,0
15599386,627,Fair,Germany,Male,21-30,5,71097.23,Medium Balance,1,1,1,130504.49,High Salary,0
15744913,788,Very Good,Spain,Male,31-40,10,109632.85,High Balance,1,1,1,16149.13,Low Salary,0
15647292,697,Good,France,Male,60+,7,148368.02,High Balance,1,0,0,118862.08,High Salary,1
15728838,578,Poor,France,Male,41-50,1,148600.91,High Balance,1,1,0,143397.14,High Salary,1
15584704,519,Poor,France,Male,41-50,10,71083.98,Medium Balance,1,1,0,137959,High Salary,0
15749068,632,Fair,France,Female,31-40,9,139625.34,High Balance,1,1,0,93702.96,Medium Salary,1
15622985,679,Good,France,Female,31-40,4,0,Zero Balance,1,0,0,172939.3,Very High salary,1
15587676,699,Good,France,Male,21-30,9,0,Zero Balance,1,1,1,108162.13,High Salary,0
15779496,615,Fair,France,Male,60+,0,81564.1,Medium Balance,2,0,1,35896.09,Low Salary,0
15733460,622,Fair,Spain,Male,31-40,9,0,Zero Balance,2,1,1,104852.6,High Salary,0
15711457,755,Very Good,France,Female,21-30,7,124540.28,High Balance,1,0,1,188850.89,Very High salary,0
15795290,767,Very Good,France,Female,41-50,2,133616.39,High Balance,1,1,0,28615.8,Low Salary,0
15611223,752,Very Good,Germany,Female,31-40,10,101648.5,High Balance,2,1,0,172001.44,Very High salary,0
15794159,633,Fair,France,Female,21-30,8,124281.84,High Balance,1,1,1,60116.57,Medium Salary,0
15780677,717,Good,France,Female,51-60,4,0,Zero Balance,2,1,1,170528.63,Very High salary,0
15690175,585,Fair,Spain,Male,41-50,0,0,Zero Balance,2,0,0,189683.7,Very High salary,0
15722599,751,Very Good,France,Female,31-40,9,183613.66,Very High Balance,2,0,0,49734.94,Low Salary,0
15569976,754,Very Good,Germany,Male,60+,1,136186.44,High Balance,1,1,1,121529.59,High Salary,1
15707011,495,Poor,France,Male,41-50,10,137682.68,High Balance,1,1,0,71071.47,Medium Salary,0
15702277,650,Fair,France,Male,31-40,4,106005.54,High Balance,1,0,1,142995.32,High Salary,0
15801915,529,Poor,France,Female,31-40,6,152310.55,Very High Balance,1,1,0,13054.25,Low Salary,0
15580213,585,Fair,France,Female,41-50,2,0,Zero Balance,2,1,0,89402.54,Medium Salary,0
15637947,668,Fair,Spain,Male,31-40,1,134446.04,High Balance,1,0,1,111241.37,High Salary,0
15715888,591,Fair,France,Female,31-40,2,142289.28,High Balance,1,0,1,119638.85,High Salary,0
15732967,731,Good,France,Male,0-20,6,0,Zero Balance,2,1,1,151581.79,Very High salary,0
15737047,754,Very Good,France,Female,41-50,6,0,Zero Balance,1,1,0,73881.68,Medium Salary,1
15694039,650,Fair,Germany,Female,41-50,9,149003.76,High Balance,2,1,0,176902.83,Very High salary,0
15649457,588,Fair,Germany,Male,41-50,2,131341.46,High Balance,2,0,1,7034.94,Low Salary,0
15742809,712,Good,Spain,Female,21-30,7,77919.78,Medium Balance,1,1,0,122547.58,High Salary,0
15637829,691,Good,France,Female,31-40,7,0,Zero Balance,2,0,1,161559.12,Very High salary,0
15633194,771,Very Good,France,Female,41-50,10,108309,High Balance,4,1,1,137510.41,High Salary,1
15611635,678,Good,Spain,Female,31-40,6,0,Zero Balance,1,0,1,185366.56,Very High salary,0
15638774,719,Good,Spain,Female,31-40,9,0,Zero Balance,2,1,0,182224.14,Very High salary,0
15722037,610,Fair,Germany,Male,31-40,7,115462.02,High Balance,1,0,1,42581.04,Low Salary,0
15672930,722,Good,Spain,Male,31-40,9,0,Zero Balance,2,1,0,31921.95,Low Salary,0
15668774,758,Very Good,Germany,Female,21-30,5,122739.1,High Balance,1,1,0,102460.84,High Salary,1
15780966,709,Good,France,Female,31-40,2,0,Zero Balance,2,0,0,109681.29,High Salary,0
15659694,634,Fair,Germany,Female,51-60,3,113781.5,High Balance,2,1,1,106345.05,High Salary,1
15624424,678,Good,Spain,Female,41-50,1,0,Zero Balance,2,1,1,102472.9,High Salary,0
15708713,633,Fair,France,Male,31-40,3,0,Zero Balance,2,1,1,36249.76,Low Salary,0
15755405,710,Good,France,Male,41-50,9,128284.45,High Balance,1,1,0,32996.89,Low Salary,1
15647570,640,Fair,Germany,Male,41-50,8,120591.19,High Balance,1,0,0,195123.94,Very High salary,0
15684348,656,Fair,France,Male,60+,8,0,Zero Balance,2,0,1,57014.43,Medium Salary,0
15702541,551,Poor,France,Female,51-60,2,166968.28,Very High Balance,1,1,0,159483.76,Very High salary,1
15646942,786,Very Good,Spain,Female,31-40,7,0,Zero Balance,2,0,0,100929.59,High Salary,0
15748920,561,Poor,France,Female,41-50,8,0,Zero Balance,2,1,1,12513.07,Low Salary,0
15694581,807,Excellent,Spain,Male,41-50,5,0,Zero Balance,2,1,1,74900.9,Medium Salary,0
15643215,602,Fair,Germany,Male,31-40,2,71667.97,Medium Balance,2,0,0,137111.89,High Salary,0
15649060,727,Good,Germany,Female,31-40,3,82729.47,Medium Balance,2,1,0,60212.51,Medium Salary,0
15774258,678,Good,France,Male,31-40,1,0,Zero Balance,2,1,1,187343.4,Very High salary,0
15731553,730,Good,France,Male,21-30,8,0,Zero Balance,2,1,0,183284.53,Very High salary,0
15617029,596,Fair,Spain,Female,21-30,1,0,Zero Balance,2,1,0,8125.39,Low Salary,0
15780716,686,Good,Germany,Male,31-40,3,129626.19,High Balance,2,1,1,103220.56,High Salary,0
15577018,684,Good,Germany,Female,21-30,2,114035.39,High Balance,1,0,0,96885.19,Medium Salary,0
15809515,797,Very Good,Germany,Male,31-40,1,151922.94,Very High Balance,1,1,0,8877.06,Low Salary,0
15789924,658,Fair,France,Female,31-40,4,0,Zero Balance,1,1,1,147530.06,High Salary,0
15725076,653,Fair,Spain,Female,21-30,6,107751.68,High Balance,2,1,1,33389.42,Low Salary,0
15672481,641,Fair,France,Male,31-40,6,0,Zero Balance,2,1,0,45309.24,Low Salary,0
15574115,656,Fair,Spain,Female,41-50,6,101179.23,High Balance,2,1,1,35230.61,Low Salary,0
15661830,750,Very Good,Spain,Female,31-40,6,0,Zero Balance,2,1,1,59816.41,Medium Salary,0
15665879,768,Very Good,France,Female,31-40,8,0,Zero Balance,2,0,1,69080.46,Medium Salary,0
15673820,568,Poor,France,Male,31-40,7,0,Zero Balance,2,1,0,143450.61,High Salary,0
15747772,706,Good,Germany,Male,31-40,9,58571.18,Medium Balance,2,1,0,40774.01,Low Salary,0
15666197,430,Poor,Germany,Female,31-40,8,153058.64,Very High Balance,1,1,0,99377.27,Medium Salary,0
15773639,745,Very Good,Germany,Male,31-40,4,98270.34,Medium Balance,1,1,0,133617.43,High Salary,0
15581893,747,Very Good,France,Male,41-50,1,130788.71,High Balance,1,0,1,101495,High Salary,1
15672447,657,Fair,Germany,Male,31-40,7,99165.84,Medium Balance,1,0,1,119333.95,High Salary,1
15777830,639,Fair,France,Female,41-50,4,0,Zero Balance,2,0,0,167682.37,Very High salary,0
15713890,704,Good,France,Male,41-50,3,0,Zero Balance,2,0,1,152884.85,Very High salary,0
15577598,651,Fair,Spain,Male,21-30,4,115636.05,High Balance,2,1,0,70400.86,Medium Salary,0
15786042,706,Good,Germany,Female,41-50,2,185932.18,Very High Balance,2,1,0,65413.41,Medium Salary,0
15753462,632,Fair,Germany,Male,21-30,2,72549,Medium Balance,2,0,1,182728.8,Very High salary,0
15759690,751,Very Good,France,Male,41-50,4,0,Zero Balance,2,1,1,81442.6,Medium Salary,0
15801414,767,Very Good,France,Female,31-40,2,0,Zero Balance,2,0,0,144251.38,High Salary,0
15656141,741,Very Good,France,Male,31-40,5,0,Zero Balance,1,0,1,40207.06,Low Salary,0
15608701,651,Fair,Germany,Male,21-30,3,121890.06,High Balance,1,1,0,54530.51,Medium Salary,1
15582892,601,Fair,France,Male,41-50,2,99786.07,Medium Balance,1,1,1,32683.88,Low Salary,1
15632967,520,Poor,France,Male,31-40,3,0,Zero Balance,2,1,1,104703.96,High Salary,0
15587573,626,Fair,Germany,Male,21-30,4,115084.53,High Balance,2,0,1,26907.43,Low Salary,0
15654891,811,Excellent,France,Male,21-30,6,0,Zero Balance,2,1,1,180591.32,Very High salary,0
15611365,730,Good,France,Female,31-40,9,127661.69,High Balance,1,0,0,60905.51,Medium Salary,0
15749103,604,Fair,Germany,Female,41-50,4,118907.6,High Balance,1,0,1,47777.15,Low Salary,1
15810203,499,Poor,Germany,Female,41-50,6,77627.33,Medium Balance,2,1,0,108222.68,High Salary,0
15813660,754,Very Good,Spain,Male,31-40,2,160625.17,Very High Balance,1,0,1,3554.63,Low Salary,0
15605673,716,Good,Spain,Female,21-30,8,0,Zero Balance,2,0,0,78616.92,Medium Salary,0
15669282,636,Fair,France,Female,0-20,10,124266.86,High Balance,1,0,0,100566.81,High Salary,0
15792726,470,Poor,France,Female,21-30,8,127974.06,High Balance,2,1,1,183259.35,Very High salary,0
15593241,444,Poor,France,Male,41-50,3,0,Zero Balance,2,1,1,159131.21,Very High salary,0
15683053,809,Excellent,Spain,Female,41-50,2,0,Zero Balance,1,1,0,160976.85,Very High salary,1
15632736,850,Excellent,Germany,Female,21-30,3,104911.35,High Balance,2,1,1,42933.26,Low Salary,0
15731865,637,Fair,France,Male,21-30,1,0,Zero Balance,2,1,0,91291.2,Medium Salary,0
15760450,512,Poor,France,Male,41-50,1,0,Zero Balance,2,1,1,52471.36,Medium Salary,0
15787204,774,Very Good,Spain,Female,41-50,1,110646.54,High Balance,1,0,0,108804.28,High Salary,0
15650454,641,Fair,France,Male,51-60,5,0,Zero Balance,2,1,1,122449.18,High Salary,0
15573730,586,Fair,Germany,Male,41-50,6,126704.49,High Balance,2,1,0,41682.3,Low Salary,0
15705050,611,Fair,France,Male,21-30,9,0,Zero Balance,2,1,1,148887.69,High Salary,0
15791342,660,Fair,Spain,Male,31-40,1,84560.04,Medium Balance,1,1,1,137784.25,High Salary,0
15684316,532,Poor,France,Male,41-50,9,0,Zero Balance,2,0,0,190573.91,Very High salary,1
15700540,557,Poor,Germany,Female,31-40,2,129893.56,High Balance,1,0,0,102076.03,High Salary,0
15770631,730,Good,Spain,Male,21-30,5,167385.81,Very High Balance,1,1,1,56307.51,Medium Salary,0
15790594,535,Poor,France,Female,21-30,6,0,Zero Balance,2,0,1,49775.58,Low Salary,0
15604020,773,Very Good,Germany,Female,31-40,4,105858.71,High Balance,1,0,1,4395.45,Low Salary,0
15637599,510,Poor,Germany,Female,41-50,4,123070.89,High Balance,1,1,0,28461.29,Low Salary,1
15736578,539,Poor,France,Male,31-40,1,0,Zero Balance,1,1,1,28184.7,Low Salary,0
15666332,690,Good,Spain,Female,41-50,2,0,Zero Balance,2,1,1,3149.1,Low Salary,0
15727291,821,Excellent,France,Female,31-40,1,0,Zero Balance,2,1,0,194273.12,Very High salary,0
15785920,687,Good,Germany,Male,31-40,1,125141.24,High Balance,2,1,1,148537.07,High Salary,0
15658987,557,Poor,France,Female,41-50,4,96173.17,Medium Balance,2,1,1,116378.31,High Salary,0
15687719,532,Poor,Spain,Female,31-40,5,0,Zero Balance,2,0,1,6761.84,Low Salary,0
15799641,540,Poor,Spain,Male,31-40,2,0,Zero Balance,2,1,0,81995.92,Medium Salary,0
15758702,705,Good,France,Female,51-60,8,0,Zero Balance,2,1,1,14392.68,Low Salary,0
15689526,542,Poor,Germany,Female,31-40,9,127543.11,High Balance,2,1,0,468.94,Low Salary,1
15586848,706,Good,France,Male,31-40,1,0,Zero Balance,2,1,0,122379.54,High Salary,0
15707637,765,Very Good,France,Female,51-60,1,0,Zero Balance,1,1,0,13228.93,Low Salary,1
15719426,529,Poor,France,Male,60+,8,103101.56,High Balance,2,1,1,154002.02,Very High salary,1
15639265,714,Good,France,Male,51-60,7,126113.28,High Balance,1,1,0,112777.38,High Salary,0
15576124,582,Fair,France,Male,41-50,1,40488.76,Low Balance,1,1,0,128528.83,High Salary,0
15757829,609,Fair,Germany,Female,31-40,10,137389.77,High Balance,2,1,0,170122.22,Very High salary,0
15633227,518,Poor,France,Female,21-30,9,85146.36,Medium Balance,1,0,0,2803.89,Low Salary,0
15753092,791,Very Good,Germany,Male,31-40,5,129828.58,High Balance,1,1,1,181918.26,Very High salary,1
15782939,747,Very Good,France,Male,41-50,4,80214.36,Medium Balance,1,1,0,115241.96,High Salary,1
15746338,565,Poor,France,Female,31-40,2,0,Zero Balance,2,1,1,129956.13,High Salary,0
15590676,735,Good,France,Male,31-40,1,141796.43,High Balance,1,1,0,45858.49,Low Salary,0
15599329,697,Good,France,Female,41-50,7,195238.29,Very High Balance,4,0,1,131083.56,High Salary,1
15783097,813,Excellent,Germany,Male,21-30,6,111348.15,High Balance,1,1,0,46422.46,Low Salary,0
15597885,772,Very Good,France,Male,41-50,6,0,Zero Balance,2,1,1,57675.88,Medium Salary,0
15597467,606,Fair,France,Female,60+,8,0,Zero Balance,2,1,1,169741.96,Very High salary,0
15724764,667,Fair,Germany,Female,41-50,10,64404.26,Medium Balance,2,0,0,26022.37,Low Salary,0
15778418,637,Fair,Germany,Male,31-40,9,154309.67,Very High Balance,1,1,1,125334.16,High Salary,1
15684769,542,Poor,France,Male,60+,10,129431.36,High Balance,1,0,1,21343.74,Low Salary,0
15756167,762,Very Good,Spain,Female,41-50,5,134204.67,High Balance,1,1,1,139971.01,High Salary,0
15632439,698,Good,France,Female,31-40,4,0,Zero Balance,2,0,1,47455.82,Low Salary,0
15755138,850,Excellent,France,Female,31-40,8,0,Zero Balance,2,1,1,55593.8,Medium Salary,0
15659092,621,Fair,France,Female,41-50,5,0,Zero Balance,2,1,0,191756.54,Very High salary,1
15742116,671,Good,Germany,Female,41-50,9,116711.06,High Balance,2,0,0,76373.38,Medium Salary,0
15801994,775,Very Good,France,Male,31-40,9,0,Zero Balance,2,1,0,169278.51,Very High salary,0
15647572,504,Poor,Spain,Male,31-40,0,54980.81,Medium Balance,1,1,1,136909.88,High Salary,0
15644551,751,Very Good,Spain,Female,31-40,3,99773.85,Medium Balance,2,1,0,54865.92,Medium Salary,0
15709135,691,Good,Germany,Male,21-30,7,101231.77,High Balance,2,0,0,156529.44,Very High salary,0
15684469,841,Excellent,Germany,Male,31-40,2,117070.21,High Balance,1,1,0,113482.2,High Salary,0
15627637,709,Good,Germany,Male,21-30,8,73314.04,Medium Balance,2,1,0,63446.47,Medium Salary,0
15667093,673,Good,France,Male,31-40,2,0,Zero Balance,1,1,1,13624.02,Low Salary,0
15690589,541,Poor,France,Male,31-40,9,212314.03,Very High Balance,1,0,1,148814.54,High Salary,0
15595350,661,Fair,France,Female,31-40,3,136067.82,High Balance,2,1,0,65567.91,Medium Salary,0
15777586,784,Very Good,Spain,Female,41-50,2,109052.04,High Balance,2,1,0,6409.55,Low Salary,0
15804064,742,Very Good,France,Female,31-40,2,79126.17,Medium Balance,1,1,1,126997.53,High Salary,0
15717770,850,Excellent,Spain,Female,51-60,7,0,Zero Balance,1,0,0,171762.87,Very High salary,1
15754443,443,Poor,France,Female,31-40,9,108308,High Balance,1,1,0,129031.19,High Salary,1
15776939,778,Very Good,Germany,Female,41-50,3,102290.56,High Balance,2,1,0,182691.31,Very High salary,0
15713517,529,Poor,France,Male,31-40,6,102025.08,High Balance,2,1,0,12351.01,Low Salary,0
15683522,678,Good,Germany,Female,31-40,2,113383.07,High Balance,1,1,1,135123.96,High Salary,0
15673995,516,Poor,Spain,Female,60+,9,102541.1,High Balance,1,1,0,181490.42,Very High salary,0
15771054,469,Poor,Spain,Male,31-40,5,0,Zero Balance,2,1,0,186490.37,Very High salary,0
15578788,786,Very Good,Spain,Male,31-40,6,0,Zero Balance,2,0,0,41248.8,Low Salary,0
15737408,703,Good,France,Female,41-50,6,109941.51,High Balance,1,1,0,116267.28,High Salary,0
15750837,579,Poor,Germany,Male,41-50,0,141749.68,High Balance,1,0,1,9201.53,Low Salary,0
15576022,565,Poor,France,Male,31-40,5,0,Zero Balance,2,0,1,80630.32,Medium Salary,0
15635502,443,Poor,France,Male,41-50,2,0,Zero Balance,1,1,0,159165.7,Very High salary,0
15627298,589,Fair,France,Male,31-40,7,85146.48,Medium Balance,2,1,0,86490.09,Medium Salary,1
15811415,691,Good,France,Female,41-50,6,134066.1,High Balance,2,1,1,197572.41,Very High salary,0
15645059,711,Good,France,Female,21-30,8,0,Zero Balance,2,0,0,105159.89,High Salary,0
15689671,775,Very Good,Spain,Male,21-30,4,0,Zero Balance,1,1,1,40807.26,Low Salary,0
15718667,621,Fair,France,Male,31-40,7,87619.29,Medium Balance,1,1,0,143.34,Low Salary,0
15803202,350,Poor,France,Male,51-60,10,0,Zero Balance,1,1,1,125823.79,High Salary,1
15593683,668,Fair,Spain,Female,21-30,8,0,Zero Balance,2,1,0,138465.7,High Salary,0
15703394,633,Fair,Spain,Male,21-30,3,0,Zero Balance,2,1,0,44008.91,Low Salary,0
15570289,697,Good,Germany,Male,41-50,8,103409.16,High Balance,1,1,0,66893.28,Medium Salary,1
15567437,734,Good,Germany,Female,21-30,7,123040.38,High Balance,1,1,1,76503.06,Medium Salary,0
15711687,434,Poor,France,Male,41-50,4,108128.52,High Balance,1,0,1,56784.11,Medium Salary,0
15656592,646,Fair,Germany,Male,41-50,8,169023.33,Very High Balance,2,1,1,175657.55,Very High salary,0
15634373,764,Very Good,France,Male,21-30,5,0,Zero Balance,2,0,1,105155.66,High Salary,0
15769125,727,Good,Spain,Female,41-50,10,0,Zero Balance,2,0,1,47468.56,Low Salary,0
15711386,724,Good,France,Female,21-30,6,0,Zero Balance,2,0,1,64729.51,Medium Salary,0
15714241,749,Very Good,Spain,Male,41-50,9,222267.63,Very High Balance,1,0,0,101108.85,High Salary,1
15642530,706,Good,Germany,Female,41-50,10,144090.42,High Balance,1,1,0,140938.95,High Salary,1
15713599,728,Good,France,Male,21-30,10,114835.43,High Balance,1,0,1,37662.49,Low Salary,0
15744770,636,Fair,France,Male,41-50,2,0,Zero Balance,2,0,0,86414.41,Medium Salary,0
15780498,634,Fair,France,Male,31-40,3,145030.92,High Balance,1,1,1,41820.65,Low Salary,0
15624397,627,Fair,France,Male,41-50,8,71240.3,Medium Balance,1,0,1,127734.16,High Salary,0
15615219,518,Poor,France,Male,51-60,5,138772.15,High Balance,1,0,1,123872,High Salary,0
15570908,687,Good,Spain,Female,21-30,7,93617.07,Medium Balance,1,0,1,113050.92,High Salary,0
15762855,622,Fair,Spain,Female,21-30,8,0,Zero Balance,2,1,1,131389.39,High Salary,0
15661827,693,Good,Spain,Female,41-50,4,0,Zero Balance,2,1,1,26589.56,Low Salary,0
15746035,450,Poor,Spain,Male,21-30,9,74237.2,Medium Balance,2,0,1,195463.35,Very High salary,0
15691906,664,Fair,Germany,Female,41-50,5,127421.78,High Balance,2,1,0,108876.75,High Salary,1
15793424,663,Fair,Spain,Female,21-30,8,61274.7,Medium Balance,2,1,0,136054.45,High Salary,0
15577905,660,Fair,France,Male,31-40,8,106486.66,High Balance,2,0,1,182262.66,Very High salary,0
15667216,579,Poor,France,Female,21-30,10,73194.52,Medium Balance,2,1,1,129209.09,High Salary,0
15673971,655,Fair,Germany,Female,41-50,6,146498.76,High Balance,1,1,0,64853.51,Medium Salary,1
15701238,683,Good,France,Male,41-50,1,0,Zero Balance,2,1,0,148989.15,High Salary,0
15644849,655,Fair,France,Female,31-40,2,0,Zero Balance,1,1,1,71047.51,Medium Salary,0
15635531,575,Poor,Spain,Female,21-30,8,0,Zero Balance,2,1,0,185341.63,Very High salary,0
15632263,574,Poor,Spain,Male,21-30,5,120355,High Balance,1,1,0,137793.35,High Salary,0
15720110,795,Very Good,France,Male,31-40,2,117265.21,High Balance,1,1,1,198317.23,Very High salary,0
15619045,776,Very Good,France,Female,41-50,4,0,Zero Balance,2,0,1,162137.5,Very High salary,0
15697510,707,Good,Spain,Female,51-60,7,0,Zero Balance,1,1,0,109688.82,High Salary,1
15784923,705,Good,Germany,Female,31-40,3,109974.22,High Balance,1,1,1,36320.87,Low Salary,1
15567383,678,Good,Germany,Female,41-50,2,98009.13,Medium Balance,2,0,1,31384.86,Low Salary,0
15732621,663,Fair,France,Male,31-40,10,0,Zero Balance,1,1,1,114083.73,High Salary,0
15757981,748,Very Good,France,Male,60+,8,0,Zero Balance,1,1,1,163331.65,Very High salary,0
15727819,677,Good,Spain,Female,31-40,10,171671.9,Very High Balance,1,1,1,50777.77,Medium Salary,0
15738088,634,Fair,Spain,Male,60+,10,0,Zero Balance,2,1,0,30772.86,Low Salary,1
15765173,350,Poor,France,Female,51-60,3,0,Zero Balance,1,0,0,113796.15,High Salary,1
15665159,727,Good,France,Male,60+,0,128213.96,High Balance,2,1,1,188729.08,Very High salary,1
15618203,773,Very Good,Germany,Male,51-60,8,116197.65,High Balance,2,1,1,86701.4,Medium Salary,0
15791452,675,Good,France,Male,31-40,1,0,Zero Balance,2,1,0,153129.22,Very High salary,0
15638159,649,Fair,Spain,Female,31-40,6,86607.39,Medium Balance,1,0,0,19825.09,Low Salary,0
15585466,552,Poor,France,Male,21-30,10,0,Zero Balance,2,1,0,12186.83,Low Salary,0
15677310,761,Very Good,Germany,Male,60+,5,98854.34,Medium Balance,1,0,0,86920.97,Medium Salary,1
15646262,622,Fair,France,Male,31-40,7,0,Zero Balance,1,1,0,35408.77,Low Salary,0
15656901,615,Fair,France,Male,51-60,8,0,Zero Balance,2,1,1,165576.55,Very High salary,0
15621093,681,Good,Germany,Male,31-40,4,97338.19,Medium Balance,2,0,0,48226.76,Low Salary,0
15592123,768,Very Good,France,Male,21-30,6,0,Zero Balance,2,1,1,199454.37,Very High salary,0
15589200,617,Fair,Spain,Male,31-40,9,0,Zero Balance,2,1,0,118749.58,High Salary,0
15602934,452,Poor,France,Female,31-40,6,131698.57,High Balance,2,1,0,151623.91,Very High salary,0
15812720,807,Excellent,Germany,Male,31-40,10,130110.45,High Balance,2,0,1,172097.95,Very High salary,0
15695383,567,Poor,Spain,Male,41-50,9,0,Zero Balance,2,1,0,87677.15,Medium Salary,0
15723064,603,Fair,Spain,Male,21-30,1,165149.13,Very High Balance,2,1,0,21858.28,Low Salary,0
15761606,617,Fair,Spain,Female,31-40,9,101707.8,High Balance,1,1,0,123866.28,High Salary,0
15650322,701,Good,France,Female,31-40,3,105588.66,High Balance,1,0,1,74694.41,Medium Salary,0
15669782,820,Excellent,Germany,Male,31-40,9,111336.89,High Balance,1,1,0,16770.31,Low Salary,1
15751628,438,Poor,France,Male,51-60,7,78391.17,Medium Balance,1,0,1,49424.6,Low Salary,0
15809057,600,Fair,Spain,Female,21-30,6,0,Zero Balance,2,1,1,172031.22,Very High salary,0
15617052,782,Very Good,France,Male,31-40,9,0,Zero Balance,1,1,0,183021.06,Very High salary,1
15590810,638,Fair,Germany,Female,41-50,9,144326.09,High Balance,1,1,0,73979.85,Medium Salary,1
15801293,850,Excellent,Germany,Male,21-30,1,101278.25,High Balance,2,1,1,26265.18,Low Salary,0
15770968,741,Very Good,Germany,Female,0-20,8,108711.57,High Balance,2,1,0,24857.25,Low Salary,0
15572356,689,Good,Spain,Male,60+,1,108555.07,High Balance,1,0,1,167969.15,Very High salary,0
15603247,743,Very Good,Germany,Female,31-40,1,146781.24,High Balance,1,1,0,189307.7,Very High salary,0
15619116,493,Poor,France,Female,31-40,2,0,Zero Balance,2,0,1,99770.3,Medium Salary,0
15691792,416,Poor,Spain,Male,31-40,8,0,Zero Balance,1,0,0,119712.78,High Salary,0
15783276,725,Good,France,Female,21-30,9,0,Zero Balance,2,1,1,168607.74,Very High salary,0
15766137,497,Poor,France,Male,31-40,2,0,Zero Balance,2,1,1,83087.13,Medium Salary,0
15574554,537,Poor,Germany,Male,60+,8,103291.25,High Balance,2,1,1,130664.79,High Salary,0
15578671,706,Good,Spain,Female,21-30,1,209490.21,Very High Balance,1,1,1,133267.69,High Salary,1
15716608,651,Fair,Spain,Male,31-40,2,0,Zero Balance,3,1,0,67029.82,Medium Salary,1
15690670,720,Good,France,Male,31-40,2,0,Zero Balance,2,0,1,141031.08,High Salary,0
15630466,797,Very Good,France,Male,41-50,8,0,Zero Balance,1,0,0,125110.02,High Salary,0
15630349,543,Poor,Spain,Male,21-30,5,0,Zero Balance,2,1,0,117832.39,High Salary,0
15803801,454,Poor,France,Male,31-40,4,0,Zero Balance,2,1,0,198817.72,Very High salary,0
15647890,691,Good,France,Male,31-40,9,149405.18,High Balance,1,1,1,146411.6,High Salary,0
15606115,510,Poor,France,Female,51-60,6,191665.21,Very High Balance,1,1,1,131312.56,High Salary,1
15714642,792,Very Good,Spain,Female,31-40,7,0,Zero Balance,1,1,0,141652.2,High Salary,0
15741181,721,Good,France,Male,41-50,6,135071.12,High Balance,1,1,1,64477.25,Medium Salary,0
15773973,765,Very Good,France,Male,41-50,2,0,Zero Balance,2,0,1,191215.61,Very High salary,0
15758546,850,Excellent,Spain,Male,31-40,8,0,Zero Balance,2,1,1,37090.44,Low Salary,0
15598940,681,Good,Germany,Male,31-40,6,181804.34,Very High Balance,2,1,1,57517.71,Medium Salary,0
15669783,586,Fair,France,Female,51-60,3,47020.65,Low Balance,2,0,1,63241.21,Medium Salary,1
15624993,753,Very Good,France,Female,31-40,7,128518.98,High Balance,1,1,1,44567.83,Low Salary,1
15760568,593,Fair,Germany,Female,31-40,5,142658.04,High Balance,2,0,1,135337.11,High Salary,0
15699047,674,Good,France,Female,21-30,9,120150.39,High Balance,2,1,1,33964.03,Low Salary,0
15616168,610,Fair,France,Female,31-40,7,81905.95,Medium Balance,1,1,1,61623.19,Medium Salary,0
15773146,652,Fair,France,Male,21-30,3,137998.2,High Balance,2,0,1,168989.77,Very High salary,0
15770375,850,Excellent,Germany,Female,21-30,8,123126.29,High Balance,1,1,0,74425.41,Medium Salary,0
15589725,740,Very Good,France,Female,51-60,4,0,Zero Balance,2,1,1,178929.84,Very High salary,0
15710034,637,Fair,Germany,Male,41-50,1,135645.29,High Balance,2,0,1,101382.86,High Salary,1
15800806,685,Good,Spain,Male,31-40,7,122449.31,High Balance,2,1,1,180769.55,Very High salary,0
15570485,558,Poor,Spain,Male,31-40,4,161766.87,Very High Balance,1,0,0,92378.54,Medium Salary,0
15575391,677,Good,France,Female,31-40,3,0,Zero Balance,2,1,1,38252.25,Low Salary,0
15790750,592,Fair,Germany,Male,31-40,10,123187.51,High Balance,1,0,1,146111.35,High Salary,0
15714832,652,Fair,Germany,Male,31-40,9,150956.71,Very High Balance,1,0,0,72350.17,Medium Salary,0
15619953,662,Fair,Spain,Female,41-50,6,105021.28,High Balance,1,1,0,48242.38,Low Salary,0
15673929,543,Poor,France,Male,60+,4,0,Zero Balance,2,1,1,148305.82,High Salary,0
15578835,675,Good,Spain,Female,41-50,1,133204.91,High Balance,1,0,1,8270.06,Low Salary,0
15752388,643,Fair,Spain,Female,31-40,6,0,Zero Balance,2,1,1,41549.64,Low Salary,0
15797081,611,Fair,Germany,Female,41-50,9,115488.52,High Balance,2,1,1,138656.81,High Salary,1
15570194,412,Poor,France,Male,21-30,5,0,Zero Balance,2,0,0,12510.53,Low Salary,0
15580149,638,Fair,Spain,Male,41-50,7,0,Zero Balance,2,1,0,43889.41,Low Salary,0
15777708,824,Excellent,Spain,Female,31-40,3,0,Zero Balance,2,1,0,192800.25,Very High salary,0
15769955,683,Good,France,Female,31-40,1,0,Zero Balance,2,0,0,75762,Medium Salary,0
15810444,562,Poor,Germany,Female,31-40,6,130565.02,High Balance,1,1,0,9854.72,Low Salary,1
15645593,599,Fair,France,Female,41-50,2,91328.71,Medium Balance,1,1,0,115724.78,High Salary,0
15765345,753,Very Good,France,Male,31-40,4,0,Zero Balance,2,1,1,106303.4,High Salary,0
15760873,594,Fair,France,Male,41-50,7,81310.34,Medium Balance,1,1,1,183868.01,Very High salary,0
15794178,657,Fair,France,Male,31-40,3,107136.6,High Balance,1,1,0,153895.46,Very High salary,0
15589361,716,Good,Spain,Male,31-40,9,0,Zero Balance,1,1,1,66695.71,Medium Salary,0
15662483,850,Excellent,France,Male,41-50,7,0,Zero Balance,2,1,1,173851.11,Very High salary,0
15809736,664,Fair,France,Male,41-50,2,0,Zero Balance,1,1,1,177423.02,Very High salary,1
15731148,558,Poor,France,Male,31-40,0,108477.49,High Balance,1,1,1,109096.71,High Salary,1
15774328,606,Fair,Germany,Male,31-40,1,144757.97,High Balance,2,1,1,166656.18,Very High salary,0
15646969,776,Very Good,Spain,Male,31-40,2,0,Zero Balance,2,1,1,176921,Very High salary,0
15718769,557,Poor,Spain,Male,31-40,1,113110.26,High Balance,1,1,0,98413.1,Medium Salary,0
15610226,614,Fair,France,Female,21-30,9,106414.57,High Balance,2,0,0,77500.81,Medium Salary,0
15616270,620,Fair,Spain,Male,41-50,4,106920.91,High Balance,1,0,1,119747.08,High Salary,0
15790717,695,Good,Spain,Male,31-40,7,0,Zero Balance,2,1,0,160387.98,Very High salary,0
15635703,729,Good,Germany,Female,31-40,1,131513.26,High Balance,1,1,1,193715,Very High salary,0
15616365,571,Poor,France,Female,51-60,2,0,Zero Balance,2,1,0,28045.77,Low Salary,0
15630244,457,Poor,France,Male,31-40,10,134320.23,High Balance,2,1,0,150757.35,Very High salary,0
15734714,559,Poor,France,Female,21-30,3,79715.36,Medium Balance,1,1,0,82252.28,Medium Salary,0
15721433,664,Fair,France,Female,31-40,4,74306.19,Medium Balance,2,1,0,154395.56,Very High salary,0
15590201,500,Poor,Spain,Female,41-50,5,0,Zero Balance,4,1,1,83866.35,Medium Salary,1
15590828,782,Very Good,Germany,Male,41-50,7,126428.38,High Balance,1,1,0,39830.1,Low Salary,0
15752097,708,Good,Spain,Male,31-40,8,99640.89,Medium Balance,1,1,0,12429.22,Low Salary,0
15800031,681,Good,France,Male,41-50,3,66338.68,Medium Balance,1,1,1,18772.5,Low Salary,1
15630857,674,Good,Spain,Female,31-40,6,0,Zero Balance,2,1,1,9574.83,Low Salary,0
15689953,697,Good,Spain,Male,41-50,10,128226.37,High Balance,1,0,0,188486.94,Very High salary,0
15759733,774,Very Good,France,Female,21-30,5,0,Zero Balance,2,1,1,64716.08,Medium Salary,0
15810826,624,Fair,France,Male,31-40,6,0,Zero Balance,2,0,0,84749.96,Medium Salary,0
15668009,747,Very Good,Spain,Male,31-40,1,0,Zero Balance,2,0,1,180551.76,Very High salary,0
15743456,715,Good,France,Female,31-40,10,0,Zero Balance,2,1,0,60907.49,Medium Salary,0
15725762,808,Excellent,France,Male,21-30,4,122168.65,High Balance,1,1,0,174107.04,Very High salary,0
15761713,678,Good,France,Female,41-50,7,178074.33,Very High Balance,1,0,0,110405.9,High Salary,0
15769246,813,Excellent,Germany,Male,51-60,2,135078.41,High Balance,1,1,0,187636.06,Very High salary,1
15781129,687,Good,Spain,Male,31-40,8,69434.4,Medium Balance,2,1,1,66580.13,Medium Salary,1
15599124,832,Excellent,France,Female,21-30,5,0,Zero Balance,2,1,0,178779.52,Very High salary,0
15639004,668,Fair,France,Male,60+,2,0,Zero Balance,2,1,1,70783.61,Medium Salary,0
15810995,526,Poor,Germany,Male,31-40,3,122726.56,High Balance,1,1,1,46772.36,Low Salary,0
15653773,457,Poor,France,Female,31-40,7,164496.99,Very High Balance,1,1,1,163327.27,Very High salary,0
15708357,649,Fair,Spain,Female,31-40,8,0,Zero Balance,1,1,0,103760.53,High Salary,0
15733597,669,Fair,France,Female,41-50,0,150219.41,Very High Balance,2,0,0,107839.03,High Salary,0
15789560,668,Fair,France,Male,41-50,8,187534.79,Very High Balance,1,1,1,32900.41,Low Salary,1
15699524,466,Poor,France,Female,21-30,3,0,Zero Balance,1,1,0,193984.6,Very High salary,0
15626475,685,Good,France,Male,21-30,2,0,Zero Balance,2,1,1,140889.32,High Salary,0
15810839,610,Fair,France,Male,31-40,0,103108.17,High Balance,1,0,0,125646.82,High Salary,0
15684318,582,Fair,Germany,Female,41-50,6,96486.57,Medium Balance,2,1,1,20344.02,Low Salary,0
15768120,702,Good,Germany,Male,31-40,9,90560.48,Medium Balance,2,1,0,174268.87,Very High salary,0
15712807,556,Poor,Spain,Male,41-50,3,131764.96,High Balance,1,1,1,108500.66,High Salary,1
15696371,812,Excellent,Spain,Female,21-30,1,92476.88,Medium Balance,1,0,0,83247.14,Medium Salary,0
15675794,645,Fair,Germany,Male,41-50,9,152076.93,Very High Balance,1,1,0,121840.2,High Salary,1
15774277,809,Excellent,France,Male,41-50,2,0,Zero Balance,2,1,1,132908.07,High Salary,0
15603764,560,Poor,France,Male,41-50,4,0,Zero Balance,1,1,1,100075.1,High Salary,1
15618647,744,Very Good,France,Male,21-30,1,43504.42,Low Balance,1,1,1,119327.75,High Salary,0
15614643,731,Good,Spain,Female,31-40,2,0,Zero Balance,2,1,0,136737.13,High Salary,0
15707696,471,Poor,Spain,Female,21-30,5,0,Zero Balance,2,1,1,22356.97,Low Salary,0
15749583,686,Good,Germany,Female,31-40,2,93569.86,Medium Balance,3,0,0,10137.34,Low Salary,1
15815125,668,Fair,Spain,Male,41-50,4,102486.21,High Balance,2,1,1,158379.25,Very High salary,0
15779620,575,Poor,France,Male,31-40,1,0,Zero Balance,1,0,1,94570.56,Medium Salary,0
15768233,435,Poor,Germany,Male,31-40,8,114346.3,High Balance,1,0,1,980.93,Low Salary,1
15637788,743,Very Good,France,Male,21-30,3,110203.77,High Balance,1,1,0,95583.45,Medium Salary,0
15777046,580,Fair,France,Female,31-40,9,128362.59,High Balance,1,1,0,86044.98,Medium Salary,0
15788723,599,Fair,Germany,Female,41-50,10,143888.22,High Balance,2,1,1,166236.38,Very High salary,1
15790489,534,Poor,Spain,Male,31-40,5,170600.78,Very High Balance,1,0,1,5240.53,Low Salary,0
15739476,680,Good,France,Female,31-40,5,0,Zero Balance,1,1,1,150684.23,Very High salary,0
15612670,631,Fair,Spain,Female,41-50,10,0,Zero Balance,2,1,1,129508.96,High Salary,0
15631222,485,Poor,France,Female,31-40,2,75339.64,Medium Balance,1,1,1,70665.16,Medium Salary,0
15658972,699,Good,France,Female,31-40,8,122038.34,High Balance,1,1,0,102085.35,High Salary,0
15724691,712,Good,France,Male,31-40,1,0,Zero Balance,2,1,1,195052.12,Very High salary,0
15740442,603,Fair,France,Male,51-60,8,186825.57,Very High Balance,1,1,0,93739.71,Medium Salary,1
15760427,850,Excellent,France,Male,31-40,6,124788.18,High Balance,1,1,0,65612.12,Medium Salary,0
15677939,584,Fair,France,Female,41-50,3,0,Zero Balance,2,1,1,160095.48,Very High salary,0
15611599,604,Fair,France,Female,60+,2,0,Zero Balance,2,1,1,49506.82,Low Salary,0
15633474,586,Fair,France,Male,51-60,2,138553.57,High Balance,1,1,1,92406.22,Medium Salary,0
15671973,467,Poor,Spain,Male,31-40,5,0,Zero Balance,2,1,1,7415.96,Low Salary,0
15790019,520,Poor,France,Male,31-40,9,105387.89,High Balance,1,1,1,25059.06,Low Salary,0
15737735,683,Good,Spain,Male,31-40,4,95053.1,Medium Balance,1,1,1,116816.54,High Salary,1
15661745,557,Poor,France,Male,31-40,3,0,Zero Balance,1,0,1,144078.02,High Salary,0
15797065,613,Fair,Spain,Female,31-40,0,0,Zero Balance,2,0,1,126675.62,High Salary,0
15710671,786,Very Good,France,Male,31-40,3,137361.96,High Balance,1,0,0,183682.09,Very High salary,0
15656522,593,Fair,Spain,Male,31-40,10,158537.42,Very High Balance,1,1,0,166850.57,Very High salary,0
15705085,670,Good,Spain,Female,21-30,9,0,Zero Balance,2,1,0,27359.19,Low Salary,0
15744873,657,Fair,Germany,Female,41-50,5,143595.87,High Balance,1,0,0,101314.65,High Salary,1
15781914,718,Good,Germany,Male,31-40,9,169947.41,Very High Balance,2,1,1,27979.16,Low Salary,0
15637354,623,Fair,France,Female,21-30,7,148167.83,High Balance,2,1,1,109470.34,High Salary,0
15717307,496,Poor,France,Male,31-40,5,0,Zero Balance,2,1,0,93713.13,Medium Salary,0
15746695,429,Poor,France,Female,31-40,6,48023.83,Low Balance,1,1,0,74870.99,Medium Salary,0
15804962,606,Fair,France,Male,31-40,1,155655.46,Very High Balance,1,1,1,192387.51,Very High salary,1
15665378,499,Poor,France,Female,41-50,6,0,Zero Balance,2,1,0,73457.55,Medium Salary,0
15757865,642,Fair,France,Male,60+,7,0,Zero Balance,2,1,1,61120.75,Medium Salary,0
15578787,641,Fair,France,Female,51-60,4,0,Zero Balance,1,1,0,90964.54,Medium Salary,1
15794323,673,Good,France,Male,31-40,8,121240.76,High Balance,1,1,0,116969.73,High Salary,0
15697546,570,Poor,France,Female,31-40,3,0,Zero Balance,2,1,0,92118.75,Medium Salary,0
15629519,472,Poor,France,Female,31-40,1,0,Zero Balance,2,1,1,48357.9,Low Salary,0
15624703,550,Poor,Germany,Male,31-40,9,129847.75,High Balance,2,1,0,197325.4,Very High salary,0
15570002,625,Fair,Germany,Female,51-60,8,118772.71,High Balance,4,0,0,135853.62,High Salary,1
15808566,516,Poor,France,Male,41-50,2,0,Zero Balance,2,1,1,169122.54,Very High salary,0
15805463,682,Good,Germany,Male,31-40,2,105163.88,High Balance,2,1,1,164170.46,Very High salary,0
15709136,620,Fair,France,Male,21-30,8,0,Zero Balance,2,1,1,199909.32,Very High salary,0
15801605,626,Fair,France,Female,31-40,0,0,Zero Balance,2,1,1,83295.09,Medium Salary,0
15567855,623,Fair,France,Female,21-30,1,0,Zero Balance,2,0,0,39382.06,Low Salary,0
15675141,569,Poor,France,Female,31-40,4,93934.63,Medium Balance,1,1,0,184748.23,Very High salary,0
15665759,724,Good,France,Female,60+,5,117866.92,High Balance,1,1,1,62280.91,Medium Salary,0
15761487,678,Good,France,Female,51-60,5,0,Zero Balance,1,0,1,196794.11,Very High salary,1
15700394,713,Good,Spain,Female,21-30,4,122857.46,High Balance,2,1,0,144682.17,High Salary,1
15631162,631,Fair,France,Male,31-40,10,0,Zero Balance,2,0,1,196342.66,Very High salary,0
15630641,846,Excellent,France,Female,31-40,6,127103.97,High Balance,1,1,1,41516.44,Low Salary,0
15585066,660,Fair,France,Female,41-50,1,0,Zero Balance,1,0,1,112026.1,High Salary,1
15722991,567,Poor,France,Male,51-60,9,96402.96,Medium Balance,1,0,0,52035.29,Medium Salary,1
15737404,731,Good,France,Male,31-40,1,132512.26,High Balance,1,1,1,185466.85,Very High salary,0
15722409,693,Good,Spain,Male,41-50,8,107604.66,High Balance,1,1,1,80149.27,Medium Salary,0
15806420,772,Very Good,France,Male,31-40,9,0,Zero Balance,2,1,0,170980.86,Very High salary,0
15658148,657,Fair,France,Male,31-40,7,0,Zero Balance,2,1,0,185827.74,Very High salary,0
15810660,774,Very Good,Germany,Male,31-40,4,120875.23,High Balance,2,0,1,113407.26,High Salary,0
15709780,667,Fair,France,Female,31-40,9,71786.9,Medium Balance,2,1,1,67734.79,Medium Salary,0
15727350,516,Poor,France,Female,31-40,8,113143.12,High Balance,1,0,0,3363.36,Low Salary,0
15752312,551,Poor,Spain,Male,41-50,1,150777.72,Very High Balance,2,1,1,135757.27,High Salary,0
15616745,542,Poor,Spain,Male,31-40,2,174894.53,Very High Balance,1,1,1,22314.55,Low Salary,0
15572294,623,Fair,France,Male,21-30,7,0,Zero Balance,1,0,0,129526.57,High Salary,0
15674110,701,Good,France,Female,41-50,2,160416.56,Very High Balance,1,0,1,37266.43,Low Salary,0
15662501,583,Fair,France,Male,41-50,3,91246.53,Medium Balance,1,1,0,60017.46,Medium Salary,1
15649239,731,Good,Spain,Male,41-50,10,0,Zero Balance,2,1,0,153015.42,Very High salary,0
15700424,461,Poor,France,Female,31-40,5,0,Zero Balance,1,1,1,54209.02,Medium Salary,0
15636388,702,Good,Germany,Female,21-30,7,98775.23,Medium Balance,1,1,0,114603.96,High Salary,0
15713975,565,Poor,Germany,Female,41-50,10,139756.12,High Balance,1,1,0,165849.49,Very High salary,1
15592925,711,Good,Spain,Male,41-50,3,177626.77,Very High Balance,3,0,1,16392.72,Low Salary,1
15581626,664,Fair,France,Male,51-60,8,0,Zero Balance,1,1,1,162719.69,Very High salary,1
15641319,518,Poor,Spain,Male,41-50,4,0,Zero Balance,1,0,0,107112.25,High Salary,1
15723481,728,Good,Spain,Male,41-50,8,0,Zero Balance,2,0,1,41823.22,Low Salary,0
15787825,585,Fair,Germany,Male,31-40,6,152496.82,Very High Balance,1,1,1,99907.29,Medium Salary,0
15710726,573,Poor,France,Male,51-60,8,0,Zero Balance,2,0,1,178229.04,Very High salary,0
15627195,568,Poor,Germany,Male,21-30,1,112930.28,High Balance,2,1,0,22095.73,Low Salary,0
15657957,602,Fair,Germany,Female,21-30,8,113674.2,High Balance,1,1,0,197861.16,Very High salary,1
15676117,603,Fair,France,Male,41-50,9,0,Zero Balance,1,1,0,138328.24,High Salary,0
15607874,687,Good,France,Male,31-40,0,144450.58,High Balance,1,0,1,137276.83,High Salary,0
15796993,741,Very Good,France,Male,51-60,1,171236.3,Very High Balance,2,0,0,21834.4,Low Salary,1
15649858,469,Poor,Spain,Male,31-40,9,96776.49,Medium Balance,1,1,1,119890.86,High Salary,0
15811032,477,Poor,Germany,Female,51-60,8,145984.92,High Balance,1,1,1,24564.7,Low Salary,0
15679963,737,Good,Germany,Male,41-50,8,96353.8,Medium Balance,1,0,0,10209.8,Low Salary,0
15579131,835,Excellent,France,Male,21-30,7,0,Zero Balance,2,1,1,83449.65,Medium Salary,0
15572428,717,Good,Germany,Female,31-40,0,115777.23,High Balance,1,1,1,81508.1,Medium Salary,0
15622461,562,Poor,France,Female,51-60,7,122822,High Balance,2,0,0,32626.21,Low Salary,0
15636105,758,Very Good,Spain,Male,60+,2,0,Zero Balance,2,1,1,43982.41,Low Salary,0
15583849,408,Poor,France,Male,31-40,3,0,Zero Balance,2,0,0,124874.23,High Salary,0
15718780,650,Fair,Spain,Female,31-40,4,79450.09,Medium Balance,1,1,1,118324.75,High Salary,0
15739271,582,Fair,Germany,Male,31-40,2,122394,High Balance,1,1,1,22113.93,Low Salary,0
15697129,706,Good,Spain,Female,41-50,1,0,Zero Balance,2,1,0,31962.77,Low Salary,0
15763415,567,Poor,Germany,Male,41-50,0,134378.89,High Balance,1,1,1,105746.94,High Salary,0
15796617,720,Good,France,Male,21-30,2,0,Zero Balance,2,1,0,39925.52,Low Salary,0
15626628,631,Fair,Spain,Female,31-40,2,88161.85,Medium Balance,2,1,0,127630.88,High Salary,0
15765857,623,Fair,Spain,Male,41-50,2,142412.13,High Balance,1,1,0,28778.98,Low Salary,0
15742511,514,Poor,France,Male,31-40,3,121030.9,High Balance,1,1,0,10008.68,Low Salary,0
15786433,650,Fair,Germany,Female,31-40,3,165982.43,Very High Balance,2,1,1,24482.16,Low Salary,0
15685805,673,Good,Spain,Female,31-40,6,0,Zero Balance,2,1,0,98618.79,Medium Salary,0
15627971,504,Poor,France,Female,31-40,8,206663.75,Very High Balance,1,0,0,16281.94,Low Salary,0
15783025,723,Good,Germany,Male,31-40,3,94661.53,Medium Balance,2,1,0,121239.65,High Salary,0
15726289,645,Fair,France,Male,21-30,0,174400.36,Very High Balance,1,1,0,42669.37,Low Salary,0
15802118,664,Fair,Spain,Male,41-50,7,123428.69,High Balance,1,1,1,164924.11,Very High salary,0
15607990,760,Very Good,Spain,Male,41-50,6,175735.5,Very High Balance,1,1,1,157337.29,Very High salary,0
15695932,766,Very Good,Spain,Male,31-40,5,78381.13,Medium Balance,1,0,1,153831.6,Very High salary,0
15812279,634,Fair,France,Male,31-40,5,115345.86,High Balance,2,0,0,168781.8,Very High salary,0
15687558,640,Fair,Germany,Female,31-40,10,118613.34,High Balance,1,1,0,168469.65,Very High salary,0
15729065,784,Very Good,Germany,Male,21-30,2,109960.06,High Balance,2,1,1,170829.87,Very High salary,0
15698902,547,Poor,Germany,Female,41-50,1,142703.4,High Balance,1,1,0,86207.49,Medium Salary,1
15570192,608,Fair,Germany,Female,31-40,8,121729.42,High Balance,1,0,0,61164.45,Medium Salary,0
15809265,547,Poor,France,Female,31-40,4,0,Zero Balance,1,1,1,133287.73,High Salary,0
15745201,612,Fair,France,Female,41-50,4,139496.35,High Balance,2,1,1,77128.23,Medium Salary,0
15580623,573,Poor,Spain,Male,21-30,8,0,Zero Balance,2,0,0,77660.03,Medium Salary,0
15578156,615,Fair,Spain,Male,31-40,5,138521.83,High Balance,1,1,1,56897.1,Medium Salary,0
15631063,710,Good,France,Female,31-40,2,0,Zero Balance,2,1,0,72945.32,Medium Salary,0
15692577,674,Good,Germany,Female,31-40,10,83727.68,Medium Balance,1,1,0,45418.12,Low Salary,0
15810910,702,Good,Spain,Female,31-40,9,0,Zero Balance,2,1,1,158527.45,Very High salary,0
15723217,616,Fair,France,Male,31-40,9,0,Zero Balance,1,1,0,111312.96,High Salary,0
15733111,688,Good,Spain,Male,31-40,6,124179.3,High Balance,1,1,1,138759.15,High Salary,0
15610727,605,Fair,France,Male,31-40,7,128829.25,High Balance,1,1,0,190588.59,Very High salary,0
15792720,676,Good,France,Male,31-40,6,171490.78,Very High Balance,1,0,0,79099.64,Medium Salary,0
15723153,708,Good,Spain,Male,31-40,3,0,Zero Balance,2,1,0,138613.21,High Salary,0
15802823,745,Very Good,Spain,Female,31-40,7,0,Zero Balance,2,1,1,194230.82,Very High salary,0
15756118,661,Fair,Spain,Male,0-20,8,0,Zero Balance,1,1,0,110252.53,High Salary,0
15684934,726,Good,France,Male,31-40,9,0,Zero Balance,2,1,1,106117.3,High Salary,0
15776936,475,Poor,France,Male,31-40,7,160818.08,Very High Balance,1,0,1,169642.13,Very High salary,1
15729087,751,Very Good,Germany,Male,51-60,9,156367.6,Very High Balance,2,0,1,116179.92,High Salary,0
15786463,645,Fair,Germany,Female,51-60,8,121669.93,High Balance,2,0,0,91.75,Low Salary,1
15717498,775,Very Good,France,Male,41-50,6,133970.22,High Balance,2,0,1,187839.9,Very High salary,0
15718406,540,Poor,France,Male,41-50,3,0,Zero Balance,2,1,0,121098.65,High Salary,0
15799468,591,Fair,France,Female,31-40,3,96127.27,Medium Balance,1,0,0,30972.06,Low Salary,0
15626383,596,Fair,Spain,Male,51-60,7,121907.97,High Balance,1,0,1,30314.04,Low Salary,0
15597385,573,Poor,Spain,Male,41-50,5,0,Zero Balance,2,0,1,14479.29,Low Salary,0
15570271,577,Poor,Spain,Male,31-40,6,0,Zero Balance,1,1,1,196395.25,Very High salary,0
15690330,830,Excellent,Germany,Female,31-40,8,77701.64,Medium Balance,1,0,1,19512.38,Low Salary,0
15680611,663,Fair,France,Male,60+,9,0,Zero Balance,3,1,1,72318.77,Medium Salary,0
15810227,421,Poor,France,Male,31-40,2,0,Zero Balance,2,1,1,96615.23,Medium Salary,0
15807194,718,Good,Spain,Male,31-40,5,113922.44,High Balance,2,1,0,30772.22,Low Salary,0
15712199,655,Fair,Germany,Female,60+,2,183997.7,Very High Balance,2,1,1,161217.18,Very High salary,0
15694995,712,Good,France,Male,21-30,2,0,Zero Balance,2,0,1,66795.78,Medium Salary,0
15723400,663,Fair,France,Male,21-30,4,0,Zero Balance,2,1,1,123969.64,High Salary,0
15654772,640,Fair,France,Female,41-50,6,89799.46,Medium Balance,2,0,1,13783.77,Low Salary,1
15574743,577,Poor,Spain,Male,21-30,2,0,Zero Balance,1,1,1,168924.41,Very High salary,0
15807593,546,Poor,Spain,Female,31-40,7,85660.96,Medium Balance,1,0,0,134778.01,High Salary,0
15686718,802,Excellent,Germany,Male,31-40,9,115569.21,High Balance,1,0,1,119782.89,High Salary,0
15695299,590,Fair,France,Female,41-50,2,81828.22,Medium Balance,1,1,0,52167.97,Medium Salary,0
15722701,594,Fair,Germany,Male,0-20,1,132694.73,High Balance,1,1,0,167689.56,Very High salary,0
15799635,577,Poor,Spain,Male,51-60,2,108867,High Balance,1,0,0,140800.66,High Salary,1
15742323,541,Poor,France,Male,31-40,7,0,Zero Balance,2,1,0,19823.02,Low Salary,0
15658435,781,Very Good,France,Female,21-30,5,0,Zero Balance,2,0,0,72969.9,Medium Salary,0
15586029,806,Excellent,Germany,Male,31-40,2,96152.68,Medium Balance,2,1,0,143711.02,High Salary,0
15772337,723,Good,Germany,Female,41-50,0,153855.52,Very High Balance,1,1,1,180862.26,Very High salary,1
15807555,535,Poor,France,Male,41-50,2,0,Zero Balance,2,1,0,125658.28,High Salary,0
15603378,768,Very Good,France,Female,31-40,3,141334.95,High Balance,1,0,1,125870.5,High Salary,0
15792862,653,Fair,Germany,Male,41-50,1,104584.11,High Balance,1,1,0,15126.32,Low Salary,1
15657349,803,Excellent,Germany,Female,41-50,8,98173.02,Medium Balance,1,0,0,22457.25,Low Salary,1
15777614,545,Poor,Spain,Female,41-50,1,0,Zero Balance,2,1,1,82614.89,Medium Salary,0
15653952,581,Fair,Germany,Female,31-40,3,135157.05,High Balance,1,1,1,32919.42,Low Salary,0
15724336,513,Poor,Germany,Female,41-50,5,171601.27,Very High Balance,1,1,0,126223.84,High Salary,0
15689594,731,Good,France,Male,21-30,5,179539.2,Very High Balance,1,0,0,112010.02,High Salary,0
15801920,727,Good,Germany,Male,31-40,5,80615.46,Medium Balance,2,0,0,180962.32,Very High salary,0
15653347,560,Poor,Spain,Male,41-50,1,0,Zero Balance,1,0,0,128882.66,High Salary,1
15749951,766,Very Good,Germany,Male,21-30,5,126285.73,High Balance,1,1,0,177614.17,Very High salary,1
15648178,630,Fair,Germany,Female,21-30,4,137964.51,High Balance,1,0,1,174570.55,Very High salary,0
15738662,652,Fair,Germany,Male,41-50,9,159434.03,Very High Balance,1,1,0,178373.93,Very High salary,0
15640855,729,Good,Germany,Male,31-40,5,113574.61,High Balance,2,1,0,103396.08,High Salary,0
15584288,629,Fair,France,Female,31-40,6,0,Zero Balance,2,1,1,59129.72,Medium Salary,0
15760988,667,Fair,Germany,Male,31-40,9,124573.33,High Balance,2,0,0,683.37,Low Salary,0
15569624,671,Good,Germany,Female,31-40,6,105864.6,High Balance,2,1,0,145567.34,High Salary,0
15597949,768,Very Good,Germany,Female,41-50,5,104552.61,High Balance,1,1,0,48137.08,Low Salary,1
15604551,732,Good,France,Female,31-40,3,0,Zero Balance,2,1,0,90876.95,Medium Salary,0
15617476,546,Poor,France,Female,21-30,5,0,Zero Balance,2,0,1,198543.09,Very High salary,0
15645323,630,Fair,France,Male,51-60,2,0,Zero Balance,1,1,1,106202.07,High Salary,1
15793311,765,Very Good,Germany,Female,41-50,8,119492.88,High Balance,2,0,1,166896.01,Very High salary,1
15764153,704,Good,France,Female,31-40,0,130499.09,High Balance,2,1,1,74804.36,Medium Salary,0
15802560,470,Poor,Spain,Female,41-50,6,140576.11,High Balance,1,1,1,116971.05,High Salary,0
15728608,688,Good,Germany,Female,31-40,9,91025.58,Medium Balance,2,0,1,163783,Very High salary,0
15770474,685,Good,France,Female,31-40,1,0,Zero Balance,3,0,1,70221.13,Medium Salary,1
15724444,567,Poor,France,Female,31-40,1,125877.65,High Balance,2,1,1,107841.77,High Salary,0
15753110,720,Good,Spain,Male,60+,3,45752.78,Low Balance,2,1,0,79623.28,Medium Salary,1
15711521,609,Fair,France,Male,31-40,3,121778.71,High Balance,1,1,1,138399.67,High Salary,0
15632816,521,Poor,Germany,Female,41-50,2,127948.57,High Balance,1,1,1,182765.14,Very High salary,0
15693637,556,Poor,France,Female,21-30,7,0,Zero Balance,2,1,1,186648.19,Very High salary,0
15725509,662,Fair,Germany,Male,21-30,5,115286.68,High Balance,2,1,1,149587.92,High Salary,0
15684645,704,Good,Germany,Male,41-50,9,62078.21,Medium Balance,2,1,0,129050.67,High Salary,0
15692235,750,Very Good,France,Female,31-40,1,0,Zero Balance,2,1,0,47764.99,Low Salary,0
15777459,619,Fair,Spain,Female,31-40,4,175406.13,Very High Balance,2,1,1,172792.43,Very High salary,1
15656937,468,Poor,Spain,Male,21-30,1,131643.25,High Balance,1,1,0,64436.16,Medium Salary,0
15610643,435,Poor,Germany,Male,41-50,3,151739.65,Very High Balance,1,1,0,167461.5,Very High salary,0
15777315,529,Poor,France,Male,41-50,6,93616.35,Medium Balance,2,0,0,98348.66,Medium Salary,0
15611058,702,Good,Germany,Female,51-60,5,138597.54,High Balance,2,1,1,41536.59,Low Salary,1
15630413,608,Fair,France,Female,41-50,5,0,Zero Balance,2,1,1,72462.25,Medium Salary,0
15635942,576,Poor,France,Male,31-40,9,0,Zero Balance,2,1,0,112465.19,High Salary,1
15648858,666,Fair,France,Female,21-30,1,85225.21,Medium Balance,1,0,1,64511.44,Medium Salary,0
15810732,730,Good,France,Female,31-40,8,148749.29,High Balance,2,1,0,91830.75,Medium Salary,0
15705448,647,Fair,Germany,Male,51-60,7,130013.12,High Balance,1,1,1,190806.36,Very High salary,1
15730488,516,Poor,Spain,Female,21-30,1,0,Zero Balance,1,0,1,112311.15,High Salary,0
15620443,711,Good,France,Female,60+,6,0,Zero Balance,2,1,1,72276.24,Medium Salary,0
15741078,736,Good,France,Male,51-60,7,111729.47,High Balance,2,0,1,84920.49,Medium Salary,0
15753161,768,Very Good,France,Female,31-40,5,180169.44,Very High Balance,2,1,0,17348.56,Low Salary,0
15711396,427,Poor,Spain,Male,31-40,8,0,Zero Balance,2,1,1,82870.75,Medium Salary,0
15593499,686,Good,Spain,Female,41-50,6,0,Zero Balance,1,1,0,32080.69,Low Salary,1
15579189,690,Good,France,Female,41-50,5,0,Zero Balance,2,0,1,120512.08,High Salary,0
15743545,647,Fair,Spain,Female,21-30,2,0,Zero Balance,2,1,0,179032.68,Very High salary,0
15791316,714,Good,France,Male,31-40,3,0,Zero Balance,2,1,1,95623.28,Medium Salary,0
15608246,736,Good,Germany,Female,31-40,8,103914.17,High Balance,1,1,1,110035.88,High Salary,1
15676526,608,Fair,France,Female,31-40,4,88772.87,Medium Balance,1,1,1,168822.01,Very High salary,0
15813911,809,Excellent,France,Female,31-40,5,0,Zero Balance,1,1,0,77705.75,Medium Salary,0
15630195,745,Very Good,France,Female,31-40,6,131184.67,High Balance,1,1,1,49815.62,Low Salary,0
15736250,781,Very Good,France,Male,31-40,2,117810.79,High Balance,1,0,1,65632.33,Medium Salary,1
15671334,527,Poor,France,Male,31-40,4,0,Zero Balance,1,1,0,169361.89,Very High salary,0
15574169,595,Fair,Germany,Female,31-40,0,92466.21,Medium Balance,1,1,0,4721.3,Low Salary,0
15718839,850,Excellent,Germany,Female,31-40,2,102741.15,High Balance,2,0,1,23974.85,Low Salary,0
15762331,569,Poor,France,Male,31-40,9,178755.84,Very High Balance,1,1,0,199929.17,Very High salary,0
15606901,728,Good,France,Male,41-50,7,0,Zero Balance,2,1,0,40023.7,Low Salary,0
15713559,473,Poor,Germany,Female,31-40,5,146602.25,High Balance,2,1,1,72946.95,Medium Salary,0
15768881,738,Good,France,Male,21-30,2,0,Zero Balance,2,1,1,170421.13,Very High salary,0
15743075,659,Fair,France,Male,31-40,6,0,Zero Balance,2,1,1,58879.11,Medium Salary,0
15660980,597,Fair,Spain,Male,31-40,6,115702.67,High Balance,2,1,1,25059.05,Low Salary,0
15810942,445,Poor,Germany,Female,60+,2,137655.31,High Balance,1,0,1,29909.84,Low Salary,0
15728362,671,Good,France,Female,21-30,3,0,Zero Balance,2,1,0,158043.11,Very High salary,0
15683339,656,Fair,Spain,Female,31-40,6,59877.33,Medium Balance,1,1,0,14032.62,Low Salary,1
15685476,658,Fair,France,Male,31-40,5,100082.14,High Balance,1,0,1,49809.88,Low Salary,0
15663650,698,Good,Germany,Male,51-60,10,107304.39,High Balance,3,1,0,28806.32,Low Salary,1
15617434,655,Fair,Spain,Male,31-40,9,0,Zero Balance,1,0,1,90490.33,Medium Salary,0
15622470,772,Very Good,Spain,Male,41-50,10,96032.22,Medium Balance,1,1,1,75825.57,Medium Salary,0
15703682,681,Good,Spain,Male,31-40,10,0,Zero Balance,1,0,0,158336.36,Very High salary,0
15727391,688,Good,Germany,Male,21-30,9,144553.5,High Balance,2,1,0,143454.95,High Salary,0
15711062,633,Fair,Germany,Male,31-40,5,86172.81,Medium Balance,2,1,1,117279.49,High Salary,0
15567339,735,Good,France,Male,60+,9,0,Zero Balance,1,1,1,114283.33,High Salary,0
15760662,521,Poor,Germany,Female,21-30,2,87212.8,Medium Balance,1,1,1,994.86,Low Salary,0
15605737,541,Poor,France,Male,31-40,5,0,Zero Balance,2,1,0,124795.84,High Salary,0
15692977,612,Fair,Germany,Female,31-40,2,130700.92,High Balance,2,0,0,77592.8,Medium Salary,0
15672082,562,Poor,France,Male,60+,3,0,Zero Balance,2,1,0,105986.01,High Salary,0
15600280,703,Good,France,Female,31-40,6,0,Zero Balance,2,0,0,33606.52,Low Salary,0
15804052,710,Good,Spain,Male,21-30,6,0,Zero Balance,2,1,1,134188.11,High Salary,0
15576065,731,Good,Spain,Female,31-40,5,171325.98,Very High Balance,1,1,1,159718.27,Very High salary,1
15796838,703,Good,Spain,Male,51-60,4,92930.92,Medium Balance,1,0,1,85148.78,Medium Salary,0
15693526,618,Fair,France,Female,31-40,0,0,Zero Balance,1,1,0,119059.13,High Salary,0
15748595,689,Good,France,Female,21-30,1,77556.79,Medium Balance,2,1,1,122998.26,High Salary,0
15679029,718,Good,France,Male,31-40,7,102874.28,High Balance,1,0,0,117841.06,High Salary,0
15753639,608,Fair,France,Male,31-40,5,146093.39,High Balance,2,0,0,160593.41,Very High salary,0
15604138,749,Very Good,Spain,Male,31-40,2,0,Zero Balance,1,0,0,174189.04,Very High salary,1
15666095,753,Very Good,Spain,Male,51-60,4,79811.72,Medium Balance,2,0,1,68260.27,Medium Salary,1
15643487,630,Fair,Spain,Male,31-40,10,105473.74,High Balance,1,0,0,58854.88,Medium Salary,1
15764033,693,Good,Germany,Female,41-50,1,121927.92,High Balance,1,1,0,87994.95,Medium Salary,1
15747288,838,Excellent,Spain,Female,31-40,6,61671.19,Medium Balance,1,0,1,150659.35,Very High salary,1
15790599,756,Very Good,Germany,Female,31-40,5,149363.12,High Balance,2,1,1,109098.39,High Salary,0
15737705,775,Very Good,France,Female,21-30,4,152309.37,Very High Balance,1,1,0,104112,High Salary,0
15737194,635,Fair,France,Female,31-40,5,0,Zero Balance,2,1,0,122949.71,High Salary,0
15726776,705,Good,Spain,Male,31-40,1,111629.29,High Balance,1,1,1,21807.16,Low Salary,0
15804357,481,Poor,France,Male,31-40,3,0,Zero Balance,1,1,1,32319.93,Low Salary,0
15664432,727,Good,Spain,Female,41-50,7,96296.78,Medium Balance,1,1,0,190457.87,Very High salary,1
15688984,595,Fair,France,Male,0-20,4,95830.43,Medium Balance,1,1,0,177738.98,Very High salary,0
15583026,535,Poor,France,Female,31-40,0,135919.33,High Balance,1,1,0,80425.65,Medium Salary,0
15771668,578,Poor,France,Male,51-60,10,185966.64,Very High Balance,1,0,0,9445.42,Low Salary,1
15779904,597,Fair,France,Female,21-30,5,0,Zero Balance,2,1,1,174825.57,Very High salary,0
15784323,449,Poor,France,Female,21-30,7,0,Zero Balance,2,0,0,175743.92,Very High salary,0
15756277,850,Excellent,Germany,Female,41-50,8,92244.83,Medium Balance,2,1,0,54949.73,Medium Salary,0
15663312,494,Poor,France,Female,31-40,9,112727.06,High Balance,2,1,0,183752.91,Very High salary,0
15793197,676,Good,France,Female,31-40,8,100359.54,High Balance,1,0,0,46038.28,Low Salary,0
15731463,818,Excellent,Germany,Male,41-50,10,105301.5,High Balance,1,1,1,78941.59,Medium Salary,0
15621768,712,Good,Spain,Male,41-50,6,112994.65,High Balance,1,0,0,198398.68,Very High salary,0
15691323,672,Good,Germany,Male,31-40,4,89025.88,Medium Balance,2,1,0,188892.19,Very High salary,0
15781326,636,Fair,France,Male,31-40,9,95478.17,Medium Balance,1,0,0,169286.74,Very High salary,0
15595640,698,Good,France,Male,31-40,8,0,Zero Balance,2,0,0,145004.39,High Salary,0
15814331,597,Fair,Germany,Female,41-50,7,119127.46,High Balance,2,1,0,55809.92,Medium Salary,0
15602030,717,Good,France,Male,21-30,4,128206.79,High Balance,1,1,1,54272.12,Medium Salary,0
15747974,614,Fair,France,Male,41-50,1,0,Zero Balance,2,1,0,192440.54,Very High salary,0
15611315,708,Good,Germany,Female,21-30,4,71433.08,Medium Balance,1,1,0,103697.57,High Salary,0
15636977,507,Poor,Germany,Male,31-40,9,118214.32,High Balance,3,1,0,119110.03,High Salary,1
15690337,581,Fair,France,Female,21-30,5,102258.11,High Balance,2,1,0,194681.6,Very High salary,0
15680666,579,Poor,Spain,Female,31-40,2,151963.26,Very High Balance,2,1,0,158948.63,Very High salary,0
15679551,504,Poor,Spain,Female,41-50,2,163764.84,Very High Balance,1,1,1,165122.55,Very High salary,1
15778915,737,Good,France,Female,31-40,7,128551.36,High Balance,2,0,1,189402.71,Very High salary,0
15568849,540,Poor,Spain,Female,31-40,10,118158.74,High Balance,1,1,1,158027.57,Very High salary,0
15747762,609,Fair,France,Male,31-40,7,118520.41,High Balance,1,0,0,3815.48,Low Salary,0
15753679,778,Very Good,France,Male,21-30,4,0,Zero Balance,2,1,1,162809.2,Very High salary,0
15750049,621,Fair,France,Male,31-40,10,163823.37,Very High Balance,1,0,0,89519.47,Medium Salary,0
15606097,665,Fair,Germany,Male,60+,7,104469.58,High Balance,1,1,1,25165.36,Low Salary,1
15802368,608,Fair,France,Female,41-50,6,0,Zero Balance,1,1,1,126012.57,High Salary,0
15767488,680,Good,Spain,Male,31-40,7,0,Zero Balance,2,1,0,20109.21,Low Salary,0
15669946,663,Fair,Germany,Female,41-50,2,141726.88,High Balance,1,1,1,58257.23,Medium Salary,0
15612103,627,Fair,Germany,Female,31-40,2,137852.96,High Balance,1,1,1,172269.21,Very High salary,1
15645353,607,Fair,France,Male,21-30,1,0,Zero Balance,1,1,0,29818.2,Low Salary,0
15650018,681,Good,France,Female,41-50,8,154100.3,Very High Balance,1,0,0,114659.81,High Salary,0
15659002,766,Very Good,France,Female,41-50,6,0,Zero Balance,2,0,0,147184.74,High Salary,0
15616028,694,Good,France,Male,21-30,2,0,Zero Balance,3,0,1,15039.41,Low Salary,0
15660475,411,Poor,France,Female,51-60,9,0,Zero Balance,1,0,1,76621.49,Medium Salary,0
15652615,742,Very Good,France,Male,31-40,8,140004.96,High Balance,1,1,1,92985.78,Medium Salary,0
15653572,673,Good,Spain,Male,41-50,8,127132.96,High Balance,1,0,1,6009.27,Low Salary,1
15628059,529,Poor,France,Male,60+,1,0,Zero Balance,2,1,1,191370.97,Very High salary,0
15703413,519,Poor,France,Female,31-40,7,125328.56,High Balance,1,1,0,188225.67,Very High salary,0
15610433,573,Poor,France,Male,31-40,9,0,Zero Balance,2,1,0,11743.89,Low Salary,0
15770548,453,Poor,Germany,Female,21-30,3,139986.65,High Balance,1,1,0,136846.75,High Salary,0
15645637,798,Very Good,Germany,Female,31-40,6,119787.76,High Balance,1,1,1,164248.33,Very High salary,0
15590888,693,Good,Spain,Female,31-40,10,107556.06,High Balance,2,0,0,154631.35,Very High salary,0
15568326,637,Fair,France,Female,41-50,2,0,Zero Balance,2,1,0,149665.65,High Salary,0
15655368,672,Good,France,Male,41-50,1,0,Zero Balance,1,0,0,91574.92,Medium Salary,0
15665579,597,Fair,France,Female,21-30,0,142705.95,High Balance,1,1,0,127233.39,High Salary,0
15676091,543,Poor,France,Male,41-50,7,0,Zero Balance,1,1,1,56650.47,Medium Salary,0
15716984,695,Good,Spain,Female,51-60,4,0,Zero Balance,2,1,0,84644.76,Medium Salary,0
15715078,584,Fair,France,Male,31-40,6,161613.94,Very High Balance,2,1,1,148238.16,High Salary,0
15569452,652,Fair,Germany,Female,51-60,3,116353.2,High Balance,2,0,1,193502.9,Very High salary,0
15628863,601,Fair,France,Male,31-40,4,60013.81,Medium Balance,1,1,1,38020.05,Low Salary,0
15778192,628,Fair,Spain,Male,21-30,4,0,Zero Balance,2,1,1,176750.81,Very High salary,0
15793723,607,Fair,Germany,Male,31-40,9,144272.07,High Balance,2,1,0,176580.63,Very High salary,0
15798943,646,Fair,France,Female,41-50,8,0,Zero Balance,2,1,0,133059.15,High Salary,0
15764708,572,Poor,France,Male,21-30,6,117696.67,High Balance,1,1,0,100843.82,High Salary,0
15791040,801,Excellent,Spain,Male,51-60,1,79954.61,Medium Balance,2,1,1,30484.19,Low Salary,0
15631512,597,Fair,France,Female,21-30,8,149989.39,High Balance,1,1,0,42330.58,Low Salary,0
15640106,613,Fair,France,Male,31-40,7,124339.9,High Balance,1,0,0,193309.58,Very High salary,0
15710315,529,Poor,Germany,Male,21-30,4,135759.4,High Balance,1,0,0,112813.79,High Salary,1
15771535,794,Very Good,Spain,Female,31-40,9,0,Zero Balance,2,1,0,68008.85,Medium Salary,0
15611947,557,Poor,France,Male,31-40,3,83074,Medium Balance,1,1,0,132673.22,High Salary,0
15670266,499,Poor,France,Female,21-30,4,141792.61,High Balance,1,1,1,22001.91,Low Salary,0
15609083,544,Poor,France,Female,21-30,6,0,Zero Balance,1,1,0,100200.4,High Salary,1
15567923,739,Good,France,Female,21-30,6,0,Zero Balance,1,0,0,122604.44,High Salary,0
15788183,458,Poor,Germany,Female,41-50,1,106870.12,High Balance,2,1,0,100564.37,High Salary,0
15735782,528,Poor,France,Male,31-40,9,120962.59,High Balance,1,1,0,5419.31,Low Salary,0
15774401,773,Very Good,Spain,Male,51-60,4,0,Zero Balance,2,0,0,123587.83,High Salary,1
15737971,646,Fair,France,Female,21-30,5,0,Zero Balance,2,1,0,13935.32,Low Salary,0
15758750,564,Poor,France,Male,31-40,0,110527.17,High Balance,1,1,1,87060.77,Medium Salary,0
15611767,624,Fair,Germany,Female,51-60,0,133723.43,High Balance,1,0,0,4859.59,Low Salary,1
15643770,682,Good,France,Female,51-60,5,112670.48,High Balance,1,1,0,21085.17,Low Salary,1
15744717,726,Good,France,Female,41-50,2,0,Zero Balance,2,1,1,26733.86,Low Salary,0
15570681,560,Poor,France,Male,21-30,1,116084.32,High Balance,1,1,0,89734.7,Medium Salary,0
15792650,382,Poor,Spain,Male,31-40,0,0,Zero Balance,1,1,1,179540.73,Very High salary,1
15605531,457,Poor,Spain,Female,31-40,6,0,Zero Balance,2,1,0,173219.09,Very High salary,0
15605339,673,Good,France,Female,31-40,10,0,Zero Balance,2,1,1,37411.35,Low Salary,0
15672216,584,Fair,France,Female,31-40,4,82441.75,Medium Balance,1,0,0,80852.11,Medium Salary,0
15812893,629,Fair,France,Female,31-40,10,0,Zero Balance,2,1,1,43174.49,Low Salary,1
15624180,584,Fair,Germany,Female,31-40,10,134171.8,High Balance,4,1,1,70927.11,Medium Salary,1
15701364,724,Good,France,Male,21-30,10,0,Zero Balance,2,1,1,54265.55,Medium Salary,0
15762588,644,Fair,France,Male,31-40,5,0,Zero Balance,2,1,1,41872.17,Low Salary,0
15806318,676,Good,Germany,Female,41-50,2,124442.38,High Balance,1,1,0,15068.53,Low Salary,1
15712596,499,Poor,France,Male,31-40,4,0,Zero Balance,1,1,0,25950.49,Low Salary,0
15600399,598,Fair,France,Male,51-60,4,0,Zero Balance,1,1,0,197727.14,Very High salary,1
15576216,655,Fair,Germany,Female,31-40,4,108862.76,High Balance,1,1,0,79555.08,Medium Salary,1
15620750,559,Poor,France,Male,21-30,3,141099.43,High Balance,1,1,1,15607.27,Low Salary,0
15623489,543,Poor,France,Female,60+,0,128843.67,High Balance,1,1,1,134612.48,High Salary,0
15667944,679,Good,France,Male,31-40,0,86843.61,Medium Balance,1,0,1,159830.58,Very High salary,0
15584928,594,Fair,Germany,Female,31-40,4,120074.97,High Balance,2,1,1,162961.79,Very High salary,0
15779913,586,Fair,France,Male,21-30,5,130231.8,High Balance,2,1,1,192427.16,Very High salary,0
15644977,776,Very Good,France,Female,31-40,5,0,Zero Balance,2,1,0,92647.94,Medium Salary,0
15749679,699,Good,France,Male,31-40,2,109724.38,High Balance,1,1,1,180022.39,Very High salary,0
15629010,847,Excellent,Germany,Female,31-40,5,111743.43,High Balance,1,1,1,183584.14,Very High salary,0
15768465,582,Fair,Germany,Male,31-40,8,121309.17,High Balance,2,1,1,28750.67,Low Salary,0
15767781,648,Fair,France,Male,31-40,10,82697.28,Medium Balance,1,1,0,74846.67,Medium Salary,0
15635364,618,Fair,France,Female,41-50,9,44301.43,Low Balance,3,1,1,89729.3,Medium Salary,1
15722004,543,Poor,France,Female,31-40,4,138317.94,High Balance,1,0,0,61843.73,Medium Salary,0
15766044,642,Fair,Germany,Male,41-50,4,120688.61,High Balance,1,1,0,24770.22,Low Salary,1
15586680,462,Poor,France,Male,21-30,4,176913.52,Very High Balance,1,1,0,80587.27,Medium Salary,0
15635388,640,Fair,Spain,Male,41-50,6,89047.14,Medium Balance,1,1,0,116286.25,High Salary,0
15655175,740,Very Good,Germany,Male,31-40,4,114318.78,High Balance,2,1,0,129333.69,High Salary,1
15639133,773,Very Good,France,Female,41-50,4,0,Zero Balance,2,1,0,129372.94,High Salary,0
15799653,583,Fair,Germany,Female,31-40,7,94753.55,Medium Balance,2,1,1,18149.03,Low Salary,0
15723872,589,Fair,Spain,Female,41-50,10,0,Zero Balance,2,0,1,168369.37,Very High salary,0
15775627,509,Poor,France,Male,31-40,8,0,Zero Balance,2,0,1,67431.28,Medium Salary,0
15630704,612,Fair,Germany,Male,31-40,9,106520.73,High Balance,2,1,0,177092.16,Very High salary,0
15815534,505,Poor,Spain,Male,31-40,0,134006.39,High Balance,1,1,1,93736.69,Medium Salary,0
15697249,546,Poor,Germany,Female,21-30,3,132837.7,High Balance,1,1,0,131647.31,High Salary,0
15681316,681,Good,France,Female,41-50,0,120549.29,High Balance,2,1,0,175722.31,Very High salary,0
15682523,762,Very Good,France,Male,0-20,1,139432.55,High Balance,1,1,1,85606.83,Medium Salary,0
15650244,786,Very Good,Spain,Male,21-30,7,80895.44,Medium Balance,2,1,0,64945.57,Medium Salary,0
15648638,629,Fair,Spain,Male,31-40,6,0,Zero Balance,2,1,0,190347.72,Very High salary,0
15795747,787,Very Good,Spain,Female,31-40,7,171646.76,Very High Balance,1,0,1,100791.36,High Salary,0
15607330,713,Good,Spain,Male,41-50,0,109121.71,High Balance,1,0,1,167873.49,Very High salary,0
15624013,541,Poor,France,Female,31-40,6,109844.81,High Balance,1,1,0,25289.23,Low Salary,0
15800805,451,Poor,France,Female,31-40,7,140931.82,High Balance,1,0,1,20388.77,Low Salary,0
15667321,644,Fair,Spain,Male,41-50,10,0,Zero Balance,2,1,1,145089.64,High Salary,0
15601116,686,Good,France,Male,31-40,6,0,Zero Balance,2,1,1,179093.26,Very High salary,0
15622033,847,Excellent,Germany,Female,41-50,3,101543.51,High Balance,4,1,0,16025.17,Low Salary,1
15758451,765,Very Good,Germany,Male,31-40,7,102708.77,High Balance,1,1,0,9087.81,Low Salary,0
15688689,678,Good,Germany,Female,31-40,8,149000.91,High Balance,2,1,1,21472.42,Low Salary,0
15652674,539,Poor,France,Male,0-20,0,83459.86,Medium Balance,1,1,1,146752.67,High Salary,0
15806327,800,Excellent,France,Female,31-40,3,75893.11,Medium Balance,2,1,0,132562.23,High Salary,0
15649618,799,Very Good,Germany,Female,31-40,7,167395.6,Very High Balance,2,0,1,139537.43,High Salary,0
15677117,629,Fair,France,Female,60+,6,0,Zero Balance,2,1,1,133672.61,High Salary,0
15751445,734,Good,Germany,Female,51-60,6,71283.09,Medium Balance,2,0,1,38984.37,Low Salary,0
15749669,542,Poor,France,Female,31-40,3,0,Zero Balance,2,1,1,115217.59,High Salary,0
15656351,414,Poor,Spain,Male,51-60,3,0,Zero Balance,2,1,1,93844.82,Medium Salary,0
15667438,675,Good,France,Female,31-40,1,104016.88,High Balance,1,0,0,22068.83,Low Salary,1
15682273,683,Good,France,Female,31-40,5,127616.56,High Balance,1,1,0,123846.07,High Salary,0
15580912,748,Very Good,France,Male,31-40,5,154737.88,Very High Balance,2,1,1,172638.13,Very High salary,0
15785183,596,Fair,Spain,Male,21-30,2,0,Zero Balance,2,1,1,1591.19,Low Salary,0
15705383,642,Fair,France,Male,31-40,4,125476.31,High Balance,1,1,1,91775.51,Medium Salary,0
15712903,499,Poor,France,Female,21-30,3,176511.08,Very High Balance,1,1,1,153920.22,Very High salary,0
15774285,649,Fair,Spain,Female,41-50,8,110783.28,High Balance,1,1,1,71420.16,Medium Salary,0
15583138,739,Good,France,Male,41-50,2,141642.92,High Balance,2,1,0,172149.76,Very High salary,0
15740160,616,Fair,France,Male,31-40,1,0,Zero Balance,2,1,1,54706.75,Medium Salary,0
15793425,560,Poor,Spain,Female,31-40,9,0,Zero Balance,1,0,1,183358.21,Very High salary,0
15749265,427,Poor,Germany,Male,41-50,1,75681.52,Medium Balance,1,1,1,57098,Medium Salary,0
15623989,435,Poor,France,Male,51-60,3,0,Zero Balance,1,1,0,156910.46,Very High salary,1
15604832,633,Fair,France,Male,21-30,7,0,Zero Balance,1,1,1,130224.73,High Salary,0
15584580,443,Poor,France,Male,31-40,6,161111.45,Very High Balance,1,0,0,13946.66,Low Salary,0
15573854,727,Good,France,Male,60+,5,0,Zero Balance,2,0,1,38652.96,Low Salary,0
15614847,674,Good,France,Female,41-50,6,72494.69,Medium Balance,1,0,1,140041.78,High Salary,0
15679966,661,Fair,France,Female,31-40,3,133964.3,High Balance,1,1,1,166187.1,Very High salary,0
15799435,619,Fair,Spain,Male,31-40,1,0,Zero Balance,1,1,0,139919.38,High Salary,0
15752186,562,Poor,France,Female,21-30,3,0,Zero Balance,2,1,0,28137.03,Low Salary,0
15705544,633,Fair,France,Male,60+,3,157201.48,Very High Balance,1,0,1,50368.63,Medium Salary,0
15713632,551,Poor,Spain,Female,41-50,5,95679.29,Medium Balance,1,0,0,94978.1,Medium Salary,0
15586523,720,Good,Germany,Female,21-30,7,106230.92,High Balance,1,1,1,69903.93,Medium Salary,1
15609176,688,Good,France,Female,31-40,5,0,Zero Balance,2,0,1,177607.77,Very High salary,0
15769308,635,Fair,Germany,Female,31-40,9,81231.85,Medium Balance,2,1,0,196731.08,Very High salary,0
15676810,561,Poor,France,Female,31-40,1,81480.27,Medium Balance,2,1,1,65234.6,Medium Salary,0
15634591,850,Excellent,France,Male,31-40,8,73059.38,Medium Balance,1,1,1,186281,Very High salary,0
15679804,636,Fair,France,Male,31-40,5,117559.05,High Balance,2,1,1,111573.3,High Salary,0
15677764,461,Poor,Germany,Female,60+,1,186445.31,Very High Balance,2,1,1,196767.83,Very High salary,0
15571917,771,Very Good,Germany,Female,31-40,5,137657.71,High Balance,2,1,0,72985.61,Medium Salary,0
15574608,713,Good,France,Male,31-40,8,133889.35,High Balance,1,1,1,143265.65,High Salary,0
15740868,658,Fair,Germany,Female,41-50,9,134562.8,High Balance,1,1,1,159268.67,Very High salary,0
15702442,586,Fair,Germany,Female,51-60,9,100781.75,High Balance,2,1,1,54448.41,Medium Salary,0
15699797,737,Good,France,Male,21-30,8,174356.13,Very High Balance,1,0,0,31928.5,Low Salary,0
15648047,742,Very Good,Germany,Male,21-30,5,190125.43,Very High Balance,2,0,0,21793.59,Low Salary,0
15766826,824,Excellent,France,Male,21-30,7,146266,High Balance,1,1,0,21903.62,Low Salary,1
15591628,701,Good,Germany,Male,41-50,9,164046.1,Very High Balance,1,1,0,49405.93,Low Salary,0
15583857,623,Fair,Spain,Female,41-50,4,123536.52,High Balance,2,0,0,154908.52,Very High salary,0
15752534,744,Very Good,France,Male,31-40,10,0,Zero Balance,2,1,1,182867.84,Very High salary,0
15741403,698,Good,Spain,Female,31-40,1,171848.38,Very High Balance,1,0,0,16957.45,Low Salary,0
15783589,616,Fair,France,Male,31-40,9,0,Zero Balance,2,0,0,93717.55,Medium Salary,0
15598046,662,Fair,France,Female,31-40,5,139562.05,High Balance,2,1,0,61636.22,Medium Salary,0
15643330,594,Fair,France,Male,31-40,2,0,Zero Balance,2,0,1,95864.5,Medium Salary,0
15680405,685,Good,France,Male,31-40,2,168001.34,Very High Balance,2,1,1,167400.29,Very High salary,0
15728683,742,Very Good,France,Male,21-30,0,0,Zero Balance,2,0,1,131534.96,High Salary,0
15621644,678,Good,Germany,Male,60+,6,123356.63,High Balance,1,0,1,92934.41,Medium Salary,0
15733032,651,Fair,Spain,Male,41-50,2,0,Zero Balance,2,1,1,119808.64,High Salary,0
15608381,585,Fair,Germany,Male,41-50,2,125845.66,High Balance,1,1,0,9439.31,Low Salary,1
15658946,579,Poor,Germany,Male,31-40,10,45408.85,Low Balance,2,1,0,18732.91,Low Salary,0
15757912,722,Good,Germany,Female,31-40,0,125977.81,High Balance,1,0,0,160162.42,Very High salary,0
15645371,613,Fair,Germany,Female,51-60,7,147262.11,High Balance,1,1,1,53630.9,Medium Salary,1
15653110,694,Good,France,Male,41-50,8,133767.19,High Balance,1,1,0,36405.21,Low Salary,0
15766355,550,Poor,Germany,Male,41-50,0,108806.96,High Balance,3,1,0,61446.92,Medium Salary,1
15585249,741,Very Good,France,Male,41-50,6,106036.52,High Balance,1,1,0,194686.78,Very High salary,1
15611786,668,Fair,Spain,Female,60+,9,0,Zero Balance,1,0,1,134483.07,High Salary,0
15575486,529,Poor,France,Female,21-30,1,0,Zero Balance,2,1,1,37769.98,Low Salary,0
15780215,636,Fair,France,Male,31-40,6,0,Zero Balance,2,1,1,2382.61,Low Salary,0
15686099,563,Poor,Spain,Male,60+,1,82182.1,Medium Balance,1,1,0,106826.92,High Salary,1
15739042,767,Very Good,France,Female,31-40,9,0,Zero Balance,2,1,0,39511.61,Low Salary,0
15815316,644,Fair,France,Male,41-50,9,76817,Medium Balance,4,1,0,196371.13,Very High salary,1
15778489,780,Very Good,Germany,Male,60+,9,142550.25,High Balance,2,1,1,122506.78,High Salary,0
15786389,635,Fair,Spain,Female,41-50,10,0,Zero Balance,2,1,1,61994.2,Medium Salary,0
15601787,641,Fair,Germany,Male,31-40,2,103711.56,High Balance,1,0,1,192464.21,Very High salary,1
15624715,593,Fair,Spain,Female,31-40,2,0,Zero Balance,1,1,1,5194.95,Low Salary,0
15763093,540,Poor,Germany,Female,31-40,7,128369.75,High Balance,2,1,0,198256.15,Very High salary,0
15572073,663,Fair,Spain,Male,31-40,5,0,Zero Balance,2,1,1,62634.94,Medium Salary,0
15780256,630,Fair,France,Male,31-40,9,0,Zero Balance,2,1,1,114006.35,High Salary,0
15659305,605,Fair,Germany,Male,0-20,8,166133.28,Very High Balance,1,1,1,107994.99,High Salary,0
15638882,710,Good,Germany,Female,60+,9,148214.36,High Balance,1,1,0,48571.14,Low Salary,1
15714680,755,Very Good,France,Female,60+,5,121206.96,High Balance,1,1,1,76016.49,Medium Salary,0
15777217,641,Fair,Spain,Male,21-30,10,0,Zero Balance,2,1,1,180808.39,Very High salary,0
15739123,737,Good,Germany,Male,41-50,4,127552.85,High Balance,2,1,0,4225.11,Low Salary,0
15594450,695,Good,France,Male,41-50,9,159458.53,Very High Balance,1,1,0,135841.35,High Salary,0
15797751,466,Poor,Germany,Female,41-50,5,102085.72,High Balance,1,1,1,183536.24,Very High salary,1
15691543,558,Poor,Germany,Male,51-60,2,142537.18,High Balance,1,1,1,88791.83,Medium Salary,0
15722845,665,Fair,Spain,Male,21-30,1,182781.74,Very High Balance,2,1,1,63732.9,Medium Salary,0
15605804,737,Good,France,Male,41-50,10,0,Zero Balance,2,1,0,1364.54,Low Salary,0
15702061,654,Fair,France,Male,21-30,7,0,Zero Balance,2,1,1,149184.15,High Salary,0
15694321,619,Fair,France,Female,21-30,3,0,Zero Balance,2,1,0,53394.12,Medium Salary,0
15798749,845,Excellent,Germany,Female,41-50,3,152063.59,Very High Balance,2,1,0,97910.06,Medium Salary,0
15720050,727,Good,France,Female,21-30,2,110997.76,High Balance,1,1,0,101433.76,High Salary,0
15758048,582,Fair,France,Male,41-50,2,148942,High Balance,1,1,1,116944.3,High Salary,0
15805681,716,Good,France,Male,41-50,9,0,Zero Balance,1,1,1,113267.48,High Salary,0
15802809,660,Fair,Spain,Female,31-40,0,84438.57,Medium Balance,1,1,1,181449.51,Very High salary,0
15807239,664,Fair,France,Female,31-40,7,93920.47,Medium Balance,1,0,0,179913.98,Very High salary,0
15749093,801,Excellent,France,Male,41-50,4,158713.08,Very High Balance,2,0,0,98586.14,Medium Salary,0
15689344,615,Fair,Spain,Male,41-50,4,0,Zero Balance,3,0,1,120321.09,High Salary,0
15606076,718,Good,Germany,Male,60+,7,123204.88,High Balance,1,1,1,100538.8,High Salary,0
15610090,667,Fair,France,Male,31-40,8,72945.29,Medium Balance,2,1,0,98931.5,Medium Salary,0
15693926,670,Good,Spain,Male,31-40,0,178742.71,Very High Balance,1,1,1,194493.57,Very High salary,0
15791501,590,Fair,France,Male,41-50,8,0,Zero Balance,2,1,1,143628.31,High Salary,0
15621870,739,Good,Spain,Female,31-40,8,0,Zero Balance,1,1,0,167030.51,Very High salary,0
15734711,373,Poor,France,Male,41-50,7,0,Zero Balance,1,1,0,77786.37,Medium Salary,1
15814405,418,Poor,France,Female,41-50,9,0,Zero Balance,1,1,1,81014.5,Medium Salary,1
15729359,837,Excellent,France,Female,21-30,9,0,Zero Balance,2,1,1,41866.26,Low Salary,0
15606944,645,Fair,Germany,Male,41-50,9,140121.17,High Balance,1,1,0,11302.7,Low Salary,1
15671934,552,Poor,Germany,Male,31-40,2,132906.88,High Balance,1,0,1,149384.43,High Salary,0
15641773,580,Fair,Germany,Male,41-50,2,179334.83,Very High Balance,2,1,1,169303.65,Very High salary,0
15701972,684,Good,France,Male,31-40,3,137179.39,High Balance,1,1,1,37264.11,Low Salary,0
15749114,634,Fair,Spain,Male,31-40,3,0,Zero Balance,2,1,1,19515.48,Low Salary,0
15780362,607,Fair,France,Female,41-50,9,119960.29,High Balance,2,1,0,103068.22,High Salary,0
15753229,802,Excellent,France,Male,21-30,9,127414.55,High Balance,1,1,1,134459.12,High Salary,0
15656009,736,Good,France,Female,31-40,6,0,Zero Balance,1,1,0,70496.66,Medium Salary,0
15785024,629,Fair,France,Female,31-40,9,137409.19,High Balance,1,1,0,175877.7,Very High salary,1
15670492,737,Good,France,Male,21-30,8,0,Zero Balance,2,1,0,106390.01,High Salary,0
15795458,718,Good,Spain,Female,31-40,2,0,Zero Balance,1,1,1,52138.49,Medium Salary,0
15732438,561,Poor,France,Male,41-50,4,0,Zero Balance,4,0,0,18522.91,Low Salary,1
15781987,641,Fair,France,Male,31-40,9,112494.99,High Balance,1,1,1,32231.6,Low Salary,0
15775826,677,Good,France,Male,21-30,1,78133.15,Medium Balance,1,0,1,174225.88,Very High salary,0
15807457,641,Fair,Spain,Female,31-40,1,0,Zero Balance,2,1,0,102021.39,High Salary,0
15632538,658,Fair,Spain,Female,31-40,5,145553.07,High Balance,1,1,1,31484.76,Low Salary,0
15641389,659,Fair,Germany,Male,41-50,4,123593.22,High Balance,2,1,0,82469.06,Medium Salary,1
15657306,567,Poor,France,Female,41-50,2,0,Zero Balance,1,0,0,110900.43,High Salary,1
15709447,584,Fair,France,Female,21-30,0,146286.22,High Balance,1,1,0,105105.35,High Salary,0
15762682,709,Good,Spain,Female,31-40,1,111827.27,High Balance,2,1,0,12674.68,Low Salary,0
15626042,690,Good,Spain,Female,21-30,2,0,Zero Balance,2,1,1,93255.85,Medium Salary,0
15597109,627,Fair,France,Male,60+,1,94416.78,Medium Balance,1,0,1,145299.5,High Salary,0
15756148,765,Very Good,Spain,Male,41-50,2,91549.78,Medium Balance,1,1,1,47139.44,Low Salary,0
15665634,645,Fair,France,Female,31-40,7,59568.57,Medium Balance,1,1,1,167723.25,Very High salary,0
15739997,716,Good,France,Female,21-30,2,94464.81,Medium Balance,2,0,1,185900.88,Very High salary,0
15686242,771,Very Good,France,Female,51-60,4,0,Zero Balance,1,0,0,85876.67,Medium Salary,1
15759244,687,Good,Germany,Male,41-50,8,95368.14,Medium Balance,2,1,1,1787.85,Low Salary,0
15672027,717,Good,Germany,Female,31-40,10,102185.42,High Balance,2,1,0,23231.93,Low Salary,0
15594576,524,Poor,France,Male,31-40,1,144875.71,High Balance,1,0,0,187740.04,Very High salary,0
15707138,679,Good,Spain,Male,31-40,5,0,Zero Balance,2,1,1,100060.54,High Salary,0
15756954,538,Poor,France,Female,31-40,2,0,Zero Balance,1,1,1,80130.54,Medium Salary,0
15619130,752,Very Good,Germany,Female,31-40,5,113291.05,High Balance,2,1,1,132467.54,High Salary,0
15639665,846,Excellent,Spain,Male,60+,0,0,Zero Balance,2,1,1,96202.44,Medium Salary,0
15571065,532,Poor,Spain,Female,31-40,0,0,Zero Balance,2,1,0,94977.3,Medium Salary,0
15686060,670,Good,Germany,Male,41-50,9,111677.88,High Balance,1,1,0,178827.3,Very High salary,1
15615753,597,Fair,Germany,Female,31-40,8,131101.04,High Balance,1,1,1,192852.67,Very High salary,0
15800961,627,Fair,Germany,Male,51-60,1,76101.81,Medium Balance,2,0,1,177238.35,Very High salary,0
15763065,700,Good,Spain,Female,31-40,2,0,Zero Balance,2,1,0,199753.97,Very High salary,0
15672467,766,Very Good,France,Female,51-60,7,92510.9,Medium Balance,2,0,1,66193.61,Medium Salary,0
15752915,488,Poor,France,Female,31-40,2,0,Zero Balance,2,1,1,181270.84,Very High salary,0
15744695,694,Good,France,Male,31-40,5,77652.4,Medium Balance,1,1,1,25407.59,Low Salary,0
15584897,639,Fair,France,Female,31-40,3,98360.03,Medium Balance,1,0,0,20973.8,Low Salary,0
15601857,705,Good,Germany,Female,41-50,4,115518.07,High Balance,1,0,0,76544.9,Medium Salary,1
15674156,810,Excellent,Germany,Male,60+,3,27288.43,Low Balance,1,1,1,110509.9,High Salary,0
15695465,638,Fair,France,Female,31-40,6,0,Zero Balance,1,1,0,164247.51,Very High salary,0
15792232,595,Fair,Spain,Female,41-50,5,0,Zero Balance,2,0,0,105149.8,High Salary,0
15807900,575,Poor,France,Male,31-40,7,0,Zero Balance,1,1,1,55868.97,Medium Salary,1
15743760,850,Excellent,France,Male,31-40,6,131996.66,High Balance,2,1,1,178747.43,Very High salary,0
15652835,419,Poor,Spain,Female,21-30,2,121580.42,High Balance,1,0,1,134720.51,High Salary,0
15767818,640,Fair,France,Male,51-60,10,132436.34,High Balance,1,1,0,978.66,Low Salary,0
15591150,570,Poor,Spain,Male,31-40,10,0,Zero Balance,2,0,1,183387.12,Very High salary,0
15734659,640,Fair,Germany,Female,41-50,5,107978.4,High Balance,2,1,0,155876.06,Very High salary,0
15796115,689,Good,Germany,Female,31-40,4,78119.59,Medium Balance,4,1,0,119259.34,High Salary,1
15724648,725,Good,France,Male,21-30,6,98684.15,Medium Balance,1,0,0,133720.57,High Salary,0
15737732,751,Very Good,France,Female,41-50,10,0,Zero Balance,2,1,0,170634.49,Very High salary,0
15632280,544,Poor,Spain,Female,51-60,9,0,Zero Balance,1,1,0,125692.07,High Salary,1
15750407,768,Very Good,Germany,Female,41-50,2,129264.05,High Balance,2,0,0,19150.14,Low Salary,0
15795370,648,Fair,Germany,Male,31-40,6,131753.41,High Balance,1,1,0,86894.67,Medium Salary,0
15656829,577,Poor,Spain,Female,31-40,6,0,Zero Balance,2,1,0,57975.8,Medium Salary,0
15643794,639,Fair,Spain,Female,21-30,2,0,Zero Balance,1,1,1,82938.99,Medium Salary,0
15798605,686,Good,Germany,Male,21-30,1,57422.62,Medium Balance,1,1,1,79189.4,Medium Salary,0
15637324,657,Fair,France,Female,21-30,7,0,Zero Balance,2,0,1,5177.62,Low Salary,0
15589589,613,Fair,France,Male,31-40,5,144094.2,High Balance,1,1,0,44510.26,Low Salary,0
15778936,701,Good,France,Male,31-40,9,147510.34,High Balance,1,1,0,190611.92,Very High salary,0
15757385,578,Poor,Spain,Female,21-30,8,161592.76,Very High Balance,1,1,0,177834.79,Very High salary,0
15666200,689,Good,France,Female,31-40,1,0,Zero Balance,2,1,1,119446.64,High Salary,0
15683977,687,Good,Spain,Female,60+,4,0,Zero Balance,2,1,1,50267.69,Medium Salary,0
15675518,499,Poor,Spain,Female,51-60,1,75225.53,Medium Balance,2,0,0,144849.1,High Salary,1
15584812,693,Good,Spain,Female,31-40,0,0,Zero Balance,2,0,0,81901.6,Medium Salary,0
15752984,737,Good,France,Female,60+,9,87542.89,Medium Balance,2,1,1,42576.86,Low Salary,0
15577913,651,Fair,France,Female,31-40,8,144581.96,High Balance,1,1,1,87609.5,Medium Salary,0
15591980,753,Very Good,France,Male,31-40,5,122568.05,High Balance,2,1,1,82820.85,Medium Salary,0
15598948,523,Poor,Spain,Female,21-30,5,172231.93,Very High Balance,1,0,1,155144.12,Very High salary,0
15574142,458,Poor,Germany,Female,21-30,2,171932.26,Very High Balance,2,1,1,9578.24,Low Salary,0
15582903,643,Fair,France,Male,31-40,7,0,Zero Balance,2,1,1,170392.59,Very High salary,0
15733229,638,Fair,Spain,Female,31-40,7,0,Zero Balance,2,0,0,3946.29,Low Salary,0
15635752,685,Good,Germany,Male,31-40,4,111798.06,High Balance,2,1,1,102184.66,High Salary,0
15771000,684,Good,France,Male,31-40,4,0,Zero Balance,3,1,0,75609.84,Medium Salary,0
15804864,670,Good,France,Female,21-30,5,79336.61,Medium Balance,1,1,1,26170.08,Low Salary,0
15641175,701,Good,Germany,Male,60+,3,120916.52,High Balance,3,0,0,144727.45,High Salary,1
15692226,705,Good,France,Female,31-40,3,142905.51,High Balance,1,1,1,58134.97,Medium Salary,0
15584156,593,Fair,Spain,Male,21-30,10,0,Zero Balance,3,0,0,94620,Medium Salary,1
15702656,651,Fair,France,Female,31-40,1,96834.78,Medium Balance,1,1,0,108764.69,High Salary,0
15606552,741,Very Good,France,Male,31-40,9,105261.76,High Balance,2,1,1,149503.54,High Salary,0
15687001,596,Fair,Germany,Male,51-60,1,123544,High Balance,1,1,1,120314.75,High Salary,1
15781903,581,Fair,Germany,Male,41-50,2,127913.71,High Balance,2,1,1,44205.95,Low Salary,0
15731951,689,Good,Spain,Female,21-30,5,95328.6,Medium Balance,1,1,0,6129.61,Low Salary,1
15580953,544,Poor,France,Male,21-30,4,73218.89,Medium Balance,1,0,1,126796.69,High Salary,0
15810390,718,Good,France,Female,41-50,1,0,Zero Balance,2,0,1,27509.52,Low Salary,1
15628274,583,Fair,Germany,Male,31-40,8,149995.72,High Balance,2,1,0,42143.55,Low Salary,0
15615444,663,Fair,Germany,Male,21-30,8,123674.28,High Balance,2,1,1,87985.2,Medium Salary,0
15784010,666,Fair,Germany,Male,31-40,2,124125.26,High Balance,1,1,0,81884.8,Medium Salary,0
15571586,524,Poor,Spain,Male,21-30,3,159035.45,Very High Balance,1,1,0,2705.31,Low Salary,1
15748616,599,Fair,France,Male,21-30,5,0,Zero Balance,2,1,0,30546.4,Low Salary,0
15769402,667,Fair,France,Male,21-30,7,156811.74,Very High Balance,1,1,1,149402.59,High Salary,0
15739248,727,Good,France,Male,51-60,4,0,Zero Balance,2,1,1,118429.02,High Salary,0
15603481,689,Good,Spain,Female,51-60,4,0,Zero Balance,2,1,1,58442.25,Medium Salary,0
15723604,639,Fair,France,Male,31-40,6,150555.83,Very High Balance,1,1,0,30414.17,Low Salary,0
15797822,678,Good,France,Male,21-30,2,109137.12,High Balance,1,1,1,58814.41,Medium Salary,0
15665064,523,Poor,France,Male,31-40,8,158351.02,Very High Balance,2,1,0,155304.53,Very High salary,0
15640580,650,Fair,France,Female,41-50,9,0,Zero Balance,1,1,0,187943.6,Very High salary,0
15581089,744,Very Good,Spain,Male,31-40,7,0,Zero Balance,2,1,1,43036.6,Low Salary,0
15728605,697,Good,France,Male,31-40,4,0,Zero Balance,2,0,1,26543.28,Low Salary,0
15737385,800,Excellent,Spain,Female,41-50,6,0,Zero Balance,2,1,0,171928.04,Very High salary,0
15714789,664,Fair,France,Male,21-30,7,0,Zero Balance,1,0,1,35611.35,Low Salary,0
15786035,740,Very Good,France,Male,31-40,9,0,Zero Balance,2,1,0,19047.23,Low Salary,0
15815259,835,Excellent,France,Female,51-60,2,0,Zero Balance,2,1,1,39820.13,Low Salary,0
15592716,559,Poor,France,Male,51-60,2,0,Zero Balance,1,1,0,129013.59,High Salary,1
15734850,676,Good,Spain,Male,31-40,1,82729.49,Medium Balance,1,1,0,113810.12,High Salary,0
15638047,613,Fair,Germany,Female,41-50,9,142765.24,High Balance,2,1,0,34749.65,Low Salary,0
15674573,713,Good,France,Female,21-30,4,121172.97,High Balance,1,1,1,56268.98,Medium Salary,0
15694859,751,Very Good,Germany,Female,21-30,10,132932.14,High Balance,2,1,1,46630.47,Low Salary,0
15776404,523,Poor,France,Male,21-30,8,123374.46,High Balance,1,1,1,124906.59,High Salary,0
15579345,775,Very Good,Germany,Female,60+,0,161371.5,Very High Balance,1,1,1,134869.93,High Salary,0
15690733,608,Fair,Spain,Male,41-50,4,0,Zero Balance,2,0,0,36697.48,Low Salary,1
15631481,673,Good,France,Male,51-60,8,79563.36,Medium Balance,2,1,1,172200.91,Very High salary,0
15620988,616,Fair,France,Male,41-50,2,0,Zero Balance,2,1,0,137136.46,High Salary,0
15571529,650,Fair,Germany,Female,41-50,7,138232.24,High Balance,1,1,0,57594.78,Medium Salary,0
15592104,655,Fair,France,Female,41-50,5,0,Zero Balance,1,0,0,36548,Low Salary,1
15651900,782,Very Good,Germany,Female,51-60,1,81571.05,Medium Balance,1,1,0,182960.46,Very High salary,1
15596212,781,Very Good,Spain,Male,31-40,1,0,Zero Balance,2,0,0,42117.9,Low Salary,0
15710687,593,Fair,France,Female,31-40,0,95927.04,Medium Balance,1,1,0,199478.05,Very High salary,0
15613787,505,Poor,Spain,Male,31-40,8,116932.59,High Balance,1,1,0,91092.84,Medium Salary,0
15599211,707,Good,France,Male,31-40,1,0,Zero Balance,2,1,0,14090.4,Low Salary,1
15675983,692,Good,France,Female,31-40,3,79551.12,Medium Balance,1,0,1,178267.07,Very High salary,0
15622370,813,Excellent,Germany,Male,21-30,1,116416.94,High Balance,1,0,1,85808.22,Medium Salary,0
15656319,850,Excellent,Spain,Male,31-40,4,88141.1,Medium Balance,1,1,0,109659.12,High Salary,0
15605130,753,Very Good,France,Male,31-40,6,177729.13,Very High Balance,1,1,1,161642.08,Very High salary,0
15672574,850,Excellent,Spain,Female,31-40,5,0,Zero Balance,1,1,1,3830.59,Low Salary,0
15659355,671,Good,Spain,Male,31-40,6,123912.78,High Balance,2,1,1,146636.44,High Salary,0
15777907,791,Very Good,France,Female,31-40,3,0,Zero Balance,1,1,1,144413.92,High Salary,1
15655171,624,Fair,France,Male,60+,3,0,Zero Balance,1,1,1,65801.44,Medium Salary,0
15619674,649,Fair,France,Female,31-40,4,108306.44,High Balance,1,1,1,192486.24,Very High salary,0
15775192,732,Good,Germany,Female,41-50,4,102962.62,High Balance,1,1,0,120852.85,High Salary,1
15617657,664,Fair,France,Female,31-40,0,103502.22,High Balance,1,1,1,146191.82,High Salary,0
15688951,789,Very Good,Germany,Male,41-50,8,119654.44,High Balance,2,0,1,148412.24,High Salary,1
15763460,680,Good,France,Male,31-40,10,183768.47,Very High Balance,1,1,0,164119.35,Very High salary,0
15756992,701,Good,France,Male,31-40,1,0,Zero Balance,2,1,0,163457.55,Very High salary,0
15617454,684,Good,France,Female,21-30,1,0,Zero Balance,2,0,1,144978.47,High Salary,0
15701932,586,Fair,France,Female,51-60,6,140900.97,High Balance,1,1,1,67288.89,Medium Salary,0
15700813,522,Poor,Germany,Female,21-30,5,94049.92,Medium Balance,2,1,0,103269,High Salary,0
15645600,739,Good,Spain,Female,21-30,8,98926.4,Medium Balance,1,1,1,106969.98,High Salary,0
15634146,835,Excellent,Germany,Male,0-20,2,142872.36,High Balance,1,1,1,117632.63,High Salary,0
15686743,790,Very Good,Spain,Male,21-30,3,46057.96,Low Balance,2,1,1,189777.66,Very High salary,0
15698792,671,Good,France,Female,41-50,6,119769.77,High Balance,1,0,1,66032.65,Medium Salary,0
15591724,560,Poor,France,Female,41-50,5,143244.97,High Balance,1,1,0,98661.27,Medium Salary,0
15571281,651,Fair,France,Male,21-30,10,79562.98,Medium Balance,1,1,1,74687.37,Medium Salary,0
15661380,682,Good,France,Male,60+,6,0,Zero Balance,2,0,1,149604.18,High Salary,0
15728885,808,Excellent,France,Male,41-50,0,0,Zero Balance,1,1,1,79888.78,Medium Salary,0
15618950,644,Fair,Spain,Male,21-30,8,96659.64,Medium Balance,2,1,1,138775.69,High Salary,0
15609804,688,Good,France,Male,21-30,1,0,Zero Balance,2,1,0,154695.57,Very High salary,0
15735849,617,Fair,France,Female,21-30,2,165947.99,Very High Balance,2,0,1,168834.38,Very High salary,0
15652948,738,Good,France,Male,31-40,4,92676.3,Medium Balance,1,1,0,105817.63,High Salary,0
15618155,663,Fair,France,Male,41-50,5,83195.12,Medium Balance,1,1,1,48682.1,Low Salary,0
15566378,515,Poor,France,Male,41-50,5,129387.94,High Balance,1,0,1,147955.91,High Salary,1
15565879,845,Excellent,France,Female,21-30,9,0,Zero Balance,2,1,1,56185.98,Medium Salary,0
15792922,639,Fair,Spain,Male,31-40,9,130233.14,High Balance,1,1,1,81861.1,Medium Salary,0
15770567,557,Poor,France,Female,31-40,3,123502.53,High Balance,1,1,1,69826.8,Medium Salary,0
15738042,543,Poor,Germany,Male,31-40,8,140894.06,High Balance,2,1,1,118059.19,High Salary,0
15714920,585,Fair,Germany,Male,41-50,7,163867.86,Very High Balance,1,1,1,112333.22,High Salary,0
15782121,610,Fair,France,Female,21-30,2,0,Zero Balance,2,1,0,14546.76,Low Salary,0
15673180,727,Good,Germany,Female,0-20,2,93816.7,Medium Balance,2,1,0,126172.11,High Salary,0
15660636,540,Poor,Spain,Female,31-40,8,0,Zero Balance,2,1,0,3560,Low Salary,0
15664504,418,Poor,France,Male,31-40,7,0,Zero Balance,2,1,1,88878.15,Medium Salary,0
15790322,660,Fair,France,Female,31-40,0,114668.89,High Balance,1,1,0,84605,Medium Salary,0
15739847,850,Excellent,Germany,Male,31-40,5,146756.68,High Balance,1,1,0,78268.61,Medium Salary,0
15699415,618,Fair,France,Female,41-50,6,150213.71,Very High Balance,1,1,0,120668.46,High Salary,1
15665521,642,Fair,Germany,Male,0-20,5,111183.53,High Balance,2,0,1,10063.75,Low Salary,0
15682868,850,Excellent,France,Female,31-40,9,99816.46,Medium Balance,1,1,1,163989.66,Very High salary,1
15584462,739,Good,France,Male,31-40,9,0,Zero Balance,1,1,0,60584.33,Medium Salary,0
15661708,508,Poor,France,Female,41-50,5,0,Zero Balance,2,1,1,94170.84,Medium Salary,0
15584452,667,Fair,France,Male,41-50,6,0,Zero Balance,2,0,0,167181.77,Very High salary,0
15717010,741,Very Good,France,Female,51-60,5,0,Zero Balance,1,1,1,38914.51,Low Salary,0
15643828,592,Fair,France,Male,21-30,7,0,Zero Balance,2,1,1,91196.67,Medium Salary,0
15733361,651,Fair,Germany,Female,41-50,6,86714.06,Medium Balance,1,1,0,85869.89,Medium Salary,1
15795488,773,Very Good,Spain,Male,51-60,2,0,Zero Balance,2,1,0,57337.79,Medium Salary,0
15581551,850,Excellent,Spain,Male,41-50,8,132838.07,High Balance,1,1,1,175347.28,Very High salary,0
15632051,550,Poor,Germany,Female,41-50,10,128707.31,High Balance,1,1,0,63092.65,Medium Salary,1
15780409,783,Very Good,France,Male,31-40,6,0,Zero Balance,2,1,0,109742.55,High Salary,0
15572767,777,Very Good,France,Male,21-30,2,0,Zero Balance,2,1,0,124489.88,High Salary,0
15590337,659,Fair,France,Male,21-30,6,123192.12,High Balance,1,1,1,56971.41,Medium Salary,1
15634551,727,Good,Germany,Male,41-50,3,115248.11,High Balance,4,1,0,130752.01,High Salary,1
15669290,603,Fair,France,Male,31-40,8,59360.77,Medium Balance,1,1,1,191457.06,Very High salary,0
15621140,644,Fair,Spain,Male,31-40,9,0,Zero Balance,2,1,1,96442.86,Medium Salary,0
15613518,647,Fair,France,Female,31-40,6,112668.7,High Balance,1,0,1,122584.29,High Salary,0
15728043,648,Fair,Germany,Female,31-40,7,138503.51,High Balance,2,1,0,57215.85,Medium Salary,0
15570073,721,Good,Spain,Male,51-60,1,0,Zero Balance,1,1,1,195940.96,Very High salary,0
15777033,524,Poor,France,Male,21-30,7,0,Zero Balance,2,1,1,105448.74,High Salary,0
15682454,626,Fair,France,Female,31-40,3,0,Zero Balance,2,1,1,37870.29,Low Salary,0
15758513,569,Poor,France,Male,41-50,7,0,Zero Balance,2,1,0,52534.81,Medium Salary,0
15772604,578,Poor,Spain,Male,31-40,1,157267.95,Very High Balance,2,1,0,141533.19,High Salary,0
15721715,769,Very Good,France,Female,31-40,9,133871.05,High Balance,1,1,1,50568.02,Medium Salary,0
15688563,694,Good,Germany,Male,31-40,4,141989.27,High Balance,2,1,0,26116.82,Low Salary,0
15772009,664,Fair,France,Female,41-50,5,0,Zero Balance,1,1,1,152054.33,Very High salary,0
15809585,646,Fair,France,Male,31-40,7,0,Zero Balance,2,1,0,1528.4,Low Salary,0
15593778,779,Very Good,France,Female,21-30,3,46388.16,Low Balance,3,1,0,127939.26,High Salary,1
15655360,782,Very Good,Germany,Female,60+,5,148666.99,High Balance,1,1,0,2605.65,Low Salary,1
15780909,769,Very Good,Germany,Male,31-40,7,115101.5,High Balance,1,0,0,57841.89,Medium Salary,1
15757310,655,Fair,Germany,Male,60+,6,148363.38,High Balance,1,1,1,186995.17,Very High salary,0
15801411,623,Fair,Spain,Male,41-50,4,0,Zero Balance,1,1,0,5549.11,Low Salary,1
15761706,705,Good,Spain,Female,31-40,8,144102.32,High Balance,1,1,1,11682.36,Low Salary,0
15658409,686,Good,France,Male,41-50,5,128876.71,High Balance,3,1,1,106939.34,High Salary,1
15810010,678,Good,Germany,Male,31-40,6,118448.15,High Balance,2,1,0,53172.02,Medium Salary,0
15627027,738,Good,France,Male,31-40,5,0,Zero Balance,2,1,1,114388.98,High Salary,0
15624374,703,Good,France,Male,21-30,9,0,Zero Balance,2,0,1,2151.17,Low Salary,0
15720083,554,Poor,Spain,Male,41-50,1,0,Zero Balance,2,0,1,183492.9,Very High salary,0
15752294,582,Fair,France,Female,31-40,9,135979.01,High Balance,4,1,1,76582.95,Medium Salary,1
15743193,644,Fair,France,Male,31-40,6,117271.8,High Balance,2,1,0,104217.96,High Salary,1
15696733,724,Good,France,Male,21-30,4,0,Zero Balance,1,1,0,8982.75,Low Salary,0
15677522,593,Fair,France,Male,31-40,1,0,Zero Balance,2,0,0,9984.4,Low Salary,0
15643523,710,Good,Spain,Female,21-30,10,0,Zero Balance,2,1,0,19500.1,Low Salary,0
15624936,631,Fair,France,Male,31-40,8,129205.49,High Balance,1,1,1,79146.36,Medium Salary,0
15716085,739,Good,Spain,Female,41-50,8,0,Zero Balance,1,1,0,191694.77,Very High salary,1
15641688,644,Fair,Spain,Male,0-20,7,0,Zero Balance,1,0,1,59645.24,Medium Salary,1
15796834,652,Fair,Germany,Male,31-40,7,104015.54,High Balance,2,1,1,55207.88,Medium Salary,0
15720123,554,Poor,Spain,Male,31-40,3,0,Zero Balance,2,1,0,166177.3,Very High salary,0
15604732,483,Poor,France,Female,21-30,9,0,Zero Balance,2,0,0,136356.97,High Salary,0
15723484,669,Fair,Germany,Female,41-50,1,103873.39,High Balance,1,1,0,148611.52,High Salary,0
15807120,841,Excellent,Germany,Female,51-60,3,112383.03,High Balance,1,1,0,85516.37,Medium Salary,1
15810891,662,Fair,France,Male,31-40,2,117731.79,High Balance,2,0,1,55120.79,Medium Salary,0
15640407,821,Excellent,Germany,Male,41-50,0,135827.33,High Balance,2,1,1,131778.58,High Salary,0
15778838,783,Very Good,France,Male,31-40,9,114135.17,High Balance,1,1,0,153269.98,Very High salary,0
15709256,850,Excellent,France,Female,21-30,9,0,Zero Balance,2,1,1,164864.67,Very High salary,0
15742285,559,Poor,France,Male,60+,6,118756.62,High Balance,1,1,1,20367.68,Low Salary,0
15729019,602,Fair,Spain,Male,31-40,8,98382.72,Medium Balance,1,1,0,39542,Low Salary,0
15608588,563,Poor,Germany,Male,41-50,2,100520.92,High Balance,1,1,1,19412.8,Low Salary,1
15610557,695,Good,Spain,Female,31-40,7,79858.13,Medium Balance,2,1,1,127977.66,High Salary,0
15786418,546,Poor,France,Female,0-20,6,0,Zero Balance,1,0,1,20508.85,Low Salary,0
15653050,719,Good,Germany,Female,60+,10,95052.29,Medium Balance,1,1,0,176244.87,Very High salary,0
15744914,539,Poor,Germany,Male,41-50,1,177728.55,Very High Balance,1,1,0,105013.63,High Salary,0
15669611,632,Fair,France,Male,60+,3,83116.68,Medium Balance,1,1,1,27597.76,Low Salary,0
15594786,772,Very Good,Germany,Male,31-40,7,111565.91,High Balance,1,1,1,121073.23,High Salary,0
15649211,708,Good,Spain,Male,31-40,8,83015.71,Medium Balance,1,1,0,101089.76,High Salary,0
15766066,668,Fair,Germany,Female,21-30,1,124511.01,High Balance,1,0,0,114258.18,High Salary,0
15772216,738,Good,France,Female,60+,1,130652.52,High Balance,1,0,1,22762.23,Low Salary,0
15619898,785,Very Good,France,Male,51-60,5,0,Zero Balance,2,1,1,7008.65,Low Salary,0
15724543,597,Fair,France,Male,60+,5,0,Zero Balance,2,1,1,81299.17,Medium Salary,0
15755084,531,Poor,France,Male,31-40,7,121854.45,High Balance,1,1,0,147521.35,High Salary,0
15730441,509,Poor,France,Male,21-30,10,0,Zero Balance,2,1,1,6177.83,Low Salary,0
15666767,508,Poor,France,Male,31-40,1,86893.28,Medium Balance,1,0,0,59374.82,Medium Salary,0
15690456,749,Very Good,Germany,Female,31-40,7,79523.13,Medium Balance,1,0,1,157648.12,Very High salary,0
15570533,621,Fair,Germany,Female,51-60,7,131033.76,High Balance,1,0,1,75685.59,Medium Salary,1
15797692,659,Fair,France,Female,31-40,7,89939.62,Medium Balance,1,1,0,136540.09,High Salary,0
15603135,634,Fair,Germany,Female,51-60,3,95727.05,Medium Balance,1,0,0,97939.4,Medium Salary,1
15698927,675,Good,France,Male,31-40,7,0,Zero Balance,2,0,1,36267.21,Low Salary,0
15687363,770,Very Good,France,Male,31-40,3,155047.56,Very High Balance,2,1,1,186064.34,Very High salary,0
15733444,736,Good,France,Female,21-30,9,0,Zero Balance,2,0,0,176152.7,Very High salary,0
15678057,524,Poor,France,Male,41-50,10,118569.03,High Balance,2,0,0,82117.2,Medium Salary,0
15806918,674,Good,France,Male,21-30,5,0,Zero Balance,1,1,1,151925.25,Very High salary,0
15638247,700,Good,Spain,Male,41-50,9,0,Zero Balance,2,1,0,142287.65,High Salary,0
15674833,741,Very Good,France,Female,31-40,1,0,Zero Balance,2,1,0,36557.55,Low Salary,0
15812534,455,Poor,France,Male,31-40,1,0,Zero Balance,3,0,1,129975.34,High Salary,0
15586522,608,Fair,Spain,Male,31-40,2,130461.02,High Balance,1,1,0,21967.15,Low Salary,0
15794297,776,Very Good,France,Male,31-40,1,0,Zero Balance,2,1,0,53477.76,Medium Salary,0
15737025,635,Fair,France,Male,31-40,1,0,Zero Balance,3,0,0,178067.33,Very High salary,1
15615931,746,Very Good,France,Female,31-40,4,0,Zero Balance,2,0,1,171039.56,Very High salary,0
15664860,692,Good,Spain,Female,41-50,3,0,Zero Balance,2,1,0,150802.41,Very High salary,1
15664539,683,Good,Spain,Male,31-40,9,61172.04,Medium Balance,1,0,0,82951.12,Medium Salary,0
15583692,591,Fair,Germany,Female,31-40,2,90194.34,Medium Balance,2,1,0,57064.57,Medium Salary,0
15693131,581,Fair,France,Female,21-30,3,95508.2,Medium Balance,1,1,1,45755,Low Salary,0
15779973,684,Good,Germany,Male,31-40,3,99967.76,Medium Balance,1,1,1,176882.08,Very High salary,0
15620557,561,Poor,Spain,Male,31-40,4,101470.29,High Balance,1,0,1,88838.14,Medium Salary,0
15639549,718,Good,Germany,Female,31-40,4,70541.06,Medium Balance,1,0,0,88592.8,Medium Salary,0
15618750,590,Fair,France,Male,31-40,8,112211.61,High Balance,1,1,0,26261.42,Low Salary,0
15796790,573,Poor,France,Female,41-50,8,154543.98,Very High Balance,1,1,0,29586.73,Low Salary,0
15668309,350,Poor,France,Female,31-40,0,111098.85,High Balance,1,1,1,172321.21,Very High salary,1
15732437,504,Poor,Germany,Female,41-50,0,131873.07,High Balance,2,1,1,158036.72,Very High salary,1
15665158,813,Excellent,Spain,Male,21-30,1,137275.36,High Balance,1,0,1,115733.16,High Salary,0
15689322,641,Fair,Spain,Male,31-40,3,153316.14,Very High Balance,1,1,0,59927.99,Medium Salary,0
15596624,662,Fair,France,Female,21-30,9,0,Zero Balance,2,1,1,44377.65,Low Salary,0
15601977,497,Poor,Spain,Male,41-50,2,121250.04,High Balance,1,0,1,79691.4,Medium Salary,0
15801462,716,Good,France,Male,31-40,8,109578.04,High Balance,2,1,1,51503.51,Medium Salary,0
15566139,526,Poor,France,Female,31-40,5,53573.18,Medium Balance,1,1,0,62830.97,Medium Salary,0
15791006,760,Very Good,Germany,Female,31-40,6,58003.41,Medium Balance,1,1,0,90346.1,Medium Salary,0
15668057,669,Fair,France,Female,31-40,6,113000.66,High Balance,1,1,0,40467.82,Low Salary,0
15580805,655,Fair,France,Male,21-30,10,0,Zero Balance,2,1,0,51620.94,Medium Salary,0
15658768,547,Poor,France,Female,41-50,2,0,Zero Balance,1,0,0,65466.93,Medium Salary,1
15613048,648,Fair,Germany,Female,31-40,5,139973.65,High Balance,1,1,1,667.66,Low Salary,1
15803654,790,Very Good,France,Female,31-40,2,151290.16,Very High Balance,1,1,1,172437.12,Very High salary,0
15662337,744,Very Good,Germany,Female,41-50,1,121498.11,High Balance,2,0,1,106061.47,High Salary,1
15650924,761,Very Good,Spain,Female,31-40,4,103515.39,High Balance,2,1,1,177622.38,Very High salary,0
15647203,750,Very Good,France,Female,31-40,3,0,Zero Balance,1,1,0,191520.5,Very High salary,0
15682778,680,Good,France,Male,31-40,9,0,Zero Balance,2,1,1,95686.6,Medium Salary,0
15579820,704,Good,Spain,Male,31-40,6,106687.76,High Balance,1,1,0,173776.5,Very High salary,0
15709354,521,Poor,France,Female,41-50,2,0,Zero Balance,2,1,1,113089.43,High Salary,0
15728480,452,Poor,France,Female,31-40,8,0,Zero Balance,2,1,1,149614.81,High Salary,0
15641091,695,Good,France,Female,31-40,5,106089.2,High Balance,1,0,0,99537.68,Medium Salary,0
15603111,850,Excellent,Spain,Male,60+,10,69608.14,Medium Balance,1,1,0,97893.4,Medium Salary,1
15679693,625,Fair,France,Male,31-40,5,0,Zero Balance,2,0,1,90.07,Low Salary,0
15797190,608,Fair,Germany,Female,31-40,7,96202.32,Medium Balance,1,0,0,161154.85,Very High salary,0
15788025,715,Good,France,Female,31-40,0,0,Zero Balance,2,1,1,332.81,Low Salary,0
15646168,834,Excellent,Spain,Male,31-40,5,0,Zero Balance,2,1,0,66285.18,Medium Salary,0
15580493,469,Poor,France,Male,31-40,1,127818.52,High Balance,1,1,0,163477.22,Very High salary,0
15726720,480,Poor,France,Female,31-40,7,0,Zero Balance,1,1,0,170332.67,Very High salary,1
15735799,527,Poor,Germany,Male,51-60,3,137318.42,High Balance,1,1,1,126144.96,High Salary,0
15773098,834,Excellent,Spain,Male,31-40,5,0,Zero Balance,2,0,0,53437.1,Medium Salary,0
15668971,583,Fair,France,Female,31-40,4,55776.39,Medium Balance,2,1,0,26920.43,Low Salary,0
15603221,696,Good,Germany,Male,31-40,4,84421.62,Medium Balance,1,0,1,52314.71,Medium Salary,0
15740043,606,Fair,France,Male,31-40,5,83161.65,Medium Balance,1,1,1,116885.59,High Salary,0
15712264,713,Good,France,Female,31-40,10,0,Zero Balance,2,1,1,126263.97,High Salary,0
15751926,821,Excellent,Germany,Male,41-50,3,87807.29,Medium Balance,2,1,1,64613.81,Medium Salary,0
15589401,550,Poor,France,Female,21-30,4,0,Zero Balance,2,1,0,89216.29,Medium Salary,0
15742019,675,Good,France,Female,31-40,6,0,Zero Balance,2,0,0,83419.15,Medium Salary,0
15660611,748,Very Good,Spain,Male,31-40,3,0,Zero Balance,2,1,1,123998.52,High Salary,0
15607634,606,Fair,Germany,Male,31-40,9,95293.86,Medium Balance,2,0,1,96985.58,Medium Salary,0
15595036,726,Good,Germany,Male,21-30,7,92847.59,Medium Balance,1,1,0,146154.06,High Salary,0
15745794,547,Poor,France,Male,21-30,6,0,Zero Balance,2,1,1,18471.86,Low Salary,0
15781689,758,Very Good,Spain,Male,31-40,5,0,Zero Balance,2,1,0,95009.6,Medium Salary,0
15696054,596,Fair,France,Male,31-40,2,0,Zero Balance,1,0,1,121175.86,High Salary,0
15752467,720,Good,Spain,Male,31-40,3,0,Zero Balance,2,1,1,77047.78,Medium Salary,0
15597739,674,Good,France,Male,31-40,3,0,Zero Balance,1,1,0,158049.9,Very High salary,0
15651336,756,Very Good,France,Female,31-40,4,0,Zero Balance,2,1,0,147040.25,High Salary,0
15636061,649,Fair,Germany,Male,60+,4,68345.86,Medium Balance,2,1,1,142566.75,High Salary,0
15723013,613,Fair,Germany,Male,21-30,7,76656.4,Medium Balance,2,1,1,185483.24,Very High salary,0
15784148,643,Fair,France,Male,60+,9,0,Zero Balance,2,0,0,155870.82,Very High salary,0
15578098,600,Fair,France,Male,31-40,8,0,Zero Balance,2,1,1,121555.51,High Salary,0
15638621,735,Good,Spain,Male,31-40,1,60374.98,Medium Balance,1,1,0,40223.74,Low Salary,0
15720924,585,Fair,France,Female,31-40,1,0,Zero Balance,1,1,1,75503.6,Medium Salary,0
15566531,724,Good,Germany,Male,31-40,4,88046.88,Medium Balance,1,0,1,186942.49,Very High salary,1
15718064,635,Fair,Spain,Male,21-30,2,0,Zero Balance,2,0,0,117173.8,High Salary,0
15605067,472,Poor,France,Male,0-20,9,0,Zero Balance,2,1,0,3453.4,Low Salary,0
15655335,590,Fair,France,Male,31-40,1,0,Zero Balance,2,1,0,48876.84,Low Salary,0
15607301,651,Fair,Spain,Female,60+,8,129968.67,High Balance,1,1,1,11830.53,Low Salary,0
15694628,686,Good,Germany,Female,31-40,4,157731.6,Very High Balance,2,1,0,162820.6,Very High salary,0
15607112,606,Fair,France,Male,31-40,6,0,Zero Balance,2,0,1,36540.63,Low Salary,0
15635775,781,Very Good,France,Male,31-40,3,89276.48,Medium Balance,1,1,0,6959,Low Salary,0
15644280,593,Fair,France,Male,41-50,4,138825.19,High Balance,1,0,0,10828.78,Low Salary,0
15708362,793,Very Good,France,Male,60+,4,103729.79,High Balance,2,1,1,80272.06,Medium Salary,0
15771997,791,Very Good,France,Female,31-40,10,75499.24,Medium Balance,1,1,0,22184.14,Low Salary,0
15730579,850,Excellent,France,Male,60+,5,169445.4,Very High Balance,1,1,1,186335.07,Very High salary,0
15728005,698,Good,France,Female,51-60,9,111359.55,High Balance,2,1,0,105715.01,High Salary,0
15791674,846,Excellent,France,Female,31-40,10,142388.61,High Balance,2,0,1,68393.64,Medium Salary,1
15754599,765,Very Good,France,Male,41-50,4,123311.39,High Balance,2,1,1,82868.34,Medium Salary,0
15693690,574,Poor,Spain,Male,51-60,7,115532.52,High Balance,1,1,0,196257.67,Very High salary,0
15728963,617,Fair,Germany,Female,51-60,10,167273.71,Very High Balance,1,0,0,93439.75,Medium Salary,1
15659710,581,Fair,France,Male,21-30,5,77886.53,Medium Balance,2,1,0,150319.49,Very High salary,0
15658675,710,Good,Germany,Male,31-40,6,135795.63,High Balance,1,0,1,46523.6,Low Salary,0
15638788,550,Poor,France,Male,31-40,8,97514.07,Medium Balance,1,1,1,199138.84,Very High salary,0
15609735,533,Poor,Germany,Male,51-60,6,127545.56,High Balance,2,0,0,79559.02,Medium Salary,1
15771477,779,Very Good,France,Male,41-50,9,106160.37,High Balance,1,0,0,116893.87,High Salary,0
15570145,763,Very Good,France,Female,21-30,2,0,Zero Balance,2,1,0,153983.99,Very High salary,0
15797149,563,Poor,Spain,Female,31-40,4,143680.47,High Balance,2,1,1,63531.19,Medium Salary,0
15636912,678,Good,Spain,Male,31-40,3,124483.53,High Balance,1,1,0,126253.31,High Salary,0
15687828,644,Fair,Spain,Female,31-40,5,86006.3,Medium Balance,1,1,1,73922.95,Medium Salary,0
15667424,682,Good,Germany,Female,41-50,7,111094.05,High Balance,2,1,1,64679.3,Medium Salary,0
15759872,625,Fair,France,Male,21-30,9,0,Zero Balance,2,1,0,157072.91,Very High salary,0
15572374,733,Good,Spain,Male,31-40,1,0,Zero Balance,2,0,1,108377.82,High Salary,0
15754926,512,Poor,France,Female,21-30,6,0,Zero Balance,2,1,0,88827.31,Medium Salary,0
15687431,642,Fair,France,Female,41-50,7,115171.71,High Balance,1,1,1,37674.47,Low Salary,0
15604515,737,Good,Germany,Female,21-30,10,111543.26,High Balance,2,0,0,106327.85,High Salary,0
15682839,575,Poor,France,Female,51-60,8,137936.94,High Balance,1,1,1,84475.13,Medium Salary,0
15624677,543,Poor,Germany,Female,31-40,3,122304.65,High Balance,2,0,0,33998.7,Low Salary,0
15646366,521,Poor,Germany,Male,41-50,8,120586.54,High Balance,1,0,1,20491.15,Low Salary,0
15701768,637,Fair,France,Male,31-40,3,0,Zero Balance,2,1,1,197827.06,Very High salary,0
15623566,714,Good,France,Male,31-40,9,46520.69,Low Balance,1,1,1,96687.25,Medium Salary,0
15681274,726,Good,Spain,Female,51-60,2,105473.74,High Balance,1,1,1,46044.7,Low Salary,0
15762573,680,Good,Spain,Female,31-40,7,0,Zero Balance,2,1,0,98949.85,Medium Salary,0
15706458,812,Excellent,Germany,Male,31-40,5,115730.71,High Balance,3,1,1,185599.34,Very High salary,1
15654222,757,Very Good,Spain,Male,21-30,3,145396.49,High Balance,1,0,1,198341.15,Very High salary,0
15704053,710,Good,Spain,Male,60+,3,131078.42,High Balance,2,1,0,119348.76,High Salary,1
15724321,516,Poor,Germany,Female,41-50,9,128298.74,High Balance,1,0,0,149614.17,High Salary,1
15621815,803,Excellent,France,Female,31-40,6,165526.71,Very High Balance,1,1,0,12328.08,Low Salary,0
15724876,560,Poor,France,Female,31-40,5,83714.41,Medium Balance,1,1,1,33245.97,Low Salary,0
15696588,679,Good,France,Female,31-40,3,0,Zero Balance,2,1,1,2243.41,Low Salary,0
15612832,526,Poor,France,Male,31-40,7,125540.05,High Balance,1,0,0,86786.41,Medium Salary,0
15804295,485,Poor,France,Male,41-50,2,100254.76,High Balance,2,1,1,12706.67,Low Salary,0
15712536,625,Fair,France,Female,31-40,3,0,Zero Balance,2,1,0,41295.1,Low Salary,1
15662494,773,Very Good,Spain,Male,41-50,7,138150.57,High Balance,1,1,1,177357.16,Very High salary,0
15807728,530,Poor,France,Female,41-50,1,0,Zero Balance,1,0,1,190663.89,Very High salary,1
15764916,616,Fair,Germany,Female,41-50,7,95984.21,Medium Balance,1,0,1,115262.54,High Salary,1
15615330,651,Fair,France,Male,21-30,10,0,Zero Balance,2,1,1,170099.23,Very High salary,0
15638487,586,Fair,Germany,Male,31-40,2,136858.42,High Balance,1,0,1,189143.94,Very High salary,0
15627859,607,Fair,Germany,Male,21-30,7,102609,High Balance,1,1,0,163257.44,Very High salary,0
15622192,724,Good,Spain,Male,31-40,3,0,Zero Balance,2,0,1,95562.81,Medium Salary,0
15789413,733,Good,France,Male,60+,3,0,Zero Balance,2,1,1,75272.63,Medium Salary,0
15583221,667,Fair,Germany,Male,60+,3,77356.92,Medium Balance,2,1,1,20881.96,Low Salary,0
15768495,700,Good,France,Female,31-40,8,110923.15,High Balance,2,1,1,161845.81,Very High salary,1
15644103,659,Fair,Spain,Male,60+,2,151675.65,Very High Balance,1,0,1,49978.67,Low Salary,0
15741197,710,Good,Spain,Male,21-30,8,0,Zero Balance,3,1,0,107292.91,High Salary,0
15664547,760,Very Good,France,Male,31-40,7,0,Zero Balance,1,0,0,32863.24,Low Salary,1
15797293,677,Good,France,Female,21-30,3,0,Zero Balance,2,1,0,179608.96,Very High salary,0
15572021,798,Very Good,Germany,Female,21-30,8,80204.11,Medium Balance,2,1,0,70223.22,Medium Salary,0
15637461,758,Very Good,France,Male,31-40,7,0,Zero Balance,2,1,0,77951.84,Medium Salary,0
15620577,715,Good,France,Male,41-50,4,0,Zero Balance,2,1,1,55043.93,Medium Salary,0
15609643,752,Very Good,Germany,Male,31-40,9,115587.49,High Balance,2,0,1,101677.46,High Salary,0
15785358,586,Fair,Germany,Male,41-50,8,106968.96,High Balance,1,1,1,79366.98,Medium Salary,1
15603883,818,Excellent,France,Male,31-40,4,0,Zero Balance,2,1,1,8037.03,Low Salary,0
15782550,490,Poor,Germany,Female,41-50,0,139659.04,High Balance,1,1,1,176254.12,Very High salary,0
15775761,610,Fair,Germany,Female,60+,5,86038.21,Medium Balance,3,0,0,192743.06,Very High salary,1
15680201,627,Fair,Germany,Male,21-30,5,102773.2,High Balance,2,1,0,56793.02,Medium Salary,1
15767594,533,Poor,France,Female,31-40,8,0,Zero Balance,2,1,1,187900.12,Very High salary,0
15591985,708,Good,France,Female,51-60,8,70754.18,Medium Balance,1,1,1,92920.04,Medium Salary,1
15789339,681,Good,France,Male,51-60,4,122781.51,High Balance,1,0,1,140166.95,High Salary,0
15781530,690,Good,France,Male,21-30,8,0,Zero Balance,2,1,1,155782.89,Very High salary,0
15705174,656,Fair,Germany,Male,60+,7,153545.11,Very High Balance,1,1,1,186574.68,Very High salary,0
15572114,673,Good,Spain,Male,31-40,1,121629.22,High Balance,1,1,1,3258.6,Low Salary,0
15804009,806,Excellent,Germany,Male,31-40,8,167983.17,Very High Balance,2,1,1,106714.28,High Salary,0
15662698,648,Fair,Spain,Female,41-50,7,81153.82,Medium Balance,1,1,1,144532.85,High Salary,1
15696047,501,Poor,France,Male,31-40,6,99760.84,Medium Balance,1,1,1,13591.52,Low Salary,0
15701160,556,Poor,Germany,Female,41-50,4,125890.72,High Balance,1,1,1,74854.97,Medium Salary,0
15790093,627,Fair,France,Female,21-30,2,0,Zero Balance,2,1,0,125451.01,High Salary,0
15632143,652,Fair,France,Male,31-40,2,119148.55,High Balance,1,0,0,149740.22,High Salary,0
15736778,807,Excellent,Germany,Female,51-60,1,72948.58,Medium Balance,2,1,1,17355.36,Low Salary,0
15734917,708,Good,Germany,Male,21-30,8,133974.36,High Balance,2,1,0,50294.09,Medium Salary,0
15643903,619,Fair,France,Male,21-30,1,154483.98,Very High Balance,1,1,0,156394.74,Very High salary,0
15569526,601,Fair,France,Male,31-40,10,98627.13,Medium Balance,2,0,0,77977.69,Medium Salary,0
15777067,445,Poor,France,Male,60+,2,136770.67,High Balance,1,0,1,43678.06,Low Salary,0
15795511,800,Excellent,Germany,Male,31-40,4,95252.72,Medium Balance,1,1,0,13906.34,Low Salary,0
15610419,554,Poor,France,Male,31-40,3,117413.95,High Balance,1,1,1,12766.74,Low Salary,0
15644994,714,Good,Germany,Male,51-60,4,137986.58,High Balance,2,0,1,51308.54,Medium Salary,1
15703707,656,Fair,France,Male,41-50,10,143571.52,High Balance,1,0,0,127444.14,High Salary,0
15659327,520,Poor,France,Male,41-50,5,121197.64,High Balance,1,1,0,72577.33,Medium Salary,1
15771323,480,Poor,Spain,Male,31-40,5,121626.9,High Balance,1,1,1,82438.13,Medium Salary,0
15750549,660,Fair,Germany,Male,21-30,1,84440.1,Medium Balance,2,1,1,60485.98,Medium Salary,0
15698462,532,Poor,France,Male,31-40,4,0,Zero Balance,2,1,1,132798.78,High Salary,0
15739692,679,Good,France,Male,41-50,1,0,Zero Balance,2,0,0,71823.15,Medium Salary,0
15744041,780,Very Good,France,Female,21-30,3,140356.7,High Balance,1,1,0,117144.15,High Salary,0
15700714,747,Very Good,France,Male,21-30,7,0,Zero Balance,2,1,1,141706.43,High Salary,0
15777743,705,Good,France,Female,31-40,3,92224.56,Medium Balance,1,1,1,54517.25,Medium Salary,0
15623143,732,Good,France,Female,41-50,9,0,Zero Balance,2,1,0,183147.17,Very High salary,0
15712568,515,Poor,Spain,Male,31-40,10,121355.99,High Balance,1,1,0,138360.29,High Salary,0
15617432,816,Excellent,Germany,Female,31-40,9,109003.26,High Balance,1,1,1,79580.56,Medium Salary,0
15650424,641,Fair,France,Female,41-50,3,147341.43,High Balance,1,1,1,157458.61,Very High salary,1
15728829,509,Poor,France,Male,0-20,7,102983.91,High Balance,1,1,0,171770.58,Very High salary,0
15680430,601,Fair,Germany,Female,41-50,4,96252.98,Medium Balance,2,1,0,104263.82,High Salary,0
15687626,527,Poor,France,Male,31-40,4,0,Zero Balance,2,1,0,167183.07,Very High salary,1
15609187,455,Poor,France,Female,21-30,5,155879.09,Very High Balance,2,0,0,70774.97,Medium Salary,0
15609521,803,Excellent,Germany,Male,31-40,4,142929.16,High Balance,2,1,1,114869.56,High Salary,0
15752626,553,Poor,France,Male,31-40,7,64082.09,Medium Balance,1,0,1,109159.58,High Salary,0
15571756,724,Good,France,Female,21-30,5,0,Zero Balance,1,1,0,59351.68,Medium Salary,0
15814040,610,Fair,France,Female,41-50,1,0,Zero Balance,2,1,1,199657.46,Very High salary,0
15658211,559,Poor,Spain,Female,31-40,2,0,Zero Balance,2,1,1,121151.1,High Salary,0
15742091,825,Excellent,Germany,Female,31-40,6,118336.95,High Balance,1,1,0,26342.33,Low Salary,1
15787168,819,Excellent,Spain,Female,21-30,8,168253.21,Very High Balance,1,1,1,102799.14,High Salary,0
15772363,772,Very Good,Germany,Female,41-50,0,101979.16,High Balance,1,1,0,90928.48,Medium Salary,0
15659364,685,Good,Spain,Male,21-30,5,164902.43,Very High Balance,1,0,0,141152.28,High Salary,0
15738980,506,Poor,France,Male,41-50,2,0,Zero Balance,2,1,0,105568.6,High Salary,0
15794236,642,Fair,Germany,Male,21-30,10,111812.52,High Balance,2,1,1,183045.46,Very High salary,0
15721383,627,Fair,Spain,Male,31-40,10,0,Zero Balance,2,1,1,194792.42,Very High salary,0
15652981,600,Fair,Germany,Male,21-30,2,119755,High Balance,1,1,1,21852.91,Low Salary,0
15722731,653,Fair,France,Male,41-50,0,119556.1,High Balance,1,1,0,78250.13,Medium Salary,1
15640507,762,Very Good,Spain,Female,31-40,3,119349.69,High Balance,3,1,1,47114.18,Low Salary,1
15578878,569,Poor,Spain,Female,21-30,3,139528.23,High Balance,1,1,1,33230.37,Low Salary,0
15744295,756,Very Good,France,Male,31-40,1,94773.11,Medium Balance,1,1,0,114279.63,High Salary,0
15776558,673,Good,France,Male,31-40,1,108345.22,High Balance,1,0,1,38802.03,Low Salary,0
15596136,637,Fair,France,Female,31-40,9,166939.88,Very High Balance,1,1,1,72504.76,Medium Salary,0
15704597,644,Fair,France,Male,31-40,7,174571.36,Very High Balance,1,0,1,43943.09,Low Salary,0
15648272,658,Fair,Spain,Male,31-40,9,71829.34,Medium Balance,1,1,1,68141.92,Medium Salary,0
15594915,649,Fair,France,Female,31-40,8,0,Zero Balance,2,0,1,109179.89,High Salary,0
15581115,603,Fair,France,Female,31-40,9,76769.68,Medium Balance,1,0,0,48224.72,Low Salary,0
15763907,820,Excellent,France,Female,31-40,1,104614.29,High Balance,1,1,0,61538.43,Medium Salary,1
15705994,712,Good,Spain,Male,21-30,10,0,Zero Balance,1,1,0,94544.88,Medium Salary,0
15772421,645,Fair,Germany,Female,31-40,1,128927.93,High Balance,1,1,1,2850.01,Low Salary,0
15711572,705,Good,Germany,Female,31-40,9,110941.93,High Balance,2,1,0,163484.8,Very High salary,0
15691170,590,Fair,Spain,Female,21-30,10,99250.08,Medium Balance,1,1,1,129629.41,High Salary,0
15600106,631,Fair,France,Male,31-40,1,0,Zero Balance,2,0,0,133141.34,High Salary,0
15745431,604,Fair,France,Male,31-40,7,0,Zero Balance,2,1,1,188078.55,Very High salary,0
15649508,643,Fair,Spain,Male,41-50,8,0,Zero Balance,2,1,0,174729.3,Very High salary,0
15812611,690,Good,Spain,Female,21-30,5,0,Zero Balance,2,0,1,78700.03,Medium Salary,0
15619699,558,Poor,France,Male,31-40,7,0,Zero Balance,1,1,0,198269.08,Very High salary,0
15813946,637,Fair,Germany,Male,51-60,1,104682.83,High Balance,1,1,0,55266.96,Medium Salary,1
15762762,648,Fair,Germany,Female,41-50,5,118886.55,High Balance,1,0,0,51636.7,Medium Salary,0
15629793,652,Fair,Spain,Male,21-30,8,156823.7,Very High Balance,2,1,0,198251.52,Very High salary,0
15781298,808,Excellent,Germany,Male,31-40,3,124216.93,High Balance,1,0,1,171442.36,Very High salary,0
15622658,551,Poor,France,Female,21-30,2,144258.52,High Balance,1,1,0,49778.79,Low Salary,0
15658980,711,Good,Germany,Male,21-30,9,128793.63,High Balance,1,1,0,19262.05,Low Salary,0
15701936,467,Poor,Germany,Male,21-30,10,126315.26,High Balance,1,1,0,32349.29,Low Salary,1
15686917,789,Very Good,Spain,Female,31-40,4,0,Zero Balance,2,1,0,137402.27,High Salary,0
15807312,602,Fair,Spain,Male,31-40,5,0,Zero Balance,2,0,1,64038.34,Medium Salary,0
15574523,576,Poor,France,Male,31-40,1,0,Zero Balance,2,1,1,68814.23,Medium Salary,0
15724200,584,Fair,France,Male,31-40,1,115341.55,High Balance,1,0,1,173632.92,Very High salary,0
15738224,593,Fair,France,Male,31-40,6,99162.29,Medium Balance,1,1,0,128384.11,High Salary,0
15593283,705,Good,Germany,Female,41-50,1,156848.13,Very High Balance,2,1,1,99475.95,Medium Salary,1
15814690,595,Fair,Germany,Female,60+,2,105736.32,High Balance,1,1,1,89935.73,Medium Salary,1
15807245,699,Good,Germany,Female,41-50,1,200117.76,Very High Balance,2,1,0,94142.35,Medium Salary,0
15799358,516,Poor,France,Female,41-50,6,62212.29,Medium Balance,1,0,1,171681.86,Very High salary,1
15616172,838,Excellent,France,Male,31-40,2,0,Zero Balance,2,1,0,8222.96,Low Salary,0
15777958,587,Fair,France,Male,31-40,10,0,Zero Balance,2,1,1,170409.45,Very High salary,0
15809124,750,Very Good,France,Male,31-40,5,151532.4,Very High Balance,1,1,1,46555.15,Low Salary,0
15616367,581,Fair,Germany,Male,31-40,1,121523.51,High Balance,1,0,0,161655.55,Very High salary,1
15687385,484,Poor,France,Male,41-50,5,0,Zero Balance,1,1,1,74267.35,Medium Salary,0
15607877,576,Poor,Spain,Male,21-30,8,0,Zero Balance,2,0,1,34101.06,Low Salary,0
15736327,567,Poor,Germany,Female,41-50,1,68238.51,Medium Balance,2,1,1,109572.58,High Salary,0
15746704,638,Fair,Spain,Male,21-30,9,136808.53,High Balance,2,1,1,106642.97,High Salary,0
15778304,646,Fair,Germany,Male,21-30,0,92398.08,Medium Balance,1,1,1,18897.29,Low Salary,0
15588456,658,Fair,France,Female,31-40,5,143566.12,High Balance,1,1,1,189607.71,Very High salary,0
15664035,590,Fair,Spain,Female,31-40,9,0,Zero Balance,2,1,1,148750.16,High Salary,0
15596405,546,Poor,Spain,Male,21-30,7,127728.24,High Balance,2,1,1,105279.74,High Salary,0
15815097,603,Fair,France,Female,31-40,9,0,Zero Balance,2,1,0,167916.35,Very High salary,0
15762708,619,Fair,Spain,Female,31-40,10,119658.49,High Balance,1,1,1,8646.58,Low Salary,0
15776211,678,Good,France,Female,31-40,6,0,Zero Balance,2,1,1,124592.84,High Salary,0
15626012,459,Poor,France,Male,21-30,4,149879.66,High Balance,1,0,0,50016.17,Medium Salary,0
15792077,671,Good,Germany,Male,21-30,8,119859.52,High Balance,2,1,0,125422.66,High Salary,0
15718765,501,Poor,Spain,Male,41-50,6,104533.24,High Balance,1,0,0,81123.59,Medium Salary,1
15576615,719,Good,Spain,Male,31-40,10,145382.61,High Balance,1,1,0,80408.59,Medium Salary,0
15752650,681,Good,Spain,Female,31-40,6,121231.39,High Balance,1,1,1,146366.08,High Salary,0
15797502,706,Good,Spain,Male,21-30,2,141078.57,High Balance,1,1,1,24402.87,Low Salary,0
15687329,763,Very Good,Germany,Female,31-40,1,108465.65,High Balance,2,1,0,60552.44,Medium Salary,1
15779423,716,Good,France,Male,31-40,1,70657.61,Medium Balance,2,1,1,76476.05,Medium Salary,0
15619514,507,Poor,Germany,Male,31-40,3,120105.43,High Balance,1,1,0,92075.01,Medium Salary,1
15615430,678,Good,Germany,Male,51-60,4,129646.91,High Balance,1,1,1,184125.1,Very High salary,1
15716431,775,Very Good,France,Female,21-30,10,191091.74,Very High Balance,2,1,1,96170.38,Medium Salary,0
15798341,544,Poor,France,Male,31-40,8,0,Zero Balance,1,1,1,98208.62,Medium Salary,0
15651958,756,Very Good,France,Male,21-30,8,0,Zero Balance,2,1,1,157932.75,Very High salary,0
15726179,757,Very Good,Germany,Female,41-50,5,131433.33,High Balance,2,1,1,3497.43,Low Salary,1
15652999,742,Very Good,Germany,Male,31-40,1,137937.95,High Balance,1,1,1,51387.1,Medium Salary,0
15691950,591,Fair,France,Male,41-50,3,0,Zero Balance,2,1,0,50123.44,Medium Salary,0
15632446,667,Fair,France,Male,21-30,4,0,Zero Balance,2,0,0,180329.83,Very High salary,0
15620936,787,Very Good,France,Male,31-40,4,0,Zero Balance,2,1,1,13238.93,Low Salary,0
15587640,718,Good,France,Female,41-50,0,93143.39,Medium Balance,1,1,0,167554.86,Very High salary,0
15782231,521,Poor,France,Male,31-40,6,0,Zero Balance,2,1,0,51454.06,Medium Salary,0
15580462,607,Fair,Spain,Male,31-40,1,112544.45,High Balance,1,1,1,19842.22,Low Salary,0
15736371,633,Fair,France,Female,31-40,3,123034.43,High Balance,2,1,1,38315.04,Low Salary,0
15648032,588,Fair,Spain,Male,31-40,2,0,Zero Balance,2,0,1,187816.59,Very High salary,0
15610454,724,Good,Germany,Female,31-40,9,119278.44,High Balance,1,1,1,197148.24,Very High salary,0
15671358,720,Good,France,Male,41-50,4,0,Zero Balance,2,1,0,163471.01,Very High salary,0
15747130,521,Poor,France,Male,31-40,7,0,Zero Balance,2,0,1,653.58,Low Salary,0
15578374,620,Fair,Spain,Male,31-40,7,169312.72,Very High Balance,1,1,0,45414.09,Low Salary,0
15572182,505,Poor,Germany,Female,31-40,3,106506.77,High Balance,3,1,0,45445.78,Low Salary,1
15770041,728,Good,Spain,Female,41-50,8,128412.61,High Balance,1,0,1,139024.31,High Salary,0
15669414,486,Poor,Germany,Male,60+,9,118356.89,High Balance,2,1,0,168034.83,Very High salary,1
15777054,584,Fair,Germany,Male,41-50,3,137479.13,High Balance,1,1,0,25669.1,Low Salary,0
15621021,687,Good,Spain,Female,31-40,1,0,Zero Balance,2,1,0,8207.36,Low Salary,0
15785490,771,Very Good,France,Male,41-50,3,105229.72,High Balance,1,1,1,16281.68,Low Salary,1
15577695,678,Good,France,Male,41-50,2,148088.11,High Balance,1,1,0,14083.12,Low Salary,0
15686974,751,Very Good,France,Female,41-50,4,0,Zero Balance,1,0,1,30165.06,Low Salary,1
15574584,670,Good,France,Male,31-40,8,126679.69,High Balance,1,1,1,39451.09,Low Salary,0
15719541,675,Good,Spain,Male,31-40,2,90826.27,Medium Balance,2,1,0,60270.87,Medium Salary,0
15646310,684,Good,Spain,Male,21-30,8,143582.89,High Balance,1,1,1,22527.27,Low Salary,0
15697606,637,Fair,France,Female,21-30,10,125712.2,High Balance,1,0,0,175072.47,Very High salary,0
15711489,760,Very Good,Spain,Female,31-40,2,0,Zero Balance,1,1,1,114565.35,High Salary,0
15670427,662,Fair,Spain,Male,31-40,4,155187.3,Very High Balance,1,1,0,48930.8,Low Salary,0
15731755,680,Good,France,Male,41-50,10,0,Zero Balance,2,1,0,187008.45,Very High salary,0
15796370,604,Fair,Spain,Male,31-40,5,155455.43,Very High Balance,1,0,1,113581.85,High Salary,0
15598331,764,Very Good,France,Female,31-40,9,100480.53,High Balance,1,1,0,124095.69,High Salary,0
15704795,521,Poor,France,Female,60+,6,0,Zero Balance,2,1,1,49054.1,Low Salary,0
15796764,684,Good,Germany,Female,51-60,3,127585.98,High Balance,3,1,1,80593.49,Medium Salary,1
15589420,795,Very Good,France,Female,31-40,2,101891.1,High Balance,1,1,1,183044.86,Very High salary,0
15810563,678,Good,Spain,Female,60+,8,0,Zero Balance,2,1,1,159938.82,Very High salary,0
15746569,589,Fair,France,Male,31-40,4,0,Zero Balance,1,1,0,95483.48,Medium Salary,1
15811594,660,Fair,Spain,Female,21-30,3,128929.88,High Balance,1,1,1,198069.71,Very High salary,0
15645896,646,Fair,Germany,Male,31-40,6,121681.91,High Balance,2,0,1,61793.47,Medium Salary,0
15802909,706,Good,Germany,Female,51-60,3,139603.22,High Balance,1,1,1,86383.61,Medium Salary,0
15797665,730,Good,France,Female,21-30,7,0,Zero Balance,2,1,0,144099.48,High Salary,0
15778959,606,Fair,France,Female,31-40,10,0,Zero Balance,2,0,1,155641.46,Very High salary,0
15722532,690,Good,Spain,Female,31-40,10,91760.11,Medium Balance,1,1,1,135784.94,High Salary,0
15784124,645,Fair,Germany,Male,41-50,2,93925.3,Medium Balance,1,1,0,123982.14,High Salary,1
15776518,579,Poor,France,Female,31-40,4,175739.36,Very High Balance,1,1,1,193130.55,Very High salary,0
15611247,481,Poor,France,Female,21-30,10,0,Zero Balance,2,1,0,145215.96,High Salary,0
15721469,492,Poor,Germany,Male,41-50,9,170295.04,Very High Balance,2,0,0,164741.81,Very High salary,0
15773338,739,Good,France,Male,51-60,2,101579.28,High Balance,1,1,1,72168.53,Medium Salary,0
15784042,624,Fair,France,Male,51-60,7,118793.6,High Balance,1,1,1,95022.02,Medium Salary,1
15776229,682,Good,France,Male,41-50,3,115282.3,High Balance,1,0,0,23766.4,Low Salary,0
15655903,701,Good,Spain,Female,31-40,6,107980.37,High Balance,1,1,1,119374.74,High Salary,0
15590177,718,Good,France,Female,41-50,1,133866.22,High Balance,1,0,1,139049.24,High Salary,0
15568876,496,Poor,France,Female,31-40,1,102723.35,High Balance,2,1,0,180844.81,Very High salary,0
15813140,543,Poor,Spain,Male,41-50,5,0,Zero Balance,2,0,1,143980.29,High Salary,0
15770516,616,Fair,Spain,Female,41-50,7,193213.02,Very High Balance,2,1,1,137392.77,High Salary,0
15755731,635,Fair,Germany,Male,51-60,8,117005.55,High Balance,1,0,1,123646.57,High Salary,1
15574480,652,Fair,Spain,Male,31-40,1,132862.59,High Balance,1,0,0,158054.49,Very High salary,0
15798084,688,Good,France,Male,21-30,0,0,Zero Balance,2,1,0,105784.85,High Salary,0
15673020,678,Good,France,Female,41-50,3,204510.94,Very High Balance,1,0,1,738.88,Low Salary,1
15643575,757,Very Good,Germany,Male,31-40,1,65349.71,Medium Balance,1,0,0,64539.64,Medium Salary,0
15596811,667,Fair,France,Male,31-40,8,139753.35,High Balance,1,1,0,79871.16,Medium Salary,0
15786789,725,Good,France,Female,21-30,6,0,Zero Balance,2,1,1,190776.83,Very High salary,0
15578865,632,Fair,Germany,Female,41-50,5,107959.39,High Balance,1,1,1,6985.34,Low Salary,1
15605672,694,Good,France,Female,31-40,5,195926.39,Very High Balance,1,1,1,85522.84,Medium Salary,0
15603674,803,Excellent,France,Male,31-40,1,0,Zero Balance,2,1,1,149370.93,High Salary,0
15759915,814,Excellent,France,Female,31-40,6,87772.52,Medium Balance,1,1,0,188516.45,Very High salary,0
15686219,611,Fair,France,Male,31-40,4,71018.6,Medium Balance,2,1,0,2444.29,Low Salary,0
15696388,755,Very Good,Germany,Male,31-40,4,111096.91,High Balance,1,1,1,19762.88,Low Salary,0
15713604,425,Poor,Germany,Male,31-40,9,166776.6,Very High Balance,2,0,1,172646.88,Very High salary,0
15647800,850,Excellent,France,Female,31-40,6,101266.51,High Balance,1,1,0,33501.98,Low Salary,0
15813451,677,Good,Spain,Male,0-20,8,134796.87,High Balance,2,1,1,114858.9,High Salary,0
15765375,797,Very Good,France,Female,41-50,8,0,Zero Balance,1,0,0,162668.33,Very High salary,0
15774586,692,Good,Germany,Female,41-50,10,118588.83,High Balance,1,1,1,161241.65,Very High salary,1
15603454,735,Good,Germany,Male,21-30,5,160454.15,Very High Balance,2,0,1,114957.22,High Salary,0
15653037,609,Fair,France,Male,60+,1,0,Zero Balance,1,0,1,18708.76,Low Salary,0
15782475,700,Good,France,Female,41-50,8,0,Zero Balance,2,1,1,105305.72,High Salary,0
15593496,526,Poor,Spain,Female,31-40,5,91132.18,Medium Balance,1,0,0,58111.71,Medium Salary,0
15808971,693,Good,Spain,Female,51-60,9,0,Zero Balance,2,1,1,135502.77,High Salary,0
15791972,748,Very Good,France,Female,0-20,7,0,Zero Balance,2,0,0,10792.42,Low Salary,0
15676869,657,Fair,Spain,Male,31-40,8,0,Zero Balance,2,0,1,123866.43,High Salary,0
15683007,739,Good,Germany,Female,21-30,5,113113.12,High Balance,1,1,0,129181.27,High Salary,0
15659495,784,Very Good,Spain,Male,21-30,2,0,Zero Balance,1,1,1,6847.73,Low Salary,0
15703923,744,Very Good,Germany,Male,41-50,7,190409.34,Very High Balance,2,1,1,138361.48,High Salary,0
15674000,645,Fair,France,Male,41-50,10,0,Zero Balance,2,0,1,166707.22,Very High salary,0
15618171,669,Fair,France,Female,31-40,9,0,Zero Balance,2,0,1,107221.03,High Salary,0
15732202,615,Fair,France,Male,31-40,1,83503.11,Medium Balance,2,1,1,73124.53,Medium Salary,1
15735078,724,Good,Germany,Female,51-60,1,139687.66,High Balance,2,1,1,12913.92,Low Salary,0
15798615,850,Excellent,France,Female,41-50,9,137301.87,High Balance,1,1,0,44351.77,Low Salary,0
15638494,625,Fair,Germany,Female,31-40,10,129845.26,High Balance,1,1,1,96444.88,Medium Salary,0
15763874,635,Fair,Spain,Male,41-50,8,0,Zero Balance,2,1,1,60739.16,Medium Salary,0
15696355,724,Good,Germany,Male,31-40,6,125489.4,High Balance,1,1,0,118570.53,High Salary,0
15655952,550,Poor,France,Male,41-50,2,0,Zero Balance,2,1,1,97057.28,Medium Salary,0
15739850,645,Fair,France,Male,41-50,6,155417.61,Very High Balance,1,0,1,3449.22,Low Salary,0
15611338,714,Good,Spain,Male,21-30,4,0,Zero Balance,2,1,1,37605.9,Low Salary,0
15707861,520,Poor,France,Female,41-50,10,85216.61,Medium Balance,1,1,0,117369.52,High Salary,1
15672237,633,Fair,France,Male,21-30,1,0,Zero Balance,1,1,0,100598.98,High Salary,0
15657771,537,Poor,France,Male,31-40,6,0,Zero Balance,1,1,1,17802.42,Low Salary,0
15677783,764,Very Good,Spain,Male,31-40,4,113607.47,High Balance,1,1,0,91094.46,Medium Salary,0
15681026,795,Very Good,Germany,Female,31-40,9,104552.72,High Balance,1,1,1,120853.83,High Salary,1
15566543,573,Poor,Spain,Male,41-50,9,0,Zero Balance,2,1,0,107124.17,High Salary,0
15594612,702,Good,Spain,Male,41-50,9,0,Zero Balance,1,0,0,59207.41,Medium Salary,1
15814664,740,Very Good,Germany,Male,31-40,2,126524.11,High Balance,1,1,0,136869.31,High Salary,0
15642785,479,Poor,France,Male,31-40,5,117593.48,High Balance,2,0,0,113308.29,High Salary,0
15690164,627,Fair,Germany,Female,31-40,4,83199.05,Medium Balance,1,0,0,159334.93,Very High salary,0
15590213,479,Poor,Spain,Male,31-40,4,125920.98,High Balance,1,1,1,20393.44,Low Salary,0
15603794,623,Fair,France,Male,41-50,5,118469.38,High Balance,1,1,1,158590.25,Very High salary,0
15733491,512,Poor,Germany,Female,31-40,8,153537.57,Very High Balance,2,0,0,23101.13,Low Salary,0
15806360,609,Fair,France,Male,41-50,6,0,Zero Balance,1,0,1,112585.19,High Salary,0
15587133,518,Poor,France,Male,41-50,7,151027.05,Very High Balance,2,1,0,119377.36,High Salary,0
15721377,833,Excellent,France,Female,31-40,3,144751.81,High Balance,1,0,0,166472.81,Very High salary,0
15747927,758,Very Good,France,Male,21-30,4,155739.76,Very High Balance,1,1,0,171552.02,Very High salary,0
15806455,611,Fair,France,Male,21-30,7,0,Zero Balance,2,1,1,157474.1,Very High salary,0
15695474,583,Fair,France,Male,31-40,7,122531.86,High Balance,1,1,0,13549.24,Low Salary,0
15666295,610,Fair,Germany,Male,41-50,1,113957.01,High Balance,2,1,0,196526.55,Very High salary,1
15656062,637,Fair,France,Female,31-40,7,103377.81,High Balance,1,1,0,84419.78,Medium Salary,0
15579969,683,Good,France,Female,31-40,9,0,Zero Balance,2,1,1,24991.92,Low Salary,0
15703563,774,Very Good,France,Male,31-40,9,93017.47,Medium Balance,2,1,0,191608.97,Very High salary,0
15692664,677,Good,France,Female,51-60,1,90022.85,Medium Balance,1,0,1,2988.28,Low Salary,0
15719276,741,Very Good,Spain,Male,31-40,6,74371.49,Medium Balance,1,0,0,99595.67,Medium Salary,0
15672754,498,Poor,Germany,Male,41-50,3,152039.7,Very High Balance,1,1,1,53445.17,Medium Salary,1
15768163,655,Fair,Germany,Female,41-50,7,137145.12,High Balance,1,1,0,115146.4,High Salary,1
15656710,613,Fair,France,Male,31-40,4,0,Zero Balance,1,0,0,151325.24,Very High salary,0
15696175,602,Fair,Germany,Male,31-40,7,90602.42,Medium Balance,2,1,1,51695.41,Medium Salary,0
15586914,659,Fair,France,Male,31-40,6,123841.49,High Balance,2,1,0,96833,Medium Salary,0
15581736,673,Good,Germany,Male,41-50,1,183579.54,Very High Balance,2,0,1,34047.54,Low Salary,0
15588839,606,Fair,Spain,Male,21-30,8,180307.73,Very High Balance,2,1,1,1914.41,Low Salary,0
15589329,775,Very Good,France,Male,21-30,4,0,Zero Balance,2,1,0,49337.84,Low Salary,0
15605622,841,Excellent,Spain,Male,21-30,4,0,Zero Balance,2,1,1,179436.6,Very High salary,0
15798964,714,Good,Germany,Male,31-40,3,35016.6,Low Balance,1,1,0,53667.08,Medium Salary,0
15769959,597,Fair,France,Female,51-60,4,88381.21,Medium Balance,1,1,0,69384.71,Medium Salary,1
15657105,726,Good,Spain,Male,31-40,2,0,Zero Balance,1,1,0,195192.4,Very High salary,0
15569266,644,Fair,France,Male,21-30,7,155060.41,Very High Balance,1,1,0,29179.52,Low Salary,0
15719294,800,Excellent,France,Female,21-30,2,0,Zero Balance,2,0,0,167773.55,Very High salary,0
15606229,771,Very Good,France,Male,31-40,5,0,Zero Balance,2,1,0,96270.64,Medium Salary,0
15569892,516,Poor,France,Male,31-40,10,57369.61,Medium Balance,1,1,1,101699.77,High Salary,0
15584532,709,Good,France,Female,31-40,7,0,Zero Balance,1,0,1,42085.58,Low Salary,1
15682355,772,Very Good,Germany,Male,41-50,3,75075.31,Medium Balance,2,1,0,92888.52,Medium Salary,1
15628319,792,Very Good,France,Female,21-30,4,130142.79,High Balance,1,1,0,38190.78,Low Salary,0
